Object ID,Date,Year,Price,Log Price,Postcode,Housing Type,New Build,Number of Turbines in View,Can View Turbines?,Buffer Group,2011-2014 (1)/2014-2017(2)/2017-2020(3)
01A1E081-E230-4760-B260-91C238030573,14/09/2012,2012,250000,5.397940009,DN17 4EE,D,N,16,Yes,3,1
02FC3B2B-74ED-4101-8A0F-D64D4CDC926C,04/09/2015,2015,193000,5.285557309,DN15 8TA,D,N,16,Yes,4,2
037B8692-C495-420D-B578-08615332A106,22/03/2013,2013,150000,5.176091259,DN14 9EP,D,N,16,Yes,3,1
004E6649-1A1F-429C-BAD0-6093A1A3BC8B,25/11/2011 00:00,2011,250000,5.397940009,DN9 1GX,D,Y,,,4,1
04C4D243-CDA0-49F8-853E-6E6AFDEE731B,05/01/2011,2011,160000,5.204119983,DN17 3HA,D,N,16,Yes,4,1
0513DE74-5D9B-4537-BF34-ED8242B3DD1E,12/01/2012,2012,210000,5.322219295,DN14 8EY,D,N,16,Yes,3,1
06CC5150-46DB-44EE-AD88-ED177A966810,31/05/2012,2012,269950,5.431283332,DN14 7GP,D,Y,16,Yes,4,1
093144F9-6158-4C6B-8E53-7783F67A2113,02/04/2015,2015,148000,5.170261715,DN7 4GA,D,N,16,Yes,4,2
09BA0DF5-5C2E-4B61-941E-B5950EA932FF,28/08/2013,2013,170000,5.230448921,DN14 6JU,D,N,16,Yes,3,1
0A65574F-9AA0-4455-9F4E-1AE682970A88,14/01/2013,2013,124000,5.093421685,DN14 6YF,D,N,16,Yes,3,1
0B260813-B7A0-45C7-B807-267F4067C428,14/08/2015,2015,137500,5.138302698,DN7 5BE,D,Y,16,Yes,4,2
0CA1A093-411E-46B9-8823-6112349B758E,05/09/2014,2014,120000,5.079181246,DN17 4DL,D,N,16,Yes,3,2
0CEF9706-A07E-4554-B0B2-ED06DD529E20,21/02/2014,2014,153000,5.184691431,DN14 6WD,D,N,16,Yes,3,2
0D27F8D6-8A4C-4FB9-BCE4-5298C30738A2,05/12/2014,2014,384950,5.585404324,DN14 7BX,D,Y,16,Yes,3,2
0E626BD5-D36B-4464-8AB3-C3A5870EA162,23/12/2011,2011,250000,5.397940009,DN17 4EE,D,N,16,Yes,3,1
0EFEAE38-9F24-4C9C-A4AB-03ADBAB30BD6,29/09/2014,2014,1544000,6.188647296,DN14 7JY,D,N,16,Yes,4,2
0F3C56DE-5122-4358-808F-DFC88015212E,19/05/2011,2011,350000,5.544068044,DN14 7QX,D,N,16,Yes,4,1
1071092C-2496-4132-9522-FEE0833C69DC,20/01/2015,2015,510000,5.707570176,DN14 7BX,D,N,16,Yes,3,2
10F91F9F-A5F9-493C-8C73-C3718ED85382,12/04/2011,2011,100000,5,DN14 9EP,D,N,16,Yes,3,1
1197EA6F-7C71-4E5A-B495-71DFD9BF308B,24/05/2013,2013,241000,5.382017043,DN14 7FN,D,N,16,Yes,3,1
12CC15E3-4FD6-4AA4-AD04-6EFE299BDEAA,06/09/2013,2013,104000,5.017033339,DN15 8UR,D,N,16,Yes,4,1
14A667FB-E8A9-42FC-B825-726F52D70620,12/07/2013,2013,130000,5.113943352,DN14 6WD,D,N,16,Yes,3,1
1749AB34-7092-4812-9FB2-9DE82347C829,14/05/2013,2013,175000,5.243038049,DN15 9HA,D,N,16,Yes,4,1
18175FD9-D05D-4F29-A55D-C83629EA9B5D,16/12/2011,2011,245000,5.389166084,DN14 7GP,D,Y,16,Yes,4,1
197D9359-8F7A-4029-8B63-138C8CC8A29B,28/08/2013,2013,198000,5.29666519,DN14 6FG,D,N,16,Yes,3,1
1B5B6E8E-22EC-41A3-9716-FD520391BEFD,13/11/2014,2014,145000,5.161368002,DN7 4GA,D,Y,16,Yes,4,2
1B876493-C2E8-44E5-B221-0A49D2FECCEE,20/06/2013,2013,245000,5.389166084,DN15 8EL,D,N,16,Yes,4,1
1BBEAE99-9FD4-4AA6-B5FF-44555F305189,15/05/2015,2015,198000,5.29666519,DN17 4TF,D,N,16,Yes,3,2
1CA17F07-0F8D-4610-87D2-A234E0DCDE67,12/11/2014,2014,325000,5.511883361,DN14 7DL,D,N,16,Yes,3,2
1EF7116D-F4E4-46CF-9B1A-142149558F07,20/06/2014,2014,263000,5.419955748,DN14 7GP,D,N,16,Yes,4,2
1EFAFD33-E04C-498B-9C52-947A8E8437BD,02/05/2014,2014,194000,5.28780173,DN14 8HQ,D,N,16,Yes,3,2
1F22C62A-701F-42F4-A687-CD765CF35CF8,01/12/2014,2014,138500,5.141449773,DN17 4DL,D,N,16,Yes,3,2
216B4F08-635E-4B3B-B044-1525E7463D87,27/06/2014,2014,359950,5.556242178,DN14 7BX,D,Y,16,Yes,3,2
2172292E-DF86-48EC-BB91-1FEF4E932529,25/06/2015,2015,182000,5.260071388,DN14 6FD,D,N,16,Yes,3,2
23B6165E-5F66-FCF4-E050-A8C0620577FA,25/09/2015,2015,166000,5.220108088,DN15 9DR,D,N,16,Yes,4,2
23B6165E-6078-FCF4-E050-A8C0620577FA,05/10/2015,2015,129950,5.113776284,DN15 8UT,D,N,16,Yes,4,2
23B6165E-608F-FCF4-E050-A8C0620577FA,09/09/2015,2015,123000,5.089905111,DN15 8UT,D,N,16,Yes,4,2
23B6165F-2E03-FCF4-E050-A8C0620577FA,23/10/2015,2015,250000,5.397940009,DN14 7GU,D,N,16,Yes,4,2
23B6165F-2E49-FCF4-E050-A8C0620577FA,18/09/2015,2015,230000,5.361727836,DN14 6BH,D,Y,16,Yes,3,2
23B6165F-2E60-FCF4-E050-A8C0620577FA,25/09/2015,2015,200000,5.301029996,DN14 6BH,D,Y,16,Yes,3,2
23B6165F-2E69-FCF4-E050-A8C0620577FA,02/10/2015,2015,175000,5.243038049,DN14 6BH,D,Y,16,Yes,3,2
23B6165F-2E6C-FCF4-E050-A8C0620577FA,16/10/2015,2015,175000,5.243038049,DN14 6BH,D,Y,16,Yes,3,2
241A4A53-DC83-706B-E050-A8C06205638B,23/10/2015,2015,365000,5.562292864,DN14 7QX,D,N,16,Yes,4,2
241A4A53-DCA7-706B-E050-A8C06205638B,29/10/2015,2015,250000,5.397940009,DN14 6BH,D,Y,16,Yes,3,2
245ACB7A-7BB2-41DC-8E41-28CB10BAB838,11/12/2014,2014,449950,5.653164256,DN14 7BX,D,Y,16,Yes,3,2
24AD96D6-31EB-4B83-B792-419F38C062BE,04/11/2011,2011,485000,5.685741739,DN17 4PL,D,N,16,Yes,3,1
258A0F8F-4951-4C8F-A3C9-51754C88D7E0,16/06/2014,2014,310000,5.491361694,DN15 9DA,D,N,16,Yes,4,2
25EA59F9-CD47-4D50-E050-A8C0630562D0,30/09/2015,2015,400000,5.602059991,HU15 2TB,D,N,16,Yes,4,2
25EA59F9-CD4C-4D50-E050-A8C0630562D0,05/11/2015,2015,266000,5.424881637,DN15 8EQ,D,N,16,Yes,4,2
25EA59F9-CE48-4D50-E050-A8C0630562D0,20/10/2015,2015,194000,5.28780173,DN15 8TA,D,N,16,Yes,4,2
25EA59F9-CE89-4D50-E050-A8C0630562D0,05/11/2015,2015,363500,5.560504415,DN9 1QD,D,N,16,Yes,4,2
25EA59F9-CEA8-4D50-E050-A8C0630562D0,22/10/2015,2015,385000,5.58546073,DN9 1PS,D,N,16,Yes,4,2
25EA59F9-CECB-4D50-E050-A8C0630562D0,16/10/2015,2015,256000,5.408239965,DN17 4GJ,D,N,16,Yes,3,2
25EA59F9-CF57-4D50-E050-A8C0630562D0,21/09/2015,2015,118000,5.071882007,DN15 8UT,D,N,16,Yes,4,2
25EA59FA-35B1-4D50-E050-A8C0630562D0,13/11/2015,2015,85000,4.929418926,DN8 5BP,D,N,16,Yes,3,2
25EA59FA-379A-4D50-E050-A8C0630562D0,13/11/2015,2015,140000,5.146128036,DN7 4GB,D,N,16,Yes,4,2
25EA59FA-6B1E-4D50-E050-A8C0630562D0,30/10/2015,2015,242950,5.385516903,DN14 7GP,D,N,16,Yes,4,2
264353C9-A267-42DA-B83A-B3F75F0DF841,26/09/2014,2014,359950,5.556242178,DN14 7BX,D,Y,16,Yes,3,2
288DCE29-38C2-E510-E050-A8C06205480E,11/12/2015,2015,240000,5.380211242,DN14 8HQ,D,N,16,Yes,3,2
288DCE29-39CA-E510-E050-A8C06205480E,01/12/2015,2015,180000,5.255272505,DN15 8TA,D,N,16,Yes,4,2
288DCE29-3A9E-E510-E050-A8C06205480E,27/11/2015,2015,179500,5.254064453,DN9 1NE,D,N,16,Yes,4,2
288DCE2A-03BF-E510-E050-A8C06205480E,12/11/2015,2015,250000,5.397940009,DN14 6BF,D,Y,16,Yes,3,2
2A289EA0-B2EF-CDC8-E050-A8C063054829,28/06/2012,2012,136000,5.133538908,DN7 4HJ,D,N,16,Yes,4,1
2A95244C-0C28-4AAC-804D-7A0599B888D2,13/08/2014,2014,147000,5.167317335,DN15 9BZ,D,N,16,Yes,4,2
2AC10E4F-947D-1AF6-E050-A8C063052BA1,04/12/2015,2015,147500,5.16879202,DN15 8FB,D,N,16,Yes,4,2
2AC10E4F-9494-1AF6-E050-A8C063052BA1,15/12/2015,2015,232000,5.365487985,DN17 4EZ,D,N,16,Yes,3,2
2AC10E4F-95DC-1AF6-E050-A8C063052BA1,15/01/2016,2016,117000,5.068185862,DN15 8UT,D,N,16,Yes,4,2
2AC10E50-117B-1AF6-E050-A8C063052BA1,29/05/2015,2015,152000,5.181843588,DN8 4BA,D,N,16,Yes,3,2
2AC10E50-13D5-1AF6-E050-A8C063052BA1,05/01/2016,2016,150000,5.176091259,DN8 5GH,D,N,16,Yes,3,2
2AC10E50-1628-1AF6-E050-A8C063052BA1,22/05/2015,2015,135000,5.130333768,DN7 5BE,D,Y,16,Yes,4,2
2AC10E50-501A-1AF6-E050-A8C063052BA1,23/12/2015,2015,420000,5.62324929,DN14 7QX,D,N,16,Yes,4,2
2BB55091-8307-4600-B93F-9AA4F9A13B88,25/11/2011,2011,400000,5.602059991,DN8 5QT,D,N,16,Yes,3,1
2C528C8F-B40E-49DA-B89B-D91878DC600E,14/05/2013,2013,110000,5.041392685,DN15 9HN,D,N,16,Yes,4,1
2D1E4B26-6267-FCD1-E050-A8C0630544EC,15/01/2016,2016,290000,5.462397998,DN15 8JA,D,N,16,Yes,4,2
2D1E4B26-62DC-FCD1-E050-A8C0630544EC,05/02/2016,2016,190000,5.278753601,DN15 8TA,D,N,16,Yes,4,2
2D1E4B26-63F6-FCD1-E050-A8C0630544EC,21/12/2015,2015,250000,5.397940009,DN17 4EE,D,N,16,Yes,3,2
2D1E4B26-D577-FCD1-E050-A8C0630544EC,05/02/2016,2016,128000,5.10720997,DN8 4NX,D,N,16,Yes,3,2
2D1E4B27-1087-FCD1-E050-A8C0630544EC,22/01/2016,2016,293000,5.46686762,DN14 7QX,D,N,16,Yes,4,2
2D1E4B27-10CC-FCD1-E050-A8C0630544EC,15/02/2016,2016,360000,5.556302501,DN14 7QX,D,N,16,Yes,4,2
2D2CB1EE-FF43-48D3-8932-496793814B7A,22/06/2011,2011,165000,5.217483944,DN8 4AW,D,N,16,Yes,3,1
2DC34698-B3A5-4FE3-9424-B031D218C8E4,29/03/2011,2011,280000,5.447158031,DN14 5JB,D,N,16,Yes,2,1
2DE2BF5A-73D5-42A4-96A5-E02534FC09E2,15/01/2013,2013,177500,5.249198357,DN15 9HB,D,N,16,Yes,4,1
2EDA36CE-84EC-4443-A31E-B931315A2B55,18/05/2012,2012,181000,5.257678575,DN14 7DL,D,N,16,Yes,3,1
2EE662E2-CE33-4927-8E1C-2B61046CF718,21/04/2011,2011,285000,5.45484486,DN14 8LB,D,N,16,Yes,3,1
2FBE27E0-EFD0-4086-846E-0B9AF41E5E78,26/06/2015,2015,165000,5.217483944,DN8 5SX,D,N,16,Yes,4,2
2FD36065-9AC8-4BF8-E050-A8C0620562B1,23/03/2016,2016,261500,5.417471693,DN15 8JA,D,N,16,Yes,4,2
2FD36065-9BDA-4BF8-E050-A8C0620562B1,26/02/2016,2016,250000,5.397940009,DN17 4GA,D,N,16,Yes,3,2
2FD36066-1252-4BF8-E050-A8C0620562B1,11/03/2016,2016,194950,5.28992324,DN8 5LG,D,N,16,Yes,3,2
2FD36066-12D6-4BF8-E050-A8C0620562B1,29/02/2016,2016,186250,5.270096281,DN8 5BL,D,N,16,Yes,3,2
2FD36066-4AED-4BF8-E050-A8C0620562B1,05/02/2016,2016,240000,5.380211242,HU15 2TB,D,N,16,Yes,4,2
2FD36066-4B21-4BF8-E050-A8C0620562B1,11/11/2015,2015,234000,5.369215857,DN14 7GP,D,N,16,Yes,4,2
30229132-8BE1-4FA3-9D1A-93A42C340A51,26/11/2013,2013,170000,5.230448921,DN15 8EQ,D,N,16,Yes,4,1
30A6A2B2-EB16-471D-BEF7-65704A84C99D,27/06/2014,2014,378000,5.5774918,DN14 7BX,D,Y,16,Yes,3,2
3167BFEE-73D3-493D-943A-7486AD8B3AC2,17/05/2013,2013,145500,5.162862993,DN17 4EZ,D,N,16,Yes,3,1
31FB4C17-684F-57B9-E050-A8C063053436,21/03/2016,2016,215000,5.33243846,DN14 8HY,D,N,16,Yes,4,2
31FB4C17-68A9-57B9-E050-A8C063053436,08/04/2016,2016,163000,5.212187604,DN14 6JU,D,N,16,Yes,3,2
31FB4C17-69AD-57B9-E050-A8C063053436,18/03/2016,2016,358250,5.554186199,DN14 7LZ,D,N,16,Yes,4,2
31FB4C17-69C7-57B9-E050-A8C063053436,07/08/2015,2015,256000,5.408239965,DN14 7NJ,D,N,16,Yes,4,2
31FB4C17-6A47-57B9-E050-A8C063053436,01/03/2016,2016,260000,5.414973348,DN17 4GA,D,N,16,Yes,3,2
31FB4C17-6BDD-57B9-E050-A8C063053436,18/03/2016,2016,129000,5.11058971,DN15 8UT,D,N,16,Yes,4,2
31FB4C18-04C3-57B9-E050-A8C063053436,15/04/2016,2016,131000,5.117271296,DN8 4PG,D,N,16,Yes,3,2
31FB4C18-0629-57B9-E050-A8C063053436,31/03/2016,2016,350000,5.544068044,DN6 0HL,D,N,16,Yes,4,2
31FB4C18-063B-57B9-E050-A8C063053436,31/03/2016,2016,150000,5.176091259,DN7 4GA,D,N,16,Yes,4,2
31FB4C18-4F38-57B9-E050-A8C063053436,08/01/2016,2016,270000,5.431363764,DN14 5PN,D,N,16,Yes,3,2
324C2DAF-A306-4EBE-8D9E-E6E19D375DE6,08/03/2013,2013,110000,5.041392685,DN14 9EP,D,N,16,Yes,3,1
32D5D020-8D25-4626-9C17-9058754DBD8E,15/07/2015,2015,220000,5.342422681,DN14 6FB,D,N,16,Yes,3,2
330820A1-4B40-45E3-BFC7-8372C4282E24,12/07/2013,2013,148000,5.170261715,DN17 4LZ,D,N,16,Yes,3,1
33BE3A5B-3F0F-4561-970B-D21E4FB069E1,10/12/2014,2014,135500,5.131939295,DN8 4PG,D,N,16,Yes,3,2
34428D7E-1C9F-B86C-E050-A8C06205059C,20/04/2016,2016,250000,5.397940009,DN14 8HQ,D,N,16,Yes,3,2
34428D7E-1DCD-B86C-E050-A8C06205059C,16/05/2016,2016,190000,5.278753601,DN15 8US,D,N,16,Yes,4,2
34428D7E-1DE3-B86C-E050-A8C06205059C,29/04/2016,2016,159995,5.204106411,DN17 4DL,D,N,16,Yes,3,2
34428D7E-BE55-B86C-E050-A8C06205059C,20/05/2016,2016,140000,5.146128036,DN14 9EP,D,N,16,Yes,3,2
349912C3-D036-4824-87DA-AC83CBE43C2F,27/09/2012,2012,188000,5.274157849,DN14 5YL,D,N,16,Yes,2,1
34D3C9EC-A99A-4B7E-A3C6-E351D7534BAC,25/02/2014,2014,129000,5.11058971,DN15 8UT,D,N,16,Yes,4,2
369DFB15-C8D8-3A19-E050-A8C0620518C6,06/05/2016,2016,178000,5.250420002,DN14 7QB,D,N,16,Yes,4,2
369DFB15-C90F-3A19-E050-A8C0620518C6,10/06/2016,2016,230000,5.361727836,DN14 6YH,D,N,16,Yes,3,2
369DFB15-CA42-3A19-E050-A8C0620518C6,02/06/2016,2016,226500,5.355068206,DN17 4RD,D,N,16,Yes,3,2
369DFB16-7843-3A19-E050-A8C0620518C6,27/05/2016,2016,164000,5.214843848,DN14 6WD,D,N,16,Yes,3,2
3758CE67-323F-4CEA-BA91-DA0191853E9A,29/09/2014,2014,595000,5.774516966,DN14 7JY,D,N,16,Yes,4,2
39140479-BA70-3206-E050-A8C063057647,29/06/2016,2016,181500,5.258876629,DN9 1PT,D,N,16,Yes,4,2
39140479-BB0A-3206-E050-A8C063057647,11/07/2016,2016,190000,5.278753601,DN14 6JU,D,N,16,Yes,3,2
39140479-BC0A-3206-E050-A8C063057647,01/06/2016,2016,193000,5.285557309,DN15 8TA,D,N,16,Yes,4,2
39140479-BC24-3206-E050-A8C063057647,12/07/2016,2016,288000,5.459392488,DN17 4EZ,D,N,16,Yes,3,2
39140479-BC36-3206-E050-A8C063057647,28/06/2016,2016,274995,5.439324797,DN17 4GA,D,N,16,Yes,3,2
39140479-BC65-3206-E050-A8C063057647,03/06/2016,2016,235000,5.371067862,DN15 8US,D,N,16,Yes,4,2
3914047A-35D6-3206-E050-A8C063057647,17/06/2016,2016,320000,5.505149978,DN14 9AN,D,N,16,Yes,4,2
3914047A-3774-3206-E050-A8C063057647,30/06/2016,2016,165000,5.217483944,DN7 4GA,D,N,16,Yes,4,2
3914047A-380C-3206-E050-A8C063057647,17/06/2016,2016,161000,5.206825876,DN7 4GA,D,N,16,Yes,4,2
3914047A-72D0-3206-E050-A8C063057647,15/07/2016,2016,226000,5.354108439,DN14 5PP,D,N,16,Yes,3,2
396E66DD-94BB-48C5-864E-542337F8F77D,22/06/2015,2015,180000,5.255272505,DN17 4AA,D,N,16,Yes,4,2
3B7E0B8F-F29B-EA99-E050-A8C062057E77,05/08/2016,2016,183000,5.26245109,DN17 4EZ,D,N,16,Yes,3,2
3B7E0B8F-F439-EA99-E050-A8C062057E77,20/05/2016,2016,190000,5.278753601,DN9 1PN,D,N,16,Yes,4,2
3B7E0B8F-F492-EA99-E050-A8C062057E77,05/08/2016,2016,240000,5.380211242,DN14 8HL,D,N,16,Yes,3,2
3B7E0B8F-F57B-EA99-E050-A8C062057E77,27/04/2016,2016,165000,5.217483944,DN15 9HA,D,N,16,Yes,4,2
3B7E0B90-4473-EA99-E050-A8C062057E77,28/07/2016,2016,350000,5.544068044,YO8 8RF,D,N,16,Yes,4,2
3B7E0B90-74E8-EA99-E050-A8C062057E77,29/07/2016,2016,158000,5.198657087,DN7 4GA,D,N,16,Yes,4,2
3B9182DB-C54D-4BF0-B35A-C2B8E1A39034,11/11/2011,2011,160000,5.204119983,YO8 6ES,D,N,16,Yes,4,1
3C6CB2F7-701D-40D6-A565-C7EADA3520B2,18/02/2011,2011,124950,5.09673626,DN15 9DX,D,N,16,Yes,4,1
3C745E50-8CEA-428A-A8EF-6EF8845408E5,27/04/2012,2012,104000,5.017033339,DN14 5UL,D,Y,16,Yes,2,1
3D080B6F-4438-4559-9D8E-046CD4B7B0B5,19/04/2013,2013,154950,5.190191581,DN17 4AS,D,N,16,Yes,4,1
3DCFCE7F-9738-42C3-BE8E-6598342B0335,19/09/2014,2014,250000,5.397940009,DN15 8EQ,D,N,16,Yes,4,2
3E0330EF-DAB6-8D89-E050-A8C062052140,24/08/2016,2016,280000,5.447158031,DN17 4EE,D,N,16,Yes,3,2
3E0330EF-DB13-8D89-E050-A8C062052140,16/09/2016,2016,142500,5.153814864,DN15 9DX,D,N,16,Yes,4,2
3E0330EF-DB89-8D89-E050-A8C062052140,10/08/2016,2016,215000,5.33243846,DN14 6YF,D,N,16,Yes,3,2
3E0330EF-DBFB-8D89-E050-A8C062052140,02/09/2016,2016,164000,5.214843848,DN15 8TA,D,N,16,Yes,4,2
3E0330EF-DC11-8D89-E050-A8C062052140,22/07/2016,2016,191000,5.281033367,DN15 8TA,D,N,16,Yes,4,2
3E0330F0-62C5-8D89-E050-A8C062052140,18/08/2016,2016,149000,5.173186268,DN8 5BL,D,N,16,Yes,3,2
3EC2908E-1FC6-4616-B0B4-504DC252A035,07/05/2015,2015,195000,5.290034611,DN15 8UX,D,N,16,Yes,4,2
3F26DC25-D904-406F-A7DB-85B2BD17EF94,26/09/2014,2014,349950,5.544005998,DN14 7BX,D,Y,16,Yes,3,2
3FB3F72C-B2A9-4EFF-B2FE-C7678B57762D,22/07/2011,2011,215000,5.33243846,DN14 8HQ,D,N,16,Yes,3,1
3FC9DB88-2813-456E-8C85-FF3E9BEFB82A,21/08/2015,2015,239000,5.378397901,DN14 6FB,D,N,16,Yes,3,2
404A5AF3-8DD5-CD2B-E050-A8C063055C7B,14/09/2016,2016,218000,5.338456494,DN14 8HR,D,N,16,Yes,4,2
404A5AF3-8DEB-CD2B-E050-A8C063055C7B,30/09/2016,2016,218000,5.338456494,DN17 4NA,D,N,16,Yes,3,2
404A5AF3-8E64-CD2B-E050-A8C063055C7B,16/09/2016,2016,233000,5.367355921,DN15 9BZ,D,N,16,Yes,4,2
404A5AF3-8E65-CD2B-E050-A8C063055C7B,26/05/2016,2016,132500,5.122215878,DN14 6YF,D,N,16,Yes,3,2
404A5AF3-8E8A-CD2B-E050-A8C063055C7B,07/10/2016,2016,190000,5.278753601,DN15 9HN,D,N,16,Yes,4,2
404A5AF3-8F2C-CD2B-E050-A8C063055C7B,30/09/2016,2016,184000,5.264817823,DN15 8UX,D,N,16,Yes,4,2
404A5AF4-4969-CD2B-E050-A8C063055C7B,08/06/2016,2016,160000,5.204119983,DN14 5TP,D,N,16,Yes,2,2
404A5AF4-49BB-CD2B-E050-A8C063055C7B,30/09/2016,2016,175000,5.243038049,DN14 6LR,D,N,16,Yes,3,2
41B32BB3-1097-4B29-A85C-4D7A59A7BDE3,02/04/2015,2015,250000,5.397940009,DN14 6LY,D,N,16,Yes,3,2
41ECA2A0-F3CC-4BE2-943D-989C711FBD5B,23/03/2012,2012,163000,5.212187604,DN14 9EY,D,N,16,Yes,3,1
42A5A709-4312-56E8-E050-A8C06205331E,04/11/2016,2016,205000,5.311753861,DN8 5TA,D,N,16,Yes,4,2
42A5A709-4320-56E8-E050-A8C06205331E,21/10/2016,2016,98000,4.991226076,DN17 4DL,D,N,16,Yes,3,2
42A5A709-4329-56E8-E050-A8C06205331E,24/10/2016,2016,157000,5.195899652,DN17 4DL,D,N,16,Yes,3,2
42A5A709-C558-56E8-E050-A8C06205331E,21/11/2016,2016,160500,5.205475037,DN7 4GA,D,N,16,Yes,4,2
42A5A70A-059B-56E8-E050-A8C06205331E,08/07/2016,2016,240000,5.380211242,DN14 6LZ,D,Y,16,Yes,3,2
42C4DE37-8DF8-4213-85E1-F8B46E922553,03/06/2011,2011,249950,5.397853141,DN14 7GP,D,Y,16,Yes,4,1
4315C0DE-7CCE-463A-9ED9-FFC881E3BDAE,22/12/2014,2014,135000,5.130333768,DN7 5BE,D,Y,16,Yes,4,2
4420F0C3-43F4-4841-AABA-B9E3C5A3FFDD,23/08/2013,2013,240000,5.380211242,DN14 8ST,D,N,16,Yes,3,1
453D27A3-192D-EF91-E050-A8C0630574D7,02/12/2016,2016,180000,5.255272505,DN15 9HN,D,N,16,Yes,4,2
453D27A3-19F2-EF91-E050-A8C0630574D7,09/12/2016,2016,205000,5.311753861,DN14 7PH,D,N,16,Yes,4,2
453D27A3-1A64-EF91-E050-A8C0630574D7,16/12/2016,2016,235000,5.371067862,DN17 4GA,D,N,16,Yes,3,2
453D27A3-1ACD-EF91-E050-A8C0630574D7,02/12/2016,2016,284000,5.45331834,DN17 4GJ,D,N,16,Yes,3,2
453D27A3-8E57-EF91-E050-A8C0630574D7,18/11/2016,2016,153000,5.184691431,DN8 4AW,D,N,16,Yes,3,2
453D27A3-909C-EF91-E050-A8C0630574D7,30/11/2016,2016,365000,5.562292864,DN8 5RZ,D,N,16,Yes,3,2
453D27A3-CAC3-EF91-E050-A8C0630574D7,25/11/2016,2016,265000,5.423245874,DN14 8AD,D,N,16,Yes,1,2
453D27A3-CB4B-EF91-E050-A8C0630574D7,23/11/2016,2016,285000,5.45484486,DN14 7EJ,D,N,16,Yes,3,2
457FBE0B-B686-497C-8A2C-92ED9A188DE8,16/07/2012,2012,340000,5.531478917,DN14 7QX,D,N,16,Yes,4,1
45F0F10A-2424-4767-BA11-02A43A52EF5B,27/11/2014,2014,399950,5.602005701,DN14 7BX,D,Y,16,Yes,3,2
4634BC56-A3F2-41A0-94CF-F50B58FA8DEE,17/03/2015,2015,142000,5.152288344,DN17 4DL,D,N,16,Yes,3,2
47844C7F-DA5F-8986-E050-A8C063056488,20/12/2016,2016,325000,5.511883361,DN15 9DA,D,N,16,Yes,4,2
47844C7F-DAFF-8986-E050-A8C063056488,25/01/2017,2017,137500,5.138302698,DN15 8PN,D,N,16,Yes,4,3
47844C7F-DBE0-8986-E050-A8C063056488,16/12/2016,2016,240000,5.380211242,DN17 4GA,D,N,16,Yes,3,2
47844C7F-DC85-8986-E050-A8C063056488,13/01/2017,2017,240000,5.380211242,DN15 9HB,D,N,16,Yes,4,3
49B7852A-15FF-7921-E050-A8C063056E8D,17/02/2017,2017,252000,5.401400541,DN14 7DL,D,N,16,Yes,3,3
49B7852A-1654-7921-E050-A8C063056E8D,27/01/2017,2017,212000,5.326335861,DN15 8US,D,N,16,Yes,4,3
49B7852A-176D-7921-E050-A8C063056E8D,06/02/2017,2017,150000,5.176091259,DN15 8UT,D,N,16,Yes,4,3
49B7852A-84CC-7921-E050-A8C063056E8D,21/02/2017,2017,320000,5.505149978,DN6 0HL,D,N,16,Yes,4,3
49B7852A-8526-7921-E050-A8C063056E8D,03/02/2017,2017,130000,5.113943352,DN8 5GH,D,N,16,Yes,3,3
49B7852A-862F-7921-E050-A8C063056E8D,19/01/2017,2017,205000,5.311753861,DN7 5AZ,D,N,16,Yes,4,3
49B7852A-BD24-7921-E050-A8C063056E8D,30/09/2016,2016,315000,5.498310554,DN14 7NJ,D,N,16,Yes,4,2
4C47C077-3620-43FD-B62A-405ABE6ACA2B,01/10/2013,2013,250000,5.397940009,DN17 4RD,D,N,16,Yes,3,1
4C4EDFFF-6D47-1854-E050-A8C063054F34,24/02/2017,2017,285000,5.45484486,DN17 4LZ,D,N,16,Yes,3,3
4C4EDFFF-6D7D-1854-E050-A8C063054F34,24/03/2017,2017,191000,5.281033367,DN14 6JU,D,N,16,Yes,3,3
4C4EDFFF-6E11-1854-E050-A8C063054F34,24/03/2017,2017,134000,5.127104798,DN17 4NE,D,N,16,Yes,3,3
4C4EDFFF-6ED3-1854-E050-A8C063054F34,10/03/2017,2017,187000,5.271841607,DN17 3HA,D,N,16,Yes,4,3
4C4EDFFF-6F0F-1854-E050-A8C063054F34,24/02/2017,2017,157500,5.197280558,DN17 4DL,D,N,16,Yes,3,3
4C4EDFFF-EBB2-1854-E050-A8C063054F34,24/02/2017,2017,95000,4.977723605,DN8 5NT,D,N,16,Yes,3,3
4C4EE000-2D82-1854-E050-A8C063054F34,17/03/2017,2017,165000,5.217483944,DN14 9EP,D,N,16,Yes,3,3
4C4EE000-2DB5-1854-E050-A8C063054F34,24/03/2017,2017,145000,5.161368002,DN14 8HR,D,N,16,Yes,4,3
4C4EE000-2E00-1854-E050-A8C063054F34,16/12/2016,2016,260000,5.414973348,DN14 6LZ,D,N,16,Yes,3,2
4D696B0E-3CE3-472C-BD84-B99D3F0B5B20,12/10/2011,2011,153000,5.184691431,DN14 6YA,D,N,16,Yes,3,1
4E95D757-7846-EDA1-E050-A8C0630539E2,30/03/2017,2017,390000,5.591064607,DN9 1SZ,D,N,16,Yes,4,3
4E95D757-79CE-EDA1-E050-A8C0630539E2,21/04/2017,2017,247500,5.393575203,DN17 4EZ,D,N,16,Yes,3,3
4E95D757-DB33-EDA1-E050-A8C0630539E2,10/04/2017,2017,141000,5.149219113,DN7 4HJ,D,N,16,Yes,4,3
4E95D757-DBDB-EDA1-E050-A8C0630539E2,10/03/2017,2017,218000,5.338456494,DN8 5LR,D,N,16,Yes,3,3
4E95D758-0BCE-EDA1-E050-A8C0630539E2,31/03/2017,2017,224000,5.350248018,DN14 6FB,D,N,16,Yes,3,3
4ECC2AC0-EAAE-4980-ACAD-03E1C995B845,21/11/2014,2014,140000,5.146128036,DN15 8UR,D,N,16,Yes,4,2
4EDEF90C-C5A0-457E-9CE3-7CFDF7A185FF,01/02/2013,2013,135000,5.130333768,DN14 6RH,D,N,16,Yes,3,1
4F1F3CA2-4D28-4148-A8AD-688CE2953218,26/09/2014,2014,186500,5.270678836,DN15 9HA,D,N,16,Yes,4,2
4F3F5568-8786-422B-9123-3153FEA6EA78,11/10/2013,2013,138000,5.139879086,DN14 6YA,D,N,16,Yes,3,1
4F719D3D-96C2-4D7D-BB70-653BE1697C1A,14/08/2015,2015,148000,5.170261715,DN15 9DR,D,N,16,Yes,4,2
50F18103-1BAE-9FD5-E050-A8C063054923,12/04/2017,2017,200000,5.301029996,DN14 7RY,D,N,16,Yes,3,3
50F18103-1C01-9FD5-E050-A8C063054923,28/04/2017,2017,142000,5.152288344,DN17 4RD,D,N,16,Yes,3,3
50F18103-1C2F-9FD5-E050-A8C063054923,10/04/2017,2017,235000,5.371067862,DN14 5PP,D,N,16,Yes,3,3
50F18103-1D7D-9FD5-E050-A8C063054923,12/05/2017,2017,205000,5.311753861,DN15 8UQ,D,N,16,Yes,4,3
50F18103-1E4C-9FD5-E050-A8C063054923,20/01/2017,2017,140000,5.146128036,DN15 9BT,D,N,16,Yes,4,3
50F18103-8C97-9FD5-E050-A8C063054923,13/04/2017,2017,104000,5.017033339,DN8 5BP,D,N,16,Yes,3,3
50F18103-8EB0-9FD5-E050-A8C063054923,30/03/2017,2017,295000,5.469822016,DN6 0HL,D,N,16,Yes,4,3
50FC988E-8C26-4400-8026-3822FD56B3F3,02/07/2012,2012,135000,5.130333768,DN15 8UX,D,N,16,Yes,4,1
522FBEC5-DC57-4D1A-B153-FD19449275B7,28/11/2014,2014,192000,5.283301229,DN15 8US,D,N,16,Yes,4,2
5321C46C-E9EC-4F83-8851-BB6BDEAF0917,21/07/2014,2014,250000,5.397940009,DN14 5JB,D,N,16,Yes,2,2
5376B385-7F65-34C1-E053-6B04A8C09FF6,02/06/2017,2017,135000,5.130333768,DN14 6YG,D,N,16,Yes,3,3
5376B385-8190-34C1-E053-6B04A8C09FF6,16/12/2016,2016,259000,5.413299764,DN17 3JD,D,N,16,Yes,4,2
5376B385-CD88-34C1-E053-6B04A8C09FF6,06/06/2017,2017,355000,5.550228353,YO8 8RF,D,N,16,Yes,4,3
5376B386-3792-34C1-E053-6B04A8C09FF6,19/05/2017,2017,253000,5.403120521,DN14 8HQ,D,N,16,Yes,3,3
5376B386-379A-34C1-E053-6B04A8C09FF6,26/05/2017,2017,250000,5.397940009,DN14 5PP,D,N,16,Yes,3,3
5376B386-386C-34C1-E053-6B04A8C09FF6,02/06/2017,2017,140000,5.146128036,DN14 8HH,D,N,16,Yes,3,3
53DF7318-3A55-41BF-8B7E-39BD6F84DAAB,20/07/2012,2012,160000,5.204119983,DN15 9EW,D,N,16,Yes,4,1
552BA38A-5C54-4C28-BC5C-82BF53B7624B,31/10/2014,2014,165000,5.217483944,DN17 4RD,D,N,16,Yes,3,2
55BDCAE6-0544-521D-E053-6B04A8C0DD7A,30/06/2017,2017,177000,5.247973266,DN15 9EW,D,N,16,Yes,4,3
55BDCAE6-0575-521D-E053-6B04A8C0DD7A,29/06/2017,2017,150000,5.176091259,DN15 9HN,D,N,16,Yes,4,3
55BDCAE6-0594-521D-E053-6B04A8C0DD7A,27/06/2017,2017,277500,5.443262987,DN17 4QY,D,N,16,Yes,3,3
55BDCAE6-082A-521D-E053-6B04A8C0DD7A,05/06/2017,2017,235000,5.371067862,DN17 4EZ,D,N,16,Yes,3,3
55BDCAE6-083C-521D-E053-6B04A8C0DD7A,20/12/2016,2016,265000,5.423245874,DN15 9DA,D,N,16,Yes,4,2
55BDCAE6-08A5-521D-E053-6B04A8C0DD7A,21/07/2017,2017,80000,4.903089987,DN17 4NJ,D,N,16,Yes,3,3
55BDCAE6-C276-521D-E053-6B04A8C0DD7A,13/07/2017,2017,235000,5.371067862,DN14 8HQ,D,N,16,Yes,3,3
55BDCAE6-C2A1-521D-E053-6B04A8C0DD7A,16/06/2017,2017,240000,5.380211242,DN14 6FG,D,N,16,Yes,3,3
55BDCAE6-C361-521D-E053-6B04A8C0DD7A,23/06/2017,2017,218000,5.338456494,DN14 5PP,D,N,16,Yes,3,3
56E0761C-D701-4723-BA2D-918B16AB379A,17/05/2013,2013,88000,4.944482672,DN14 5UX,D,N,16,Yes,2,1
582D0637-0ACA-8F22-E053-6C04A8C01BAC,01/08/2017,2017,155000,5.190331698,DN15 9EW,D,N,16,Yes,4,3
582D0637-0D2E-8F22-E053-6C04A8C01BAC,07/04/2017,2017,235125,5.371298809,DN17 4EW,D,N,16,Yes,3,3
582D0637-0DE2-8F22-E053-6C04A8C01BAC,07/07/2017,2017,185000,5.267171728,DN17 4PG,D,N,16,Yes,3,3
582D0637-9131-8F22-E053-6C04A8C01BAC,14/07/2017,2017,140000,5.146128036,DN7 4HJ,D,N,16,Yes,4,3
582D0637-D454-8F22-E053-6C04A8C01BAC,01/08/2017,2017,218000,5.338456494,DN14 6FD,D,N,16,Yes,3,3
582D0637-D51C-8F22-E053-6C04A8C01BAC,24/03/2017,2017,120000,5.079181246,DN14 9EP,D,N,16,Yes,3,3
595C4BFE-156B-4DEC-B6BD-8325E3610CE2,10/05/2013,2013,143000,5.155336037,DN8 4BA,D,N,16,Yes,3,1
59A53182-E78D-4A68-9577-A43D70EC2886,27/06/2014,2014,338000,5.5289167,DN14 7QX,D,N,16,Yes,4,2
59D3CE85-011F-4CBA-B9BF-EC8EA1A9B280,16/09/2013,2013,240000,5.380211242,DN15 8EL,D,N,16,Yes,4,1
1D14098E-E40E-47AA-9AB6-E5AAAD831792,26/08/2011 00:00,2011,200000,5.301029996,DN9 1JT,D,N,,,4,1
5A9D8B55-373E-68EB-E053-6B04A8C0D293,07/09/2017,2017,220000,5.342422681,DN15 9HN,D,N,16,Yes,4,3
5A9D8B55-37B1-68EB-E053-6B04A8C0D293,26/06/2017,2017,125000,5.096910013,DN14 8HL,D,N,16,Yes,3,3
5A9D8B55-37EE-68EB-E053-6B04A8C0D293,25/08/2017,2017,136250,5.134336511,DN15 8BJ,D,N,16,Yes,4,3
5A9D8B55-3839-68EB-E053-6B04A8C0D293,04/09/2017,2017,195000,5.290034611,DN17 4PG,D,N,16,Yes,3,3
5A9D8B55-383B-68EB-E053-6B04A8C0D293,21/09/2017,2017,220000,5.342422681,DN15 8JD,D,N,16,Yes,4,3
5A9D8B55-3951-68EB-E053-6B04A8C0D293,31/08/2017,2017,250000,5.397940009,DN15 8TA,D,N,16,Yes,4,3
5A9D8B55-39A4-68EB-E053-6B04A8C0D293,30/08/2017,2017,140000,5.146128036,DN17 4DL,D,N,16,Yes,3,3
5A9D8B55-39C8-68EB-E053-6B04A8C0D293,21/08/2017,2017,176000,5.245512668,DN17 3EZ,D,N,16,Yes,4,3
5A9D8B55-BB94-68EB-E053-6B04A8C0D293,07/09/2017,2017,302000,5.480006943,DN6 0HL,D,N,16,Yes,4,3
5A9D8B55-FD39-68EB-E053-6B04A8C0D293,25/08/2017,2017,335000,5.525044807,DN14 7FN,D,N,16,Yes,3,3
5A9D8B55-FD3F-68EB-E053-6B04A8C0D293,07/09/2017,2017,395000,5.596597096,DN14 7QX,D,N,16,Yes,4,3
5B066D71-8EE8-47B1-B59A-20D00135AF03,28/08/2013,2013,152500,5.183269844,DN7 4GB,D,Y,16,Yes,4,1
5CF9903B-FD04-7F13-E053-6C04A8C074B1,02/10/2017,2017,142500,5.153814864,DN15 9DX,D,N,16,Yes,4,3
5CF9903B-FE88-7F13-E053-6C04A8C074B1,16/10/2017,2017,330000,5.51851394,DN15 8JD,D,N,16,Yes,4,3
5CF9903B-FF0E-7F13-E053-6C04A8C074B1,29/09/2017,2017,182000,5.260071388,DN15 9DR,D,N,16,Yes,4,3
5CF9903B-FF58-7F13-E053-6C04A8C074B1,15/09/2017,2017,260000,5.414973348,DN15 9DA,D,N,16,Yes,4,3
5CF9903C-C980-7F13-E053-6C04A8C074B1,18/09/2017,2017,315000,5.498310554,DN14 8HL,D,N,16,Yes,3,3
5CF9903C-C9B1-7F13-E053-6C04A8C074B1,22/09/2017,2017,240000,5.380211242,DN14 8HY,D,N,16,Yes,4,3
5CF9903C-C9EE-7F13-E053-6C04A8C074B1,15/09/2017,2017,207000,5.315970345,DN14 8EH,D,N,16,Yes,2,3
5CF9903C-CA63-7F13-E053-6C04A8C074B1,23/06/2017,2017,127000,5.103803721,DN14 8ES,D,N,16,Yes,3,3
5D222745-D3FD-4333-8C6C-7BB19F3D0A87,07/09/2011,2011,189000,5.276461804,DN17 3HA,D,N,16,Yes,4,1
5D63B5ED-0D94-49D4-8AC5-EEC88C7B64A0,24/01/2014,2014,155000,5.190331698,DN8 5QT,D,N,16,Yes,3,2
5DA1C4C6-C829-4C21-84C8-87A682F179D3,30/09/2014,2014,349950,5.544005998,DN14 7BX,D,Y,16,Yes,3,2
5DAFE467-CB9C-46D6-BA20-6C23D86C4C1A,17/06/2011,2011,115000,5.06069784,DN15 9YQ,D,N,16,Yes,4,1
5ECC98BE-D3E1-4224-A5E5-4E1FB08D2876,21/10/2011,2011,152500,5.183269844,DN14 6LY,D,N,16,Yes,3,1
5EFD1FDF-2438-4F36-B74D-4D96C469BB5E,03/07/2014,2014,163000,5.212187604,DN14 6YA,D,N,16,Yes,3,2
5F54B81D-32F7-2B45-E053-6B04A8C01FB0,25/10/2017,2017,175000,5.243038049,DN14 6YF,D,N,16,Yes,3,3
5F54B81D-3330-2B45-E053-6B04A8C01FB0,29/08/2017,2017,415000,5.618048097,DN14 7LZ,D,N,16,Yes,4,3
5F54B81D-33F5-2B45-E053-6B04A8C01FB0,27/10/2017,2017,147000,5.167317335,DN15 8US,D,N,16,Yes,4,3
5F54B81D-3421-2B45-E053-6B04A8C01FB0,20/10/2017,2017,150000,5.176091259,DN17 4NA,D,N,16,Yes,3,3
5F54B81D-BD00-2B45-E053-6B04A8C01FB0,20/10/2017,2017,80000,4.903089987,DN7 4HJ,D,N,16,Yes,4,3
5F54B81E-08AC-2B45-E053-6B04A8C01FB0,17/10/2017,2017,320000,5.505149978,DN14 7FN,D,N,16,Yes,3,3
5F54B81E-0937-2B45-E053-6B04A8C01FB0,04/08/2017,2017,220000,5.342422681,DN14 8DL,D,N,16,Yes,2,3
1FFFCCF5-0DF9-4A56-A05A-3D43A09DD00F,15/12/2014 00:00,2014,245000,5.389166084,DN9 1LH,D,N,,,4,2
609FEB81-D5B3-4343-AD65-0B58C41A8D72,01/08/2014,2014,350000,5.544068044,DN9 1NE,D,N,16,Yes,4,2
60E3643D-1359-4FE6-9403-7A889ABDB328,29/08/2013,2013,240000,5.380211242,DN9 1PZ,D,N,16,Yes,4,1
6145BB35-CE6A-4C7D-83F7-8E2809C0F638,05/04/2013,2013,125000,5.096910013,DN14 7QB,D,N,16,Yes,4,1
61D8894D-F58A-3DE6-E053-6C04A8C01207,01/12/2017,2017,345000,5.537819095,DN14 8PX,D,N,16,Yes,1,3
61D8894E-3885-3DE6-E053-6C04A8C01207,08/12/2017,2017,267500,5.427323786,DN14 0RB,D,N,16,Yes,4,3
6249C477-21D9-4E49-A0C5-2BA8D7E301E0,29/05/2014,2014,146000,5.164352856,DN15 9EW,D,N,16,Yes,4,2
6277F844-8E27-47B3-B575-C69B255DF03A,07/03/2012,2012,177000,5.247973266,DN14 6FD,D,N,16,Yes,3,1
6372E6CD-138F-4387-AF2A-6FEB7739F108,28/11/2013,2013,400000,5.602059991,DN8 4JD,D,N,16,Yes,3,1
64342BFE-48AE-422C-E053-6C04A8C0FB8A,18/12/2017,2017,400000,5.602059991,DN14 7NJ,D,N,16,Yes,4,3
64342BFE-4A01-422C-E053-6C04A8C0FB8A,01/12/2017,2017,280000,5.447158031,DN15 9HB,D,N,16,Yes,4,3
64342BFE-4A97-422C-E053-6C04A8C0FB8A,06/11/2017,2017,212000,5.326335861,DN17 4LZ,D,N,16,Yes,3,3
64342BFE-4AAC-422C-E053-6C04A8C0FB8A,12/01/2018,2018,280000,5.447158031,DN17 4GA,D,N,16,Yes,3,3
64342BFE-4B0E-422C-E053-6C04A8C0FB8A,20/12/2017,2017,165000,5.217483944,DN17 4DL,D,N,16,Yes,3,3
64342BFE-4B2E-422C-E053-6C04A8C0FB8A,08/01/2018,2018,260000,5.414973348,DN17 4RD,D,N,16,Yes,3,3
64342BFE-E1CA-422C-E053-6C04A8C0FB8A,17/11/2017,2017,210000,5.322219295,DN7 6QL,D,N,16,Yes,4,3
64342BFE-E431-422C-E053-6C04A8C0FB8A,21/12/2017,2017,161500,5.208172527,DN7 4GA,D,N,16,Yes,4,3
64342BFE-E5AF-422C-E053-6C04A8C0FB8A,11/09/2017,2017,240000,5.380211242,DN8 4FG,D,N,16,Yes,3,3
219127AD-E885-4577-B15A-EFB94B6871F2,27/05/2014 00:00,2014,220000,5.342422681,DN9 1JN,D,N,,,4,2
64342BFE-E641-422C-E053-6C04A8C0FB8A,24/04/2017,2017,185000,5.267171728,DN8 4FG,D,N,16,Yes,3,3
64A094B1-AFC1-4C96-B34D-EA025996C0F8,20/12/2012,2012,145000,5.161368002,DN15 9EW,D,N,16,Yes,4,1
65FD1C26-5091-4631-84C7-2C7452046A75,31/05/2011,2011,103000,5.012837225,DN15 8BB,D,N,16,Yes,4,1
666758D6-E149-3363-E053-6B04A8C0D74E,01/02/2018,2018,215000,5.33243846,DN17 4LZ,D,N,16,Yes,3,3
666758D6-E1F3-3363-E053-6B04A8C0D74E,15/02/2018,2018,475000,5.67669361,DN14 7NJ,D,N,16,Yes,4,3
666758D6-E243-3363-E053-6B04A8C0D74E,01/02/2018,2018,280000,5.447158031,DN17 4LZ,D,N,16,Yes,3,3
666758D7-522E-3363-E053-6B04A8C0D74E,06/02/2018,2018,142000,5.152288344,DN8 4PG,D,N,16,Yes,3,3
666758D7-525B-3363-E053-6B04A8C0D74E,19/01/2018,2018,282500,5.451018452,DN14 9AG,D,N,16,Yes,3,3
666758D7-53D0-3363-E053-6B04A8C0D74E,28/04/2017,2017,185000,5.267171728,DN8 4FG,D,N,16,Yes,3,3
66EEA49A-2591-4911-9784-8DB040F19B4E,20/06/2012,2012,190000,5.278753601,DN14 5PP,D,N,16,Yes,3,1
674C732C-0530-4C61-81E6-F500DEE554CF,02/02/2015,2015,120000,5.079181246,DN8 4EY,D,N,16,Yes,3,2
675A6EE5-7B5F-43D6-9FC4-5AAA5A9D26F0,14/09/2012,2012,167000,5.222716471,DN17 4NJ,D,N,16,Yes,3,1
67D254AF-731E-4018-84D3-66E4DF9B09F0,23/11/2012,2012,165000,5.217483944,DN8 4DR,D,N,16,Yes,3,1
68FEB20B-88D9-38DA-E053-6C04A8C051AE,26/02/2018,2018,255000,5.40654018,DN14 8LB,D,N,16,Yes,3,3
68FEB20B-8935-38DA-E053-6C04A8C051AE,12/09/2014,2014,64000,4.806179974,DN15 8US,D,N,16,Yes,4,2
68FEB20B-897D-38DA-E053-6C04A8C051AE,07/03/2018,2018,255000,5.40654018,DN15 8EQ,D,N,16,Yes,4,3
68FEB20B-8A7C-38DA-E053-6C04A8C051AE,16/02/2018,2018,130000,5.113943352,DN17 4DL,D,N,16,Yes,3,3
68FEB20B-8AAB-38DA-E053-6C04A8C051AE,23/02/2018,2018,129000,5.11058971,DN15 8UQ,D,N,16,Yes,4,3
68FEB20B-8B4F-38DA-E053-6C04A8C051AE,12/05/2017,2017,295000,5.469822016,DN15 8UE,D,N,16,Yes,4,3
68FEB20B-FFED-38DA-E053-6C04A8C051AE,08/12/2017,2017,250000,5.397940009,DN8 4FG,D,N,16,Yes,3,3
68FEB20C-39FC-38DA-E053-6C04A8C051AE,19/12/2017,2017,265000,5.423245874,DN14 7GP,D,N,16,Yes,4,3
6914B707-3480-49B8-83CC-B9524A0A6DC6,20/12/2012,2012,189950,5.278639298,DN14 7GP,D,Y,16,Yes,4,1
69B95F25-AA7A-4EC9-AF3A-4AB5396AB301,12/12/2014,2014,420000,5.62324929,DN14 7BX,D,Y,16,Yes,3,2
6A0AA0A4-0917-4CBF-9C8D-6122D5644B04,31/07/2015,2015,205000,5.311753861,DN14 6FB,D,N,16,Yes,3,2
6AF43487-AE66-4A78-8DF2-4D0B97EAF011,15/12/2014,2014,115000,5.06069784,DN15 8UT,D,N,16,Yes,4,2
6AFA2B5B-464A-4094-A7AF-2218882BC9BC,04/05/2012,2012,175500,5.244277121,DN9 1PN,D,N,16,Yes,4,1
6B234B09-B3B2-4206-A3A1-EA0300F71BD1,24/08/2012,2012,125000,5.096910013,DN8 5NP,D,N,16,Yes,3,1
6B32222C-4AAB-01F1-E053-6C04A8C0D2C8,09/04/2018,2018,189000,5.276461804,DN17 4AA,D,N,16,Yes,4,3
6B32222C-B1CF-01F1-E053-6C04A8C0D2C8,23/03/2018,2018,120000,5.079181246,DN7 4LE,D,N,16,Yes,4,3
6B32222C-B218-01F1-E053-6C04A8C0D2C8,16/04/2018,2018,240000,5.380211242,DN6 0HL,D,N,16,Yes,4,3
6B32222C-E1BB-01F1-E053-6C04A8C0D2C8,15/08/2017,2017,305000,5.484299839,DN14 8HH,D,N,16,Yes,3,3
6B32222C-E21E-01F1-E053-6C04A8C0D2C8,30/06/2017,2017,215000,5.33243846,DN14 7GP,D,N,16,Yes,4,3
6B32222C-E25D-01F1-E053-6C04A8C0D2C8,09/03/2018,2018,225000,5.352182518,DN14 6YQ,D,Y,16,Yes,3,3
6BB35296-CF31-40D1-A737-E0FE38FA18E0,10/02/2012,2012,80000,4.903089987,DN17 4AT,D,N,16,Yes,4,1
6BBFFA53-86C3-4097-B03C-D3BA82E42DE6,30/05/2014,2014,240000,5.380211242,DN15 8UQ,D,N,16,Yes,4,2
6D546BFA-66F8-48CF-AE2D-6381BB5FFA2D,31/01/2014,2014,200000,5.301029996,DN14 5PP,D,N,16,Yes,3,2
6DA08449-F98D-30F2-E053-6B04A8C05F3B,30/04/2018,2018,112000,5.049218023,DN14 5SD,D,N,16,Yes,2,3
6DA08449-F98F-30F2-E053-6B04A8C05F3B,08/12/2017,2017,245000,5.389166084,DN14 8HY,D,N,16,Yes,4,3
23B6165E-5F1A-FCF4-E050-A8C0620577FA,11/09/2015 00:00,2015,174000,5.240549248,DN9 1JZ,D,N,,,4,2
23B6165E-5F22-FCF4-E050-A8C0620577FA,08/10/2015 00:00,2015,239950,5.380120754,DN9 1FF,D,N,,,4,2
6DA08449-F9C5-30F2-E053-6B04A8C05F3B,20/04/2018,2018,205000,5.311753861,DN14 6JU,D,N,16,Yes,3,3
6DA08449-F9D2-30F2-E053-6B04A8C05F3B,25/04/2018,2018,240000,5.380211242,DN14 8HH,D,N,16,Yes,3,3
6DA08449-F9F4-30F2-E053-6B04A8C05F3B,04/05/2018,2018,295000,5.469822016,DN15 8EQ,D,N,16,Yes,4,3
6DA08449-FA5A-30F2-E053-6B04A8C05F3B,01/05/2018,2018,215000,5.33243846,DN15 9DA,D,N,16,Yes,4,3
6DA08449-FACE-30F2-E053-6B04A8C05F3B,01/05/2018,2018,230000,5.361727836,DN14 8LB,D,N,16,Yes,3,3
6DA08449-FAE7-30F2-E053-6B04A8C05F3B,20/04/2018,2018,345000,5.537819095,DN9 1PN,D,N,16,Yes,4,3
6DA08449-FB25-30F2-E053-6B04A8C05F3B,09/05/2018,2018,260000,5.414973348,DN15 8US,D,N,16,Yes,4,3
6DA08449-FB34-30F2-E053-6B04A8C05F3B,30/04/2018,2018,203000,5.307496038,DN15 8US,D,N,16,Yes,4,3
6DA08449-FC77-30F2-E053-6B04A8C05F3B,27/04/2018,2018,145000,5.161368002,DN15 8UT,D,N,16,Yes,4,3
6DA0844A-40C4-30F2-E053-6B04A8C05F3B,12/04/2018,2018,320000,5.505149978,DN14 0RB,D,N,16,Yes,4,3
6DA0844A-9F10-30F2-E053-6B04A8C05F3B,04/10/2016,2016,150000,5.176091259,DN14 7NJ,D,N,16,Yes,4,2
6DA0844A-9F2F-30F2-E053-6B04A8C05F3B,12/04/2018,2018,250000,5.397940009,DN14 6YQ,D,Y,16,Yes,3,3
6E66EC96-2C81-43F0-B59E-BB32D218C064,06/12/2013,2013,213000,5.328379603,DN8 5LG,D,N,16,Yes,3,1
6F527766-F6C3-4A67-B9F9-54AE2841226F,28/02/2014,2014,159700,5.203304916,DN14 0RB,D,N,16,Yes,4,2
6FA7214E-BD8B-4C2B-853B-86119F5F27B0,19/12/2013,2013,95000,4.977723605,DN15 8BJ,D,N,16,Yes,4,1
6FDEAFA9-C9E6-4AB4-A700-63F540058780,18/07/2012,2012,308000,5.488550717,DN14 7QX,D,N,16,Yes,4,1
7011B109-6FAA-8ED6-E053-6B04A8C075C1,27/04/2018,2018,238000,5.376576957,DN15 8EQ,D,N,16,Yes,4,3
7011B109-6FC9-8ED6-E053-6B04A8C075C1,06/06/2018,2018,515000,5.711807229,DN17 4EZ,D,N,16,Yes,3,3
7011B109-6FCD-8ED6-E053-6B04A8C075C1,24/05/2018,2018,372500,5.571126277,DN17 4EZ,D,N,16,Yes,3,3
7011B109-6FF9-8ED6-E053-6B04A8C075C1,04/05/2018,2018,315000,5.498310554,DN9 1QD,D,N,16,Yes,4,3
70237173-F027-44D8-B524-123BD8A4AD67,29/05/2013,2013,135000,5.130333768,DN14 6JU,D,N,16,Yes,3,1
71025B22-1190-4DF6-805F-3293E4E87DC8,26/04/2012,2012,120000,5.079181246,DN17 4EE,D,N,16,Yes,3,1
726BF13A-D388-0A46-E053-6C04A8C01D0D,26/06/2018,2018,150000,5.176091259,DN15 9HH,D,N,16,Yes,4,3
726BF13A-D4A0-0A46-E053-6C04A8C01D0D,20/07/2018,2018,289000,5.460897843,DN15 8EQ,D,N,16,Yes,4,3
726BF13A-D4CE-0A46-E053-6C04A8C01D0D,20/07/2018,2018,213000,5.328379603,DN17 4TF,D,N,16,Yes,3,3
726BF13A-D512-0A46-E053-6C04A8C01D0D,29/06/2018,2018,165000,5.217483944,DN15 9EW,D,N,16,Yes,4,3
726BF13A-D52E-0A46-E053-6C04A8C01D0D,19/06/2018,2018,244000,5.387389826,DN15 9ES,D,N,16,Yes,4,3
726BF13A-D52F-0A46-E053-6C04A8C01D0D,27/04/2018,2018,172500,5.236789099,DN15 9HN,D,N,16,Yes,4,3
726BF13A-D5A1-0A46-E053-6C04A8C01D0D,15/06/2018,2018,132500,5.122215878,DN15 8BJ,D,N,16,Yes,4,3
726BF13A-D732-0A46-E053-6C04A8C01D0D,22/06/2018,2018,160000,5.204119983,DN15 8UP,D,N,16,Yes,4,3
726BF13A-F03F-0A46-E053-6C04A8C01D0D,13/07/2018,2018,185000,5.267171728,DN15 9BZ,D,N,16,Yes,4,3
726BF13B-5077-0A46-E053-6C04A8C01D0D,31/05/2018,2018,170000,5.230448921,DN7 6LT,D,N,16,Yes,4,3
726BF13B-92E7-0A46-E053-6C04A8C01D0D,17/05/2018,2018,249950,5.397853141,DN14 6BN,D,N,16,Yes,2,3
741F61A9-0797-409F-A1CF-3E349E9EAAA6,29/07/2011,2011,168500,5.226599905,DN14 8EH,D,Y,16,Yes,2,1
74692BB2-A2E6-43D0-9CD5-E5AEE8A1C50F,30/07/2015,2015,215000,5.33243846,YO8 6ES,D,N,16,Yes,4,2
75050A85-2CE2-9A88-E053-6B04A8C02390,09/05/2018,2018,299950,5.477048866,DN15 9DA,D,N,16,Yes,4,3
75050A85-2D4E-9A88-E053-6B04A8C02390,20/07/2018,2018,240000,5.380211242,DN15 9EW,D,N,16,Yes,4,3
75050A85-2DB6-9A88-E053-6B04A8C02390,11/07/2018,2018,130000,5.113943352,DN14 6YG,D,N,16,Yes,3,3
75050A85-2DC3-9A88-E053-6B04A8C02390,30/07/2018,2018,285000,5.45484486,DN14 7DL,D,N,16,Yes,3,3
75050A85-2DDF-9A88-E053-6B04A8C02390,27/07/2018,2018,250000,5.397940009,DN14 8HQ,D,N,16,Yes,3,3
75050A85-2F0A-9A88-E053-6B04A8C02390,27/07/2018,2018,215000,5.33243846,DN15 8US,D,N,16,Yes,4,3
75050A85-4E5A-9A88-E053-6B04A8C02390,24/07/2018,2018,190000,5.278753601,DN15 9BZ,D,N,16,Yes,4,3
75050A85-B605-9A88-E053-6B04A8C02390,25/07/2018,2018,160000,5.204119983,DN7 4GA,D,N,16,Yes,4,3
75050A85-F7A6-9A88-E053-6B04A8C02390,08/06/2018,2018,250000,5.397940009,DN14 6YQ,D,Y,16,Yes,3,3
75176ED3-47DF-4AE8-883F-05FA1E5BAE7A,07/09/2015,2015,125000,5.096910013,DN17 4NJ,D,N,16,Yes,3,2
773788C2-B3F5-2CE4-E053-6C04A8C05E57,14/09/2018,2018,350000,5.544068044,DN15 8EQ,D,N,16,Yes,4,3
773788C2-B42C-2CE4-E053-6C04A8C05E57,20/08/2018,2018,215000,5.33243846,DN15 8YL,D,N,16,Yes,4,3
773788C2-B437-2CE4-E053-6C04A8C05E57,24/08/2018,2018,177500,5.249198357,DN15 8TA,D,N,16,Yes,4,3
773788C2-B5BE-2CE4-E053-6C04A8C05E57,07/09/2018,2018,350000,5.544068044,DN15 9EU,D,N,16,Yes,4,3
773788C3-3239-2CE4-E053-6C04A8C05E57,07/09/2018,2018,162000,5.209515015,DN8 5NT,D,N,16,Yes,3,3
773788C3-37DA-2CE4-E053-6C04A8C05E57,28/06/2018,2018,125995,5.100353311,DN8 4FD,D,Y,16,Yes,3,3
773788C3-762A-2CE4-E053-6C04A8C05E57,30/07/2018,2018,250000,5.397940009,DN14 6YQ,D,Y,16,Yes,3,3
783D1FDF-2D50-48A2-A1C3-46AD4ED0584A,22/10/2013,2013,130000,5.113943352,DN17 4AH,D,N,16,Yes,4,1
79A74E21-A448-1289-E053-6B04A8C01627,07/09/2018,2018,155000,5.190331698,DN17 4DL,D,N,16,Yes,3,3
79A74E21-A52E-1289-E053-6B04A8C01627,03/08/2018,2018,260000,5.414973348,DN9 1LY,D,N,16,Yes,4,3
79A74E21-A594-1289-E053-6B04A8C01627,31/08/2018,2018,105000,5.021189299,DN15 8UQ,D,N,16,Yes,4,3
79A74E22-2BCD-1289-E053-6B04A8C01627,28/09/2018,2018,160000,5.204119983,DN7 4HJ,D,N,16,Yes,4,3
79A74E22-775A-1289-E053-6B04A8C01627,17/08/2018,2018,227500,5.356981401,DN14 7PQ,D,N,16,Yes,4,3
7A8024AF-776F-4B48-BDBA-A50EC91A896E,18/05/2012,2012,157500,5.197280558,DN17 4EW,D,N,16,Yes,3,1
7B4CEFCA-A166-4173-9FCE-773DABD43A59,05/06/2015,2015,174000,5.240549248,DN15 8UX,D,N,16,Yes,4,2
7C2965B2-5943-4434-927B-CD1B45040B20,21/09/2011,2011,105000,5.021189299,DN14 6YE,D,N,16,Yes,3,1
7C2D0700-26CE-4963-E053-6B04A8C07B97,08/11/2018,2018,375000,5.574031268,DN9 1SZ,D,N,16,Yes,4,3
7C2D0700-B118-4963-E053-6B04A8C07B97,12/10/2018,2018,130000,5.113943352,DN8 5LG,D,N,16,Yes,3,3
7C2D0700-B255-4963-E053-6B04A8C07B97,06/10/2017,2017,250000,5.397940009,DN8 4FG,D,N,16,Yes,3,3
7C2D0700-B2BE-4963-E053-6B04A8C07B97,31/08/2018,2018,165995,5.220095007,DN8 5EW,D,Y,16,Yes,3,3
7C2D0700-B2BF-4963-E053-6B04A8C07B97,30/08/2018,2018,174995,5.24302564,DN8 5EW,D,Y,16,Yes,3,3
7C2D0700-B327-4963-E053-6B04A8C07B97,13/09/2018,2018,152995,5.184677238,DN8 4FD,D,Y,16,Yes,3,3
7C2D0700-B3A1-4963-E053-6B04A8C07B97,30/10/2018,2018,192000,5.283301229,DN7 6QL,D,N,16,Yes,4,3
7C355CC2-2F10-46C8-B247-2B93C471D3FB,31/10/2013,2013,249950,5.397853141,DN14 7GP,D,Y,16,Yes,4,1
7C9916F1-734F-46F4-8C2A-69DF3F4054B3,27/06/2014,2014,201000,5.303196057,DN14 6YG,D,N,16,Yes,3,2
7E0A405E-BEA8-4217-95FD-284338FF6A65,12/12/2012,2012,65000,4.812913357,DN15 9DJ,D,N,16,Yes,4,1
7E46A9AF-7FB6-45CA-95F2-95A84E272811,21/02/2014,2014,175000,5.243038049,DN14 7PH,D,N,16,Yes,4,2
7E86B6FA-E3FD-458C-E053-6B04A8C0C84C,04/12/2018,2018,249950,5.397853141,DN15 9EW,D,N,16,Yes,4,3
7E86B6FA-E51C-458C-E053-6B04A8C0C84C,04/12/2018,2018,286000,5.456366033,DN15 9HB,D,N,16,Yes,4,3
7E86B6FA-E566-458C-E053-6B04A8C0C84C,30/11/2018,2018,212500,5.327358934,DN15 8UQ,D,N,16,Yes,4,3
7E86B6FB-5CB8-458C-E053-6B04A8C0C84C,03/10/2018,2018,155995,5.193110678,DN8 5EW,D,Y,16,Yes,3,3
7E86B6FB-5D09-458C-E053-6B04A8C0C84C,30/10/2018,2018,161995,5.20950161,DN8 5EW,D,Y,16,Yes,3,3
7E86B6FB-5D0F-458C-E053-6B04A8C0C84C,31/10/2018,2018,174995,5.24302564,DN8 5EW,D,Y,16,Yes,3,3
7E86B6FB-5D95-458C-E053-6B04A8C0C84C,30/11/2018,2018,166995,5.222703468,DN8 5EW,D,Y,16,Yes,3,3
7E86B6FB-5D9B-458C-E053-6B04A8C0C84C,29/11/2018,2018,166995,5.222703468,DN8 5EW,D,Y,16,Yes,3,3
7E86B6FB-9621-458C-E053-6B04A8C0C84C,12/11/2018,2018,375000,5.574031268,DN14 8DP,D,N,16,Yes,1,3
7EC5FCE9-CEEF-45EB-9F4D-A5F3C5B5C339,03/10/2011,2011,46100,4.663700925,DN14 6TL,D,N,16,Yes,2,1
7F24B498-1F71-41D7-A531-926AE831487D,28/09/2011,2011,104000,5.017033339,DN8 4EY,D,N,16,Yes,3,1
7F5E281E-EAB4-4CF2-88FB-AF4BCF70E60E,18/03/2015,2015,280000,5.447158031,DN14 7QX,D,N,16,Yes,4,2
809A1E29-3B3B-4AF8-ACCF-D029D9DA0F07,30/06/2011,2011,219950,5.342323966,DN14 7GP,D,Y,16,Yes,4,1
80B53CD0-2731-4605-9FD5-5DE54599D273,17/03/2011,2011,125000,5.096910013,DN7 4LL,D,N,16,Yes,4,1
80BC0578-81EB-479F-A038-EB625A184FF4,01/04/2011,2011,140000,5.146128036,DN15 8UX,D,N,16,Yes,4,1
80E1AA98-2AFB-7BF8-E053-6C04A8C00BF2,11/01/2019,2019,415000,5.618048097,DN17 4EE,D,N,16,Yes,3,3
80E1AA98-2BE9-7BF8-E053-6C04A8C00BF2,20/12/2018,2018,165000,5.217483944,DN15 8AZ,D,N,16,Yes,4,3
80E1AA98-7FAC-7BF8-E053-6C04A8C00BF2,19/12/2018,2018,360000,5.556302501,DN14 0RB,D,N,16,Yes,4,3
80E1AA98-A84C-7BF8-E053-6C04A8C00BF2,14/12/2018,2018,200000,5.301029996,DN8 4EY,D,N,16,Yes,3,3
80E1AA98-A9AB-7BF8-E053-6C04A8C00BF2,23/11/2018,2018,140000,5.146128036,DN7 4HJ,D,N,16,Yes,4,3
80E1AA98-AC54-7BF8-E053-6C04A8C00BF2,18/01/2019,2019,198000,5.29666519,DN8 5LG,D,N,16,Yes,3,3
80E1AA98-AC77-7BF8-E053-6C04A8C00BF2,14/12/2018,2018,200000,5.301029996,DN8 4EY,D,N,16,Yes,3,3
80E1AA98-AEF4-7BF8-E053-6C04A8C00BF2,21/12/2018,2018,123995,5.093404173,DN8 4FD,D,Y,16,Yes,3,3
80E1AA98-EC6E-7BF8-E053-6C04A8C00BF2,06/12/2018,2018,210000,5.322219295,DN14 6FG,D,N,16,Yes,3,3
80E1AA98-ECEC-7BF8-E053-6C04A8C00BF2,07/01/2019,2019,209000,5.320146286,DN14 5PP,D,N,16,Yes,3,3
80E1AA98-ED19-7BF8-E053-6C04A8C00BF2,30/11/2018,2018,300000,5.477121255,DN14 6YQ,D,Y,16,Yes,3,3
821B0BF3-58E1-410A-A3DE-44F63BF3639C,29/06/2012,2012,210000,5.322219295,DN14 7GP,D,Y,16,Yes,4,1
82BC1B0D-3944-4A2C-A279-638CC51B9DFB,25/07/2014,2014,102000,5.008600172,DN15 8UT,D,N,16,Yes,4,2
82C15E87-D10E-4363-BCD9-FCB6EDA0DB14,28/02/2013,2013,112000,5.049218023,DN15 8PN,D,N,16,Yes,4,1
82EFEC5E-FDBE-4DB8-81C8-56F94E6D6A68,27/06/2014,2014,195000,5.290034611,DN15 8US,D,N,16,Yes,4,2
834B6E0D-3070-48B6-8999-76DDC443C6C2,05/05/2011,2011,197500,5.2955671,DN9 1NE,D,N,16,Yes,4,1
8355F009-0BDE-55C5-E053-6B04A8C0D090,31/01/2019,2019,220000,5.342422681,DN14 8DD,D,N,16,Yes,2,3
8355F009-0C6E-55C5-E053-6B04A8C0D090,28/01/2019,2019,125000,5.096910013,DN14 6YG,D,N,16,Yes,3,3
8355F009-0C7A-55C5-E053-6B04A8C0D090,31/01/2019,2019,205000,5.311753861,DN14 6YF,D,N,16,Yes,3,3
8355F009-0C95-55C5-E053-6B04A8C0D090,03/12/2018,2018,190000,5.278753601,DN14 6YF,D,N,16,Yes,3,3
8355F009-0D05-55C5-E053-6B04A8C0D090,30/01/2019,2019,300000,5.477121255,DN17 4RE,D,N,16,Yes,3,3
8355F009-0D39-55C5-E053-6B04A8C0D090,01/02/2019,2019,205000,5.311753861,DN15 8US,D,N,16,Yes,4,3
8399ADEB-603C-4DB5-B369-666F8E3E35FC,28/11/2013,2013,217500,5.337459261,DN14 7GP,D,Y,16,Yes,4,1
83B9764F-71A9-424A-B4E1-A4B0E066D817,31/05/2013,2013,125000,5.096910013,DN15 8US,D,N,16,Yes,4,1
84A6D1F4-CCAB-46B9-9B00-0E872CB11C01,19/04/2013,2013,185000,5.267171728,DN14 7GP,D,Y,16,Yes,4,1
857363F2-AF69-4C8A-842B-9AE059AE8451,12/09/2014,2014,177000,5.247973266,DN14 6JU,D,N,16,Yes,3,2
8584FB9E-3097-4827-8CD8-F9DB2C652FDF,05/05/2011,2011,240000,5.380211242,DN9 1NE,D,N,16,Yes,4,1
85866A64-CF7A-143F-E053-6B04A8C06A15,22/02/2019,2019,145000,5.161368002,DN15 9EW,D,N,16,Yes,4,3
85866A64-D076-143F-E053-6B04A8C06A15,25/02/2019,2019,154000,5.187520721,DN14 6HU,D,N,16,Yes,3,3
85866A64-D173-143F-E053-6B04A8C06A15,28/02/2019,2019,243500,5.386498966,DN15 8UX,D,N,16,Yes,4,3
85866A65-457A-143F-E053-6B04A8C06A15,07/03/2019,2019,150000,5.176091259,DN8 4PG,D,N,16,Yes,3,3
85866A65-46C8-143F-E053-6B04A8C06A15,27/09/2018,2018,164995,5.217470784,DN8 5EW,D,Y,16,Yes,3,3
85866A65-46E5-143F-E053-6B04A8C06A15,25/01/2019,2019,169995,5.230436148,DN8 5EW,D,Y,16,Yes,3,3
85866A65-46FD-143F-E053-6B04A8C06A15,08/02/2019,2019,215000,5.33243846,DN8 4FG,D,Y,16,Yes,3,3
85866A65-472A-143F-E053-6B04A8C06A15,15/02/2019,2019,169995,5.230436148,DN8 5EW,D,Y,16,Yes,3,3
85866A65-7D38-143F-E053-6B04A8C06A15,15/02/2019,2019,335000,5.525044807,DN14 7FN,D,N,16,Yes,3,3
86513D1B-0C02-43BF-A9DF-AAFC1CEF184A,01/10/2012,2012,200000,5.301029996,DN14 7GP,D,Y,16,Yes,4,1
87B853FD-59BC-402F-92C6-73DCA4EDB875,20/02/2013,2013,160000,5.204119983,DN7 4GA,D,Y,16,Yes,4,1
87E1551E-39E0-6405-E053-6C04A8C0B2EE,14/02/2019,2019,124950,5.09673626,DN15 8BJ,D,N,16,Yes,4,3
87E1551E-39E7-6405-E053-6C04A8C0B2EE,29/03/2019,2019,120500,5.080987047,DN14 6NH,D,N,16,Yes,3,3
87E1551E-39FB-6405-E053-6C04A8C0B2EE,29/03/2019,2019,163000,5.212187604,DN15 9EW,D,N,16,Yes,4,3
87E1551E-3AB7-6405-E053-6C04A8C0B2EE,01/04/2019,2019,240000,5.380211242,DN14 8HY,D,N,16,Yes,4,3
87E1551E-3B1B-6405-E053-6C04A8C0B2EE,29/03/2019,2019,220000,5.342422681,DN17 4TF,D,N,16,Yes,3,3
87E1551E-3B23-6405-E053-6C04A8C0B2EE,12/04/2019,2019,203000,5.307496038,DN9 1PN,D,N,16,Yes,4,3
87E1551E-3BB6-6405-E053-6C04A8C0B2EE,04/04/2019,2019,690000,5.838849091,DN9 1LQ,D,N,16,Yes,4,3
87E1551E-CA23-6405-E053-6C04A8C0B2EE,01/04/2019,2019,210000,5.322219295,DN14 7PH,D,N,16,Yes,4,3
88108B91-DE66-4596-B317-40B02A515309,20/06/2014,2014,160000,5.204119983,DN15 8UX,D,N,16,Yes,4,2
881692C5-EE51-4DB6-9BBF-D24F7D2EDE71,16/12/2014,2014,155000,5.190331698,DN14 6YG,D,N,16,Yes,3,2
882BE0E5-254B-4BC3-A1C5-B8A41C7A0847,24/04/2015,2015,331000,5.519827994,DN14 5PN,D,N,16,Yes,3,2
88E86AE1-788C-497E-AB60-8A8EDD35B781,22/12/2014,2014,131000,5.117271296,DN8 4PG,D,N,16,Yes,3,2
8A78B2AF-9F3E-5CB0-E053-6B04A8C0F504,09/05/2019,2019,265000,5.423245874,DN15 9HB,D,N,16,Yes,4,3
8A78B2AF-9F79-5CB0-E053-6B04A8C0F504,05/04/2019,2019,205000,5.311753861,DN15 9HN,D,N,16,Yes,4,3
8A78B2AF-9FC8-5CB0-E053-6B04A8C0F504,10/05/2019,2019,123500,5.091666958,DN14 6YA,D,N,16,Yes,3,3
8A78B2AF-A0B1-5CB0-E053-6B04A8C0F504,12/04/2019,2019,339000,5.530199698,DN17 4LZ,D,N,16,Yes,3,3
8A78B2B0-4656-5CB0-E053-6B04A8C0F504,29/04/2019,2019,263000,5.419955748,DN14 6BH,D,N,16,Yes,3,3
8A9B363A-117D-4C09-9419-1379620C9C40,25/02/2011,2011,199950,5.300921408,DN14 8PX,D,N,16,Yes,1,1
8ABDB455-E9C9-4160-B5C7-D7793B6E1DC5,21/06/2012,2012,210000,5.322219295,DN14 8HY,D,N,16,Yes,4,1
8ADFD1C4-3271-4245-832D-D58C6E0EBF7C,31/03/2015,2015,125000,5.096910013,DN17 4DL,D,N,16,Yes,3,2
8BB214A1-5763-489A-9315-F3F910E8C9C1,24/08/2012,2012,148000,5.170261715,DN14 6YF,D,N,16,Yes,3,1
8CAC1318-4C67-0253-E053-6B04A8C08E51,30/05/2019,2019,187000,5.271841607,DN15 9DR,D,N,16,Yes,4,3
8CAC1318-4CC1-0253-E053-6B04A8C08E51,10/05/2019,2019,186000,5.269512944,DN17 4RD,D,N,16,Yes,3,3
8CAC1318-4DED-0253-E053-6B04A8C08E51,14/06/2019,2019,159950,5.203984244,DN17 4DL,D,N,16,Yes,3,3
8CAC1318-B9E3-0253-E053-6B04A8C08E51,03/06/2019,2019,190000,5.278753601,DN8 4PG,D,N,16,Yes,3,3
8CAC1318-BA1E-0253-E053-6B04A8C08E51,09/05/2019,2019,625000,5.795880017,DN6 0HL,D,N,16,Yes,4,3
8CAC1318-BC66-0253-E053-6B04A8C08E51,31/05/2019,2019,128995,5.110572877,DN8 4FB,D,Y,16,Yes,3,3
8CAC1318-BC9F-0253-E053-6B04A8C08E51,03/06/2019,2019,143995,5.158347412,DN8 4FB,D,Y,16,Yes,3,3
8CAC1318-EF62-0253-E053-6B04A8C08E51,14/06/2019,2019,400000,5.602059991,DN14 7DL,D,N,16,Yes,3,3
8D83E36C-EA32-445A-A390-4C5F1D2C29F8,04/07/2013,2013,190000,5.278753601,DN14 9EY,D,N,16,Yes,3,1
8E599200-1199-4415-96D6-2AAF213ED2BE,02/12/2011,2011,250000,5.397940009,DN15 8EQ,D,N,16,Yes,4,1
8EC3B6F5-218B-448A-829D-C9AF904A1907,22/08/2014,2014,175000,5.243038049,DN17 4JQ,D,N,16,Yes,3,2
8F1B26BD-BF91-53DB-E053-6C04A8C03649,10/07/2019,2019,325000,5.511883361,DN15 8EQ,D,N,16,Yes,4,3
8F1B26BD-C019-53DB-E053-6C04A8C03649,22/07/2019,2019,215000,5.33243846,DN15 9BZ,D,N,16,Yes,4,3
8F1B26BD-C158-53DB-E053-6C04A8C03649,26/06/2019,2019,224950,5.352085998,DN15 8UQ,D,N,16,Yes,4,3
8F1B26BD-C1E5-53DB-E053-6C04A8C03649,03/07/2019,2019,200000,5.301029996,DN15 9DX,D,N,16,Yes,4,3
8F1B26BE-76E9-53DB-E053-6C04A8C03649,28/06/2019,2019,430000,5.633468456,DN14 7QX,D,N,16,Yes,4,3
8F1B26BE-7753-53DB-E053-6C04A8C03649,10/05/2019,2019,375000,5.574031268,DN14 9FT,D,Y,16,Yes,3,3
919FEC05-4CAD-9A90-E053-6C04A8C0A300,02/08/2019,2019,249000,5.396199347,DN14 9EP,D,N,16,Yes,3,3
919FEC05-4CC3-9A90-E053-6C04A8C0A300,29/07/2019,2019,260000,5.414973348,DN14 9EY,D,N,16,Yes,3,3
919FEC05-4D2A-9A90-E053-6C04A8C0A300,09/08/2019,2019,207500,5.317018101,DN14 6JU,D,N,16,Yes,3,3
919FEC05-4DE3-9A90-E053-6C04A8C0A300,01/07/2019,2019,140000,5.146128036,DN14 6YH,D,N,16,Yes,3,3
919FEC05-4E3A-9A90-E053-6C04A8C0A300,10/07/2019,2019,205000,5.311753861,DN15 8YL,D,N,16,Yes,4,3
919FEC05-4F09-9A90-E053-6C04A8C0A300,23/08/2019,2019,152000,5.181843588,DN15 8UQ,D,N,16,Yes,4,3
919FEC05-4FD7-9A90-E053-6C04A8C0A300,01/08/2019,2019,140000,5.146128036,DN15 8UT,D,N,16,Yes,4,3
919FEC05-4FDB-9A90-E053-6C04A8C0A300,24/06/2019,2019,170000,5.230448921,DN15 8UQ,D,N,16,Yes,4,3
919FEC06-06FB-9A90-E053-6C04A8C0A300,19/07/2019,2019,223000,5.348304863,DN14 8HR,D,N,16,Yes,4,3
919FEC06-0747-9A90-E053-6C04A8C0A300,26/07/2019,2019,275000,5.439332694,DN14 5PP,D,N,16,Yes,3,3
92DC3004-58FD-4229-9A33-A3E8AF9ACC6B,27/07/2011,2011,325000,5.511883361,DN8 5RZ,D,N,16,Yes,3,1
93C3802B-0E02-48AD-A82F-E5B7430521FE,08/10/2012,2012,175000,5.243038049,DN8 4BG,D,Y,16,Yes,3,1
93E6821E-6096-40FD-E053-6B04A8C0C1DF,06/09/2019,2019,168000,5.225309282,DN14 6YG,D,N,16,Yes,3,3
93E6821E-61D1-40FD-E053-6B04A8C0C1DF,28/08/2019,2019,172000,5.235528447,DN15 8US,D,N,16,Yes,4,3
93E6821E-7D84-40FD-E053-6B04A8C0C1DF,16/08/2019,2019,215000,5.33243846,DN15 9BZ,D,N,16,Yes,4,3
93E6821E-DB1C-40FD-E053-6B04A8C0C1DF,29/08/2019,2019,120000,5.079181246,DN8 4EY,D,N,16,Yes,3,3
93E6821E-DCB1-40FD-E053-6B04A8C0C1DF,15/08/2019,2019,125995,5.100353311,DN8 4FB,D,Y,16,Yes,3,3
93E6821E-DCDD-40FD-E053-6B04A8C0C1DF,30/07/2019,2019,133995,5.127088593,DN8 4FB,D,Y,16,Yes,3,3
93E6821F-15F0-40FD-E053-6B04A8C0C1DF,07/08/2019,2019,242000,5.383815366,DN14 7PQ,D,N,16,Yes,4,3
93E6821F-163A-40FD-E053-6B04A8C0C1DF,26/07/2019,2019,395000,5.596597096,DN14 7EN,D,N,16,Yes,3,3
960D4238-0706-4D88-B7DF-A48AE71586C9,22/02/2013,2013,170000,5.230448921,DN17 3HA,D,N,16,Yes,4,1
965B6D91-7125-95E4-E053-6C04A8C07729,25/09/2019,2019,229000,5.359835482,DN15 9DR,D,N,16,Yes,4,3
965B6D91-732D-95E4-E053-6C04A8C07729,30/09/2019,2019,210000,5.322219295,DN15 8UQ,D,N,16,Yes,4,3
965B6D91-7339-95E4-E053-6C04A8C07729,20/09/2019,2019,217500,5.337459261,DN15 8US,D,N,16,Yes,4,3
965B6D91-743C-95E4-E053-6C04A8C07729,18/09/2019,2019,195000,5.290034611,DN15 9DX,D,N,16,Yes,4,3
965B6D91-F095-95E4-E053-6C04A8C07729,27/09/2019,2019,174000,5.240549248,DN7 4GA,D,N,16,Yes,4,3
965B6D91-F177-95E4-E053-6C04A8C07729,30/09/2019,2019,196000,5.292256071,DN7 5AZ,D,N,16,Yes,4,3
965B6D91-F2B5-95E4-E053-6C04A8C07729,24/07/2019,2019,157995,5.198643343,DN8 4FB,D,Y,16,Yes,3,3
965B6D92-2E45-95E4-E053-6C04A8C07729,11/10/2019,2019,145000,5.161368002,DN14 5HY,D,N,16,Yes,3,3
965B6D92-2E90-95E4-E053-6C04A8C07729,20/09/2019,2019,170000,5.230448921,HU15 2UX,D,N,16,Yes,4,3
965B6D92-2EC1-95E4-E053-6C04A8C07729,14/06/2019,2019,315000,5.498310554,DN14 7GP,D,N,16,Yes,4,3
96C7A71E-4D54-4A0F-B92A-1056E9E34B7A,22/07/2011,2011,140000,5.146128036,DN14 7XR,D,N,16,Yes,4,1
97D6DD7B-1EA5-413B-95C0-35D5F5A5BF8F,30/06/2015,2015,281000,5.44870632,DN14 8LB,D,N,16,Yes,3,2
98C75471-E510-72E9-E053-6B04A8C042F0,25/10/2019,2019,126000,5.100370545,DN15 8BB,D,N,16,Yes,4,3
98C75471-E5C3-72E9-E053-6B04A8C042F0,08/11/2019,2019,218000,5.338456494,YO8 6ES,D,N,16,Yes,4,3
98C75471-E614-72E9-E053-6B04A8C042F0,15/11/2019,2019,395000,5.596597096,DN14 5PN,D,N,16,Yes,3,3
98C75471-E871-72E9-E053-6B04A8C042F0,05/11/2019,2019,169950,5.230321169,DN15 8UT,D,N,16,Yes,4,3
98C75471-E893-72E9-E053-6B04A8C042F0,18/10/2019,2019,145000,5.161368002,DN15 8UT,D,N,16,Yes,4,3
98C75472-6211-72E9-E053-6B04A8C042F0,22/02/2019,2019,250000,5.397940009,DN8 4FG,D,Y,16,Yes,3,3
98C75472-6307-72E9-E053-6B04A8C042F0,31/05/2019,2019,199995,5.301019138,DN8 4FG,D,Y,16,Yes,3,3
98C75472-9B30-72E9-E053-6B04A8C042F0,01/08/2019,2019,295000,5.469822016,DN14 7GP,D,N,16,Yes,4,3
98C75472-9B3B-72E9-E053-6B04A8C042F0,11/11/2019,2019,139950,5.145972903,DN14 5UX,D,N,16,Yes,2,3
98C75472-9BC7-72E9-E053-6B04A8C042F0,01/11/2019,2019,270000,5.431363764,DN14 6YQ,D,Y,16,Yes,3,3
98C75472-9BE0-72E9-E053-6B04A8C042F0,21/10/2019,2019,395000,5.596597096,DN14 8HR,D,N,16,Yes,4,3
98D86556-3D89-4C60-8076-D8A9B17F7DF0,25/04/2014,2014,156000,5.193124598,DN15 9EW,D,N,16,Yes,4,2
99CB09FB-C5B0-4371-86F8-8E087E8B84E7,31/01/2011,2011,191250,5.281601444,DN14 7PQ,D,Y,16,Yes,4,1
99E0F14C-D02B-4350-8F0D-32C56ED3D3F5,01/12/2011,2011,250000,5.397940009,DN15 8EL,D,N,16,Yes,4,1
9A12AA62-F6AF-4749-B1C3-5F065CF0B753,20/03/2015,2015,263000,5.419955748,DN14 8HR,D,N,16,Yes,4,2
9B361206-4F51-1904-E053-6B04A8C0EEB5,09/12/2019,2019,125000,5.096910013,DN15 8EQ,D,N,16,Yes,4,3
9B361206-51DA-1904-E053-6B04A8C0EEB5,09/04/2019,2019,139050,5.143170993,DN15 8UT,D,N,16,Yes,4,3
9B361206-BA86-1904-E053-6B04A8C0EEB5,29/11/2019,2019,200000,5.301029996,DN7 6LT,D,N,16,Yes,4,3
9B361206-BC62-1904-E053-6B04A8C0EEB5,12/12/2019,2019,240000,5.380211242,DN8 4BA,D,N,16,Yes,3,3
9B361206-BE2E-1904-E053-6B04A8C0EEB5,15/11/2019,2019,185000,5.267171728,DN7 4GA,D,N,16,Yes,4,3
9B361206-BF54-1904-E053-6B04A8C0EEB5,19/09/2019,2019,199995,5.301019138,DN8 4FG,D,Y,16,Yes,3,3
9B361206-BF58-1904-E053-6B04A8C0EEB5,18/01/2019,2019,250000,5.397940009,DN8 4FG,D,Y,16,Yes,3,3
9B361206-BF68-1904-E053-6B04A8C0EEB5,07/08/2019,2019,199995,5.301019138,DN8 4FG,D,Y,16,Yes,3,3
9B361206-BF78-1904-E053-6B04A8C0EEB5,24/05/2019,2019,199995,5.301019138,DN8 4FG,D,Y,16,Yes,3,3
9B361206-BFE2-1904-E053-6B04A8C0EEB5,04/02/2019,2019,215000,5.33243846,DN8 4FG,D,Y,16,Yes,3,3
9B361206-F271-1904-E053-6B04A8C0EEB5,06/12/2019,2019,384000,5.584331224,DN14 7NJ,D,N,16,Yes,4,3
9B361206-F314-1904-E053-6B04A8C0EEB5,27/11/2019,2019,325000,5.511883361,DN14 9FT,D,Y,16,Yes,3,3
9B361206-F332-1904-E053-6B04A8C0EEB5,13/11/2019,2019,215000,5.33243846,DN14 5PP,D,N,16,Yes,3,3
9BB9E002-D16A-47A9-A641-520500D99F65,27/06/2014,2014,189000,5.276461804,DN14 6FB,D,N,16,Yes,3,2
9BCC09CD-BDAD-4D7C-8712-46DF139C79E7,20/02/2012,2012,173000,5.238046103,DN14 6YH,D,N,16,Yes,3,1
9C160290-BFF2-4D45-A731-37DF4A09BD32,28/02/2013,2013,310000,5.491361694,DN17 4QY,D,N,16,Yes,3,1
9D15F306-FECF-42B9-B8C6-D0CA9C78060D,04/10/2013,2013,350000,5.544068044,DN14 7QX,D,N,16,Yes,4,1
9D98C294-7EF6-4EF8-9781-0AF68ADB648F,02/08/2011,2011,125000,5.096910013,DN14 5HY,D,N,16,Yes,3,1
9D9BF229-6157-4EA5-8319-37FDFC704B4E,10/07/2015,2015,142500,5.153814864,DN14 6YA,D,N,16,Yes,3,2
9DBAD221-C7AD-6EB3-E053-6B04A8C0F257,13/12/2019,2019,660000,5.819543936,DN9 1NE,D,N,16,Yes,4,3
9DBAD221-C8A0-6EB3-E053-6B04A8C0F257,17/12/2019,2019,318000,5.50242712,DN15 9DA,D,N,16,Yes,4,3
9DBAD222-490C-6EB3-E053-6B04A8C0F257,18/12/2019,2019,250000,5.397940009,DN8 4FG,D,Y,16,Yes,3,3
9DC21817-4187-42F0-A362-C66FF62095FA,11/01/2013,2013,130000,5.113943352,DN17 4LZ,D,N,16,Yes,3,1
9DC68F2E-22BB-4EE8-B040-6D35E0CDA02A,29/05/2013,2013,269950,5.431283332,DN14 7GP,D,Y,16,Yes,4,1
9E196A6C-FA4C-4B66-8454-7D00A46EF069,24/04/2015,2015,240000,5.380211242,DN14 7PH,D,N,16,Yes,4,2
9EA410B4-F0F1-4E65-AA38-CB51B27F9F11,05/01/2011,2011,250000,5.397940009,DN14 8SD,D,N,16,Yes,3,1
9FA203B9-AE0C-4830-8DB5-E22A4E9265E6,19/06/2015,2015,152000,5.181843588,DN14 6YE,D,N,16,Yes,3,2
9FC96E00-0F1D-414F-9974-095F456EED3D,26/09/2014,2014,217500,5.337459261,DN17 4PG,D,N,16,Yes,3,2
9FF0D969-CD43-11ED-E053-6C04A8C06383,26/11/2019,2019,500000,5.698970004,DN8 5SX,D,N,16,Yes,4,3
9FF0D96A-33B5-11ED-E053-6C04A8C06383,06/12/2019,2019,149995,5.176076782,DN8 4FB,D,Y,16,Yes,3,3
A0848B56-3704-4C79-8728-59A590A74C58,06/12/2013,2013,112000,5.049218023,DN15 9DX,D,N,16,Yes,4,1
A196B997-18DC-4526-AE94-D206FBEC8600,04/07/2013,2013,180000,5.255272505,DN14 6YH,D,N,16,Yes,3,1
A1D3E6BB-F2C5-49E2-8494-4FBB7DC2ACE9,13/03/2014,2014,232000,5.365487985,DN14 6FG,D,N,16,Yes,3,2
A23751B5-E882-4B48-AB3F-535D3EC101B6,07/11/2014,2014,190000,5.278753601,DN17 4GA,D,N,16,Yes,3,2
A2479555-C149-74C7-E053-6B04A8C0887D,20/12/2019,2019,297000,5.472756449,DN14 8ES,D,N,16,Yes,3,3
A347BE81-F14F-4BAE-BD65-A1E6714F122A,28/03/2011,2011,132000,5.120573931,DN8 4PG,D,N,16,Yes,3,1
A3DD6CD6-1306-4838-B3C8-9FC5E6C620FC,11/03/2015,2015,232500,5.366422957,DN14 7DL,D,N,16,Yes,3,2
A43F3635-4D20-4277-9C28-19E38398F58E,09/12/2011,2011,138500,5.141449773,DN17 4DL,D,N,16,Yes,3,1
A501161D-09EF-4E70-A186-88D1F10010BB,22/07/2013,2013,130000,5.113943352,DN15 8UT,D,N,16,Yes,4,1
A525C14B-00DD-41B8-8330-B3CC5A599A0B,23/01/2015,2015,245000,5.389166084,DN14 8DD,D,N,16,Yes,2,2
A5C65FBE-C508-4DC1-A45E-149A6A17B192,09/12/2011,2011,167500,5.224014811,DN14 6YH,D,N,16,Yes,3,1
A5E65756-4B80-4189-B2B9-BDAEA98B871A,27/09/2012,2012,198000,5.29666519,DN14 7GP,D,Y,16,Yes,4,1
A71375FD-FC5E-7576-E053-6C04A8C0462F,02/08/2019,2019,290000,5.462397998,DN14 6BN,D,N,16,Yes,2,3
A7E95427-0006-49E0-915E-EC11FB1B653C,06/06/2014,2014,143000,5.155336037,DN17 4AS,D,N,16,Yes,4,2
A83B413E-4B68-405F-A7C1-1A7CF305BBC6,13/05/2014,2014,195000,5.290034611,DN15 9HE,D,N,16,Yes,4,2
AA325DB2-4152-45ED-B598-FF779B8697CA,30/08/2013,2013,148000,5.170261715,DN15 8UQ,D,N,16,Yes,4,1
AAA19158-B1B2-45F2-94EC-6335313E31F0,02/06/2011,2011,189950,5.278639298,DN14 9AN,D,N,16,Yes,4,1
AAD5754E-EC20-4814-98A3-04F9D5F62AAC,27/03/2015,2015,145000,5.161368002,DN7 4GA,D,N,16,Yes,4,2
AC07BBD0-7950-0445-E053-6C04A8C01E31,15/03/2019,2019,199995,5.301019138,DN8 4FG,D,Y,16,Yes,3,3
ADA53040-1D17-4531-BD3F-005BF8322791,17/04/2015,2015,180000,5.255272505,DN14 8AX,D,N,16,Yes,1,2
AE2FEC5F-2988-450B-A03A-2FFCC7F6EDC0,02/09/2014,2014,145000,5.161368002,DN15 9EW,D,N,16,Yes,4,2
AE4D86D4-16D3-4619-E053-6C04A8C03CD0,21/08/2019,2019,380000,5.579783597,DN9 1NE,D,N,16,Yes,4,3
AE4D86D4-6EBF-4619-E053-6C04A8C03CD0,07/06/2019,2019,199995,5.301019138,DN8 4FG,D,Y,16,Yes,3,3
AF9E2542-8333-4CF2-9F53-A3C9FCD6649D,08/10/2012,2012,124950,5.09673626,DN15 8UT,D,N,16,Yes,4,1
B0A9D11B-D185-4C1F-E053-6C04A8C0D716,10/10/2019,2019,199950,5.300921408,DN8 4FG,D,Y,16,Yes,3,3
B1028DF6-C56D-4430-94D1-A0A979B1BB68,27/05/2011,2011,260000,5.414973348,DN14 7DL,D,N,16,Yes,3,1
B23478AA-899F-49A2-8CC3-39DE0956CA34,28/08/2015,2015,163500,5.213517757,DN7 4GA,D,N,16,Yes,4,2
B2ECF0B4-C30D-4DE1-9642-E2F8D8A2521D,06/06/2012,2012,104000,5.017033339,DN14 5UL,D,Y,16,Yes,2,1
2AC10E4F-94D3-1AF6-E050-A8C063052BA1,10/12/2015 00:00,2015,225000,5.352182518,DN9 1JN,D,N,,,4,2
B2FC7B6D-1077-4D34-86D3-612CA72F329A,04/07/2012,2012,177500,5.249198357,DN14 8LB,D,N,16,Yes,3,1
B435F36D-086D-4D80-8466-900031481113,15/06/2012,2012,180000,5.255272505,DN8 5NT,D,N,16,Yes,3,1
B8175B69-E654-4C63-BA94-C9928F66A773,25/01/2013,2013,269950,5.431283332,DN14 7GP,D,Y,16,Yes,4,1
B8FC9930-8BCA-4C43-8064-4B8ECE34F7AA,16/12/2011,2011,180000,5.255272505,DN14 6FB,D,N,16,Yes,3,1
B92126BB-1345-4C57-A4D7-C260C73F7C3E,24/01/2014,2014,130000,5.113943352,DN8 4PG,D,N,16,Yes,3,2
BACE36E8-6C99-44C4-9734-92DB248A4F41,24/07/2015,2015,300000,5.477121255,DN14 7NJ,D,N,16,Yes,4,2
BC3C53F9-C729-4D2E-8046-6DC1FEB065E1,15/06/2012,2012,128000,5.10720997,YO8 8HJ,D,N,16,Yes,4,1
BC428661-101A-43F3-A53C-7E53CF553AB3,22/06/2012,2012,220000,5.342422681,DN15 8EQ,D,N,16,Yes,4,1
BC60D151-51AD-4E9E-8A59-852C2DE5C308,24/10/2014,2014,317000,5.501059262,DN14 5JB,D,N,16,Yes,2,2
BC9B64AF-36AB-45C6-B35B-D2EC22AAFBD5,15/01/2015,2015,134000,5.127104798,DN15 9BW,D,N,16,Yes,4,2
BEFFBDE3-B3D9-47C6-B551-F8015A38DB7F,01/06/2012,2012,220000,5.342422681,DN15 8EQ,D,N,16,Yes,4,1
C0A5F606-1701-4C1E-B37E-2E17DC88000D,23/03/2012,2012,223000,5.348304863,DN14 7GP,D,Y,16,Yes,4,1
C0BCAAF2-42EF-41B3-BDCA-3B00594428D6,03/10/2014,2014,225000,5.352182518,DN17 4GA,D,N,16,Yes,3,2
C0BFA4C3-A4EA-469C-BED8-3CB4B8C7B87C,13/09/2013,2013,110000,5.041392685,DN8 4NX,D,N,16,Yes,3,1
C16137A0-4EF7-431F-90F6-34B49BA54B12,25/11/2011,2011,116500,5.066325925,DN17 4RD,D,N,16,Yes,3,1
C1D36AA0-A838-436C-97A7-E093E714BD99,16/01/2015,2015,277500,5.443262987,DN15 8JD,D,N,16,Yes,4,2
C2F4AB13-11E2-4E2D-9C0F-DED6DA2E16C9,03/06/2011,2011,325000,5.511883361,DN14 0RB,D,N,16,Yes,4,1
C356C7FF-5CE4-4580-B4C2-2D434B257FEF,31/07/2015,2015,193000,5.285557309,DN15 9BT,D,N,16,Yes,4,2
C3AC4714-F972-42C7-85C5-CDDA14E77FF5,05/08/2011,2011,240000,5.380211242,DN14 7FN,D,N,16,Yes,3,1
C4402F48-A909-49E3-866E-B1CE11D6F21B,31/10/2013,2013,125000,5.096910013,DN8 4AW,D,N,16,Yes,3,1
C4DA4962-9FC9-4020-9359-BEBCA3186BDF,19/12/2011,2011,215000,5.33243846,DN14 7RY,D,N,16,Yes,3,1
C522C274-629F-4C39-8135-E24FC02C4B90,17/01/2014,2014,166500,5.221414238,DN8 4BA,D,N,16,Yes,3,2
C5765F7D-21B1-4C81-9C63-3F994519726A,24/06/2011,2011,91000,4.959041392,DN14 8EY,D,N,16,Yes,3,1
C6DBFB7F-9689-407A-AB72-FA3B819120BF,20/06/2011,2011,170000,5.230448921,DN15 8TA,D,N,16,Yes,4,1
C6FD6FC4-BD49-4078-A5A9-16B2CBC724E5,12/11/2013,2013,367500,5.565257343,DN6 0HL,D,N,16,Yes,4,1
C7574CD5-8DAB-4642-A51F-5BFD40BB21D2,24/10/2014,2014,154450,5.188787913,DN15 9DR,D,N,16,Yes,4,2
C809027D-7494-4A86-9755-0908A9B8BDAA,02/05/2012,2012,205000,5.311753861,DN15 9DA,D,N,16,Yes,4,1
C8550EF7-9E41-4C84-BF23-367C44573A44,19/10/2012,2012,89000,4.949390007,DN15 8BJ,D,N,16,Yes,4,1
C9AE04BF-D664-4588-BAFE-8F4641310E42,13/02/2015,2015,186500,5.270678836,DN15 8YL,D,N,16,Yes,4,2
CAFDF23C-D805-49E6-8108-5CBA75C8DC4D,15/12/2011,2011,100000,5,DN15 8AW,D,N,16,Yes,4,1
CC67174D-17E8-4CC2-8EA8-D12479ACAFFB,13/02/2014,2014,205000,5.311753861,DN15 9DR,D,N,16,Yes,4,2
CC8004A3-D4E8-4210-A0B6-B85DE59EB75B,10/07/2015,2015,190000,5.278753601,DN9 1NE,D,N,16,Yes,4,2
CC972415-F07F-4F6B-834E-0A8755804C89,13/06/2014,2014,189950,5.278639298,DN15 8US,D,N,16,Yes,4,2
CC977730-CAEB-4424-B39D-4FE2925E752C,26/08/2015,2015,145000,5.161368002,DN7 4GA,D,N,16,Yes,4,2
CDB704E6-03E0-4463-8FCF-406E3CA70CBC,14/10/2013,2013,155000,5.190331698,DN14 8HR,D,N,16,Yes,4,1
CE33DFD3-CB86-4DDA-9753-BEBDB67F6A0F,20/05/2011,2011,142000,5.152288344,DN14 7NJ,D,N,16,Yes,4,1
CF6348A0-4DE6-4606-9837-4D37828AFAA7,27/06/2013,2013,259950,5.414889822,DN14 7GP,D,Y,16,Yes,4,1
D0035CA1-6AB2-4AA2-BABA-B9E22FDFEE89,19/06/2013,2013,270000,5.431363764,DN15 8UQ,D,N,16,Yes,4,1
D0163C93-F5A6-482B-B867-ACA22F8AFDF9,26/01/2015,2015,177500,5.249198357,DN15 8TA,D,N,16,Yes,4,2
D21FD6CD-AE17-47BB-9A53-A15A3D0E0C2B,30/06/2011,2011,208952,5.320046532,DN14 7GP,D,Y,16,Yes,4,1
D677C103-F76E-4A2E-908B-349DB2AC2E2F,28/10/2013,2013,189950,5.278639298,DN15 8RP,D,N,16,Yes,4,1
D69F0200-4EB3-4FFF-9E22-E1ADD681866D,24/01/2014,2014,149000,5.173186268,DN8 5PE,D,N,16,Yes,3,2
D70184BD-F47E-43B9-AE85-2F45A5DE86FF,26/03/2014,2014,183000,5.26245109,DN14 6FB,D,N,16,Yes,3,2
D8B57C68-CA52-4069-925D-D7C6D641E115,28/03/2014,2014,95000,4.977723605,DN8 5BP,D,N,16,Yes,3,2
D940E672-DF72-4E4D-906B-B98E86A4F6E7,20/05/2015,2015,195000,5.290034611,DN14 6FB,D,N,16,Yes,3,2
D95079BC-BE6E-4416-B5AE-218A8F4974EB,26/07/2013,2013,199950,5.300921408,DN14 7GP,D,N,16,Yes,4,1
DA2D162B-860C-4D11-9E68-8DD28349E9BF,03/10/2013,2013,242000,5.383815366,DN6 0HL,D,N,16,Yes,4,1
DA8AFA07-A037-4595-A4A8-1DB759367976,07/05/2015,2015,295000,5.469822016,DN15 8JD,D,N,16,Yes,4,2
DB538FA2-F3A4-40D2-B619-C45AB6ADDB38,13/12/2013,2013,124950,5.09673626,DN15 8US,D,N,16,Yes,4,1
DC3C2649-0DD7-432A-ACF3-8CEAED75385B,02/12/2011,2011,140000,5.146128036,DN15 8US,D,N,16,Yes,4,1
DEFDCB8D-DC02-4D61-B2E1-557D26D12385,20/11/2014,2014,85000,4.929418926,DN7 6QL,D,N,16,Yes,4,2
DF876E7E-A8F6-4A1A-A2AA-CFFA4BEA1365,20/03/2012,2012,177500,5.249198357,DN15 8RP,D,N,16,Yes,4,1
E04E415C-5E17-408E-9895-159CF860684A,30/06/2015,2015,307000,5.487138375,DN14 7GL,D,N,16,Yes,3,2
E1F4F9E6-08D4-4DEB-8080-1525798A197F,30/09/2011,2011,139950,5.145972903,DN15 8TA,D,N,16,Yes,4,1
E1F7ED59-55E8-447E-874B-338E2A9E153E,10/04/2015,2015,120000,5.079181246,DN15 8UQ,D,N,16,Yes,4,2
E2278251-76B8-4FCE-B725-4F2917FEA34B,29/07/2011,2011,80000,4.903089987,DN15 8BJ,D,N,16,Yes,4,1
E2DFE6C0-4232-4AAF-9744-5D93C866FDFF,21/01/2011,2011,399000,5.600972896,DN14 7QX,D,N,16,Yes,4,1
E532B567-815E-42F0-BA08-93D99481E9C8,14/08/2014,2014,295000,5.469822016,DN9 1NE,D,N,16,Yes,4,2
E602CDB7-CAA3-45F8-A1AA-DED6B3829437,27/06/2014,2014,325000,5.511883361,DN14 7GL,D,N,16,Yes,3,2
E631431E-5182-44E1-A403-C048D329815E,02/09/2014,2014,189000,5.276461804,DN17 3HA,D,N,16,Yes,4,2
E644BDDC-E31D-49F0-AC14-CDE002C86DF6,18/04/2013,2013,250000,5.397940009,DN15 8EN,D,N,16,Yes,4,1
E9A304B8-7DF5-468B-8738-FB4DD51B7E00,14/10/2011,2011,305000,5.484299839,DN14 7FN,D,N,16,Yes,3,1
E9C7A82D-1D2C-46A7-BD29-C8F4321BA90C,07/07/2011,2011,250000,5.397940009,DN15 9HB,D,N,16,Yes,4,1
EAB420D8-AB64-42FA-92E6-EB472A85CBA4,01/05/2015,2015,118000,5.071882007,DN8 4BA,D,N,16,Yes,3,2
EBEC928D-FC26-4CAC-8A55-DD61C758B048,01/11/2012,2012,250000,5.397940009,DN9 1PS,D,N,16,Yes,4,1
EC44B827-07D4-42FD-ACA9-251664446068,31/05/2013,2013,145000,5.161368002,DN15 9EW,D,N,16,Yes,4,1
EC7AD099-BCCE-9200-E053-6C04A8C0E306,20/01/2012,2012,185000,5.267171728,DN15 9JF,D,N,16,Yes,4,1
EDFCF8F3-111C-46ED-BF84-04784E5DBB34,07/11/2013,2013,145000,5.161368002,DN14 6YG,D,N,16,Yes,3,1
EE3D078C-083F-4C87-87B3-2F77454DB423,11/03/2013,2013,365000,5.562292864,DN14 7LZ,D,N,16,Yes,4,1
EF662F9C-BF66-46DA-9DDE-4B14FB04FAAD,23/01/2013,2013,214000,5.330413773,DN14 7GP,D,N,16,Yes,4,1
F2842742-996F-4F42-9382-584758F57617,02/05/2012,2012,187000,5.271841607,DN15 8TA,D,N,16,Yes,4,1
F400017A-6EC1-4712-A86F-E26DB93E74C2,17/07/2015,2015,218000,5.338456494,DN14 8HQ,D,N,16,Yes,3,2
F45C30D1-9B7E-4B1B-9BD8-FB07E3FB884F,30/05/2012,2012,195000,5.290034611,DN14 7GP,D,Y,16,Yes,4,1
F4E59BDC-25B0-484F-BBA4-2980EABCA474,12/06/2014,2014,163000,5.212187604,DN14 6JU,D,N,16,Yes,3,2
F50A05AB-DC39-4C7B-8EAC-C62664A4ECBF,04/03/2013,2013,134000,5.127104798,DN7 4GA,D,N,16,Yes,4,1
F71DBC1C-7B4E-4D28-AC02-A81D9E18A91B,17/01/2014,2014,200000,5.301029996,DN14 7NJ,D,N,16,Yes,4,2
F7D207B0-1063-453D-998B-54C4A44E7C76,15/10/2013,2013,282000,5.450249108,DN14 8HL,D,N,16,Yes,3,1
F8626837-2728-468F-85A8-DB2C68999DDE,02/05/2012,2012,250000,5.397940009,DN15 9DA,D,N,16,Yes,4,1
F90D6B5F-243A-4FF7-9C9E-0E7E879B889C,19/09/2014,2014,275000,5.439332694,HU15 2TB,D,N,16,Yes,4,2
F9BB158A-F3FB-4425-9AF7-8FC3C3E1574B,24/06/2011,2011,138500,5.141449773,DN14 6YG,D,N,16,Yes,3,1
FA4D7F75-E5E0-4A76-8A2C-179CAED57CDA,29/08/2012,2012,123000,5.089905111,DN14 9EP,D,N,16,Yes,3,1
FD22F721-CC53-4743-A635-58A022F95889,06/07/2012,2012,100000,5,DN15 8UT,D,N,16,Yes,4,1
FE4AA0AC-5625-4671-A4A5-9675D97AE980,12/12/2013,2013,168000,5.225309282,DN15 9HB,D,N,16,Yes,4,1
FE663337-EC31-4902-B680-661070DFF51D,04/04/2014,2014,148000,5.170261715,DN8 4BA,D,N,16,Yes,3,2
FEBA9429-23D9-4E99-BFE7-19D60B6C6A39,17/10/2014,2014,275000,5.439332694,DN14 7GP,D,N,16,Yes,4,2
FF0913FA-5CA3-4331-B4DC-D76AD1E10EB9,14/09/2012,2012,154000,5.187520721,DN14 6YG,D,N,16,Yes,3,1
FFA361DB-39D8-8A03-E053-4804A8C01F61,06/08/2019,2019,199950,5.300921408,DN8 4FG,D,N,16,Yes,3,3
001FCC65-FBDD-46AF-A241-744D803681F4,25/11/2014,2014,287500,5.458637849,YO8 6RJ,D,N,15,Yes,4,2
00E07537-0151-4634-84A3-AF4B162D4D12,23/03/2012,2012,231475,5.364504093,DN14 7QP,D,N,15,Yes,4,1
012431FD-3326-4CAD-AB20-FDD154D4D399,28/03/2013,2013,170000,5.230448921,DN14 6UX,D,N,15,Yes,2,1
01C27FFA-05AD-4787-9763-F2D455FA0628,30/06/2015,2015,231250,5.364081741,DN14 9TE,D,N,15,Yes,4,2
088A0800-0939-4203-892F-DC3F142ABC6C,30/01/2015,2015,235000,5.371067862,YO8 8GY,D,N,15,Yes,4,2
0A87EF94-BC9E-4C0A-ABEB-48287E147BE1,05/10/2012,2012,240000,5.380211242,DN17 4GL,D,N,15,Yes,3,1
0AE4B353-BD56-4A8E-8D5E-86650FEA2AE0,28/08/2015,2015,170000,5.230448921,HU15 2UQ,D,N,15,Yes,4,2
11BD7F5E-9E42-4029-9082-48176B32CF2F,24/03/2014,2014,239000,5.378397901,HU15 2GD,D,N,15,Yes,4,2
1291B558-1862-4F4D-82B4-48F88689AF85,18/01/2013,2013,147000,5.167317335,DN14 7PW,D,N,15,Yes,4,1
13171A76-CAB8-41C2-AD0B-BEF860831AE1,29/09/2014,2014,143000,5.155336037,DN14 7QP,D,N,15,Yes,4,2
151155D4-A91C-4026-8400-6ADB4E04FA46,28/08/2015,2015,193500,5.286680969,DN8 5BJ,D,N,15,Yes,3,2
16189FBD-8159-44AD-A09F-BE137145A0B2,18/10/2013,2013,192000,5.283301229,YO8 6QW,D,N,15,Yes,4,1
16414170-FEEC-4309-A5FC-44E06B611DF1,20/11/2014,2014,52500,4.720159303,DN14 8AQ,D,N,15,Yes,2,2
1736B6FE-E8B6-4194-B040-37C72D890792,28/08/2014,2014,325000,5.511883361,DN14 7AG,D,N,15,Yes,4,2
18B98DD9-AD4E-4A8B-9014-C013108B0B7A,28/03/2013,2013,85000,4.929418926,DN17 4QP,D,N,15,Yes,3,1
1B218C92-C27A-432B-87EC-55B46160CA75,20/03/2015,2015,185000,5.267171728,DN9 1PY,D,N,15,Yes,4,2
1BB2F852-50CD-4ACA-99BD-490FAC4A9541,12/09/2013,2013,150000,5.176091259,DN8 5NN,D,N,15,Yes,3,1
1C6A614C-E3A1-49F4-BBD7-06591543E7D4,12/08/2011,2011,279995,5.447150276,DN17 4GL,D,Y,15,Yes,3,1
1D12C4C7-694A-4F66-8997-C3E3138F8DDB,12/07/2012,2012,182000,5.260071388,DN7 6RP,D,Y,15,Yes,4,1
1FFE3D31-5FCF-476C-B189-F5ADBCA41BDA,12/03/2014,2014,249999,5.397938271,HU15 2GD,D,N,15,Yes,4,2
201D651D-6D38-4E74-BDD3-8FCD2A42F52A,01/08/2014,2014,195000,5.290034611,YO8 8GY,D,Y,15,Yes,4,2
22EED6F1-2746-4C36-9FB4-5C510156560C,06/06/2014,2014,134000,5.127104798,DN15 8XS,D,N,15,Yes,4,2
232AFEEF-7C71-4987-857F-64197D5B3280,20/12/2013,2013,177000,5.247973266,DN7 6AT,D,N,15,Yes,4,1
23B6165E-5CF0-FCF4-E050-A8C0620577FA,12/06/2015,2015,96000,4.982271233,DN15 8BL,D,N,15,Yes,4,2
23B6165E-5D0D-FCF4-E050-A8C0620577FA,22/09/2015,2015,286000,5.456366033,DN14 6LJ,D,N,15,Yes,3,2
23B6165E-5FCC-FCF4-E050-A8C0620577FA,23/10/2015,2015,210000,5.322219295,DN15 8RW,D,N,15,Yes,4,2
23B6165E-EC58-FCF4-E050-A8C0620577FA,09/10/2015,2015,220000,5.342422681,DN8 5BH,D,N,15,Yes,3,2
23B6165F-2E61-FCF4-E050-A8C0620577FA,24/09/2015,2015,163000,5.212187604,DN14 5TX,D,N,15,Yes,2,2
247F2763-21CE-4621-9709-94924B5D858B,05/04/2013,2013,237000,5.374748346,HU15 2GB,D,N,15,Yes,4,1
2522B05B-1D1F-4515-8B45-8F9520F84672,25/06/2014,2014,135000,5.130333768,DN15 8XS,D,N,15,Yes,4,2
2532C432-7B4E-4066-A508-AFEAB7152062,14/01/2011,2011,150000,5.176091259,DN14 6JP,D,N,15,Yes,3,1
25DF6544-7E78-4063-B4AF-FC3B6E442932,27/01/2014,2014,168000,5.225309282,DN15 8RW,D,N,15,Yes,4,2
25EA59FA-0EBC-4D50-E050-A8C0630562D0,09/10/2015,2015,228000,5.357934847,DN14 0RY,D,N,15,Yes,4,2
25EA59FA-355F-4D50-E050-A8C0630562D0,02/11/2015,2015,377000,5.57634135,DN7 6PR,D,N,15,Yes,4,2
25EA59FA-3576-4D50-E050-A8C0630562D0,16/11/2015,2015,99000,4.995635195,DN8 5TU,D,N,15,Yes,3,2
2EFFBFDE-8C86-465E-A72A-3059D8D176DE,31/08/2012 00:00,2012,225000,5.352182518,DN9 1JN,D,N,,,4,1
25EA59FA-38F6-4D50-E050-A8C0630562D0,13/11/2015,2015,215000,5.33243846,DN8 5BH,D,N,15,Yes,3,2
2701E702-3C1A-42A2-8F18-6D31FCFF8821,10/03/2014,2014,150000,5.176091259,DN14 6US,D,N,15,Yes,2,2
2F3EBB1B-E97C-4134-8F60-2C40785A1A72,22/12/2011 00:00,2011,210995,5.324272164,DN9 1GX,D,Y,,,4,1
288DCE29-387E-E510-E050-A8C06205480E,18/11/2015,2015,114500,5.058805487,DN15 8TB,D,N,15,Yes,4,2
288DCE29-3A6E-E510-E050-A8C06205480E,09/12/2015,2015,263000,5.419955748,DN9 1PA,D,N,15,Yes,4,2
2F772747-2288-3534-E050-A8C0630513CD,31/03/2016 00:00,2016,215000,5.33243846,DN9 1JZ,D,N,,,4,2
288DCE2A-03D9-E510-E050-A8C06205480E,27/11/2015,2015,118000,5.071882007,DN14 8BP,D,N,15,Yes,2,2
28E90A18-8419-47D8-BB8A-2B51E021BBD0,21/11/2013,2013,452500,5.655618584,DN14 7NH,D,N,15,Yes,4,1
2AB23206-C5E6-4BC4-99D6-9A1A6C66F403,20/11/2013,2013,293000,5.46686762,HU15 2GB,D,N,15,Yes,4,1
2AC10E4F-9293-1AF6-E050-A8C063052BA1,08/01/2016,2016,182500,5.261262869,DN14 6JP,D,N,15,Yes,3,2
2AC10E4F-E413-1AF6-E050-A8C063052BA1,22/12/2015,2015,320000,5.505149978,YO8 6RJ,D,N,15,Yes,4,2
2AC10E4F-E488-1AF6-E050-A8C063052BA1,08/01/2016,2016,306000,5.485721426,YO8 6RJ,D,N,15,Yes,4,2
2AC10E50-4FE3-1AF6-E050-A8C063052BA1,11/12/2015,2015,205000,5.311753861,HU15 2GB,D,N,15,Yes,4,2
2D1E4B26-AB9F-FCD1-E050-A8C0630544EC,11/09/2015,2015,213000,5.328379603,DN14 0WN,D,N,15,Yes,4,2
2D1E4B26-ACB2-FCD1-E050-A8C0630544EC,01/02/2016,2016,243000,5.385606274,YO8 8GY,D,Y,15,Yes,4,2
2D1E4B27-107C-FCD1-E050-A8C0630544EC,22/01/2016,2016,164000,5.214843848,DN14 6WB,D,N,15,Yes,3,2
2D2BA462-AA41-46B0-9335-6BE9B84080AA,17/07/2013,2013,100000,5,DN14 6WB,D,N,15,Yes,3,1
2D544EF1-C69A-4812-AD7A-02BCCB77E0AE,02/09/2015,2015,169000,5.227886705,DN17 4QJ,D,N,15,Yes,3,2
2F032866-4CE6-4577-A5E7-CEAF04CE131E,10/11/2014,2014,168000,5.225309282,DN8 5GG,D,N,15,Yes,3,2
2F72494C-A780-4B7F-9244-5AB3C4CB26EB,06/01/2012,2012,68000,4.832508913,DN14 8AQ,D,N,15,Yes,2,1
2FD36065-9A76-4BF8-E050-A8C0620562B1,01/03/2016,2016,242000,5.383815366,DN9 1PA,D,N,15,Yes,4,2
2FD36065-9B3F-4BF8-E050-A8C0620562B1,18/03/2016,2016,223500,5.349277527,DN14 7QP,D,N,15,Yes,4,2
2FD36065-E5D4-4BF8-E050-A8C0620562B1,02/03/2016,2016,220000,5.342422681,YO8 6QD,D,N,15,Yes,4,2
2FD36065-9C75-4BF8-E050-A8C0620562B1,28/01/2016 00:00,2016,221000,5.344392274,DN9 1GX,D,N,,,4,2
2FD36065-9CD2-4BF8-E050-A8C0620562B1,17/07/2015 00:00,2015,148000,5.170261715,DN9 1JT,D,N,,,4,2
2FD36066-4B5F-4BF8-E050-A8C0620562B1,03/03/2016,2016,180000,5.255272505,DN14 6AY,D,Y,15,Yes,3,2
30846470-2058-4A5C-A32D-41C8CE5C7378,05/04/2012,2012,110000,5.041392685,DN8 5AA,D,N,15,Yes,3,1
31FB4C17-685C-57B9-E050-A8C063053436,30/03/2016,2016,270000,5.431363764,DN14 6UY,D,N,15,Yes,2,2
31FB4C17-68C2-57B9-E050-A8C063053436,23/03/2016,2016,190000,5.278753601,DN14 6NL,D,N,15,Yes,3,2
323C6B93-A967-49AB-90A5-C0FFC06FB635,24/10/2014,2014,115000,5.06069784,DN8 5TU,D,N,15,Yes,3,2
326FFCFB-48D5-4878-9EF7-3CA570F7AACA,28/10/2011,2011,39000,4.591064607,DN14 8AQ,D,N,15,Yes,2,1
34428D7E-BEAC-B86C-E050-A8C06205059C,17/03/2016,2016,180000,5.255272505,DN14 6AY,D,Y,15,Yes,3,2
34428D7E-BEB3-B86C-E050-A8C06205059C,31/03/2016,2016,180000,5.255272505,DN14 6AY,D,Y,15,Yes,3,2
34428D7E-BEB7-B86C-E050-A8C06205059C,14/04/2016,2016,180000,5.255272505,DN14 6AY,D,Y,15,Yes,3,2
369DFB15-C804-3A19-E050-A8C0620518C6,02/06/2016,2016,225000,5.352182518,DN17 3JA,D,N,15,Yes,4,2
369DFB15-C8C4-3A19-E050-A8C0620518C6,01/06/2016,2016,300000,5.477121255,DN9 1PY,D,N,15,Yes,4,2
369DFB16-12CF-3A19-E050-A8C0620518C6,08/04/2016,2016,242500,5.384711743,YO8 6QD,D,N,15,Yes,4,2
369DFB16-3CE1-3A19-E050-A8C0620518C6,03/06/2016,2016,193000,5.285557309,DN7 6PP,D,N,15,Yes,4,2
369DFB16-3E6A-3A19-E050-A8C0620518C6,12/05/2016,2016,105000,5.021189299,DN8 5AA,D,N,15,Yes,3,2
39140479-BB3C-3206-E050-A8C063057647,08/07/2016,2016,289000,5.460897843,DN9 1PY,D,N,15,Yes,4,2
3914047A-72E3-3206-E050-A8C063057647,08/07/2016,2016,172000,5.235528447,DN14 6US,D,N,15,Yes,2,2
3914047A-7390-3206-E050-A8C063057647,12/05/2016,2016,210000,5.322219295,DN14 6AY,D,Y,15,Yes,3,2
3914047A-7391-3206-E050-A8C063057647,13/05/2016,2016,160000,5.204119983,DN14 6AY,D,Y,15,Yes,3,2
392F9DC2-CB28-4F9B-86E0-977B5827897A,12/07/2013,2013,217500,5.337459261,DN14 9TE,D,N,15,Yes,4,1
3983E0BC-D8CB-47B8-BFCB-BE5E5E1CFDF0,07/02/2013,2013,177000,5.247973266,DN14 6WB,D,N,15,Yes,3,1
3A36A474-793F-49A8-A636-DC4007B31919,18/01/2012,2012,115000,5.06069784,DN7 6AT,D,N,15,Yes,4,1
3B7E0B90-739F-EA99-E050-A8C062057E77,03/08/2016,2016,160000,5.204119983,DN7 6AT,D,N,15,Yes,4,2
3B7E0B90-73D2-EA99-E050-A8C062057E77,29/07/2016,2016,192000,5.283301229,DN7 6TR,D,N,15,Yes,4,2
3B7E0B90-B4A8-EA99-E050-A8C062057E77,15/07/2016,2016,170000,5.230448921,DN14 6WB,D,N,15,Yes,3,2
3B7E0B90-B4C6-EA99-E050-A8C062057E77,23/08/2016,2016,245000,5.389166084,HU15 2GD,D,N,15,Yes,4,2
3E0330EF-DA50-8D89-E050-A8C062052140,18/08/2016,2016,210000,5.322219295,DN14 5PF,D,N,15,Yes,3,2
3E0330F0-6003-8D89-E050-A8C062052140,12/08/2016,2016,207500,5.317018101,DN8 5BJ,D,N,15,Yes,3,2
3E0330F0-A5BF-8D89-E050-A8C062052140,02/09/2016,2016,195000,5.290034611,DN14 6WB,D,N,15,Yes,3,2
3E0330F0-A617-8D89-E050-A8C062052140,02/09/2016,2016,248000,5.394451681,DN14 9TE,D,N,15,Yes,4,2
3E0330F0-A61F-8D89-E050-A8C062052140,09/09/2016,2016,196000,5.292256071,DN14 6US,D,N,15,Yes,2,2
3E77BF4B-9DCB-4D09-8800-F0F107F9C222,18/05/2012,2012,168000,5.225309282,DN14 7AG,D,N,15,Yes,4,1
3FAA3EFD-EB2C-44CB-A6F2-9A6A4567DCC8,05/12/2012,2012,180000,5.255272505,DN14 6RQ,D,N,15,Yes,3,1
404A5AF3-900F-CD2B-E050-A8C063055C7B,28/09/2016,2016,310000,5.491361694,DN9 1PY,D,N,15,Yes,4,2
404A5AF3-DC8B-CD2B-E050-A8C063055C7B,06/10/2016,2016,325000,5.511883361,YO8 6RJ,D,N,15,Yes,4,2
404A5AF3-DCA4-CD2B-E050-A8C063055C7B,14/10/2016,2016,330000,5.51851394,YO8 6RJ,D,N,15,Yes,4,2
404A5AF4-49B6-CD2B-E050-A8C063055C7B,30/09/2016,2016,150000,5.176091259,DN14 8PH,D,N,15,Yes,2,2
4126A318-1ECE-471E-B201-9B7A8AF115F5,02/08/2013,2013,152000,5.181843588,DN14 6WB,D,N,15,Yes,3,1
426EFA1C-DFB6-4C12-8F0C-600F85487A97,05/09/2012,2012,307500,5.48784512,YO8 6RJ,D,N,15,Yes,4,1
42A098BB-C44D-423E-ADB5-B4D285C359BD,21/06/2013,2013,128000,5.10720997,DN17 4DN,D,N,15,Yes,3,1
42A5A709-4395-56E8-E050-A8C06205331E,03/11/2016,2016,150000,5.176091259,DN17 4LY,D,N,15,Yes,3,2
42A5A70A-04CF-56E8-E050-A8C06205331E,03/11/2016,2016,215000,5.33243846,DN14 6WB,D,N,15,Yes,3,2
453D27A3-8C83-EF91-E050-A8C0630574D7,06/12/2016,2016,285000,5.45484486,DN7 4DL,D,N,15,Yes,4,2
453D27A3-8FB1-EF91-E050-A8C0630574D7,04/11/2016,2016,179000,5.252853031,DN7 6TR,D,N,15,Yes,4,2
453D27A3-CA85-EF91-E050-A8C0630574D7,16/12/2016,2016,175000,5.243038049,DN14 7PW,D,N,15,Yes,4,2
47844C7F-DCAF-8986-E050-A8C063056488,09/09/2016,2016,155000,5.190331698,DN9 1PA,D,N,15,Yes,4,2
47844C80-2E68-8986-E050-A8C063056488,19/08/2016,2016,238000,5.376576957,YO8 8GY,D,Y,15,Yes,4,2
47844C80-590F-8986-E050-A8C063056488,19/12/2016,2016,160000,5.204119983,DN7 4DL,D,N,15,Yes,4,2
47D118F3-5794-4A8D-95DC-E099D85A18A2,19/09/2011,2011,200000,5.301029996,YO8 6QW,D,N,15,Yes,4,1
48894604-4611-403E-9B44-5CF2758FF2F4,06/08/2014,2014,193000,5.285557309,YO8 8GY,D,N,15,Yes,4,2
48C4B49B-CB79-4FDC-BF71-1604DDC3857A,12/09/2014,2014,241800,5.383456297,DN14 9TE,D,N,15,Yes,4,2
49B7852A-5C78-7921-E050-A8C063056E8D,30/01/2017,2017,255000,5.40654018,YO8 6QD,D,N,15,Yes,4,3
49B7852A-857B-7921-E050-A8C063056E8D,14/10/2016,2016,375000,5.574031268,DN8 5SQ,D,N,15,Yes,4,2
49B7852A-BCD3-7921-E050-A8C063056E8D,10/02/2017,2017,250000,5.397940009,DN14 9TE,D,N,15,Yes,4,3
49DB66FD-BD43-47DB-96AC-EBF513CEDE63,12/08/2015,2015,310000,5.491361694,DN7 6AT,D,N,15,Yes,4,2
4B17FE73-1CF6-4571-BFAA-1E459637216B,04/10/2013,2013,125000,5.096910013,DN17 4DN,D,N,15,Yes,3,1
4B74CA87-FA18-45E3-8114-246E774FB4FF,04/05/2012,2012,215000,5.33243846,DN14 9TE,D,N,15,Yes,4,1
4C4EDFFF-BF32-1854-E050-A8C063054F34,03/03/2017,2017,246500,5.391816924,YO8 6RJ,D,N,15,Yes,4,3
4C4EDFFF-BF3D-1854-E050-A8C063054F34,07/03/2017,2017,280000,5.447158031,YO8 6RJ,D,N,15,Yes,4,3
4C4EDFFF-C14B-1854-E050-A8C063054F34,27/01/2017,2017,228000,5.357934847,YO8 8GY,D,Y,15,Yes,4,3
4C4EDFFF-ED22-1854-E050-A8C063054F34,10/02/2017,2017,105000,5.021189299,DN8 5TU,D,N,15,Yes,3,3
4C4EDFFF-F081-1854-E050-A8C063054F34,14/10/2016,2016,135000,5.130333768,DN7 6AT,D,N,15,Yes,4,2
4E3060C5-3BA0-479C-B72E-70D41C394D4F,22/08/2011,2011,245000,5.389166084,DN14 0RY,D,N,15,Yes,4,1
4E95D757-78A4-EDA1-E050-A8C0630539E2,31/03/2017,2017,270000,5.431363764,DN14 6LJ,D,N,15,Yes,3,3
4E95D757-79EF-EDA1-E050-A8C0630539E2,17/03/2017,2017,350000,5.544068044,DN9 1PY,D,N,15,Yes,4,3
4E95D758-0BC4-EDA1-E050-A8C0630539E2,31/03/2017,2017,265000,5.423245874,HU15 2GD,D,N,15,Yes,4,3
4EB6BECF-E8B7-4BE2-B538-38460A414707,16/01/2014,2014,210000,5.322219295,DN14 6LJ,D,N,15,Yes,3,2
4EBD0876-DC86-4759-8AB9-E9CC621D2BDA,17/09/2012,2012,125000,5.096910013,DN14 7QP,D,N,15,Yes,4,1
50F18103-1C76-9FD5-E050-A8C063054923,12/04/2017,2017,175000,5.243038049,DN14 6JN,D,N,15,Yes,3,3
50F18103-C7C9-9FD5-E050-A8C063054923,16/12/2016,2016,282950,5.451709698,DN14 7PW,D,N,15,Yes,4,2
51CBAE80-24AC-43C2-AE7A-86EAEF3F7B9F,28/11/2011,2011,140000,5.146128036,DN14 6JP,D,N,15,Yes,3,1
5376B385-CE3D-34C1-E053-6B04A8C09FF6,14/06/2017,2017,198000,5.29666519,YO8 6QW,D,N,15,Yes,4,3
5376B386-37BE-34C1-E053-6B04A8C09FF6,12/06/2017,2017,217000,5.336459734,DN14 6US,D,N,15,Yes,2,3
5535EB31-7B4E-45BE-B13D-D1FC23980403,08/07/2011,2011,236000,5.372912003,DN7 6RP,D,N,15,Yes,4,1
55BDCAE6-055E-521D-E053-6B04A8C0DD7A,30/06/2017,2017,250000,5.397940009,DN15 8RW,D,N,15,Yes,4,3
55BDCAE6-55E2-521D-E053-6B04A8C0DD7A,16/06/2017,2017,300000,5.477121255,YO8 6QW,D,N,15,Yes,4,3
55BDCAE6-57EA-521D-E053-6B04A8C0DD7A,19/05/2017,2017,230000,5.361727836,YO8 8GY,D,N,15,Yes,4,3
55BDCAE6-C281-521D-E053-6B04A8C0DD7A,05/07/2017,2017,258000,5.411619706,HU15 2GB,D,N,15,Yes,4,3
55BDCAE6-C2E1-521D-E053-6B04A8C0DD7A,23/06/2017,2017,180000,5.255272505,DN14 8PQ,D,N,15,Yes,2,3
55BDCAE6-C36E-521D-E053-6B04A8C0DD7A,12/07/2017,2017,175000,5.243038049,DN14 6PL,D,N,15,Yes,3,3
55D66B22-AE92-477A-AF42-27992AA76C9B,08/03/2013,2013,175000,5.243038049,DN14 6WB,D,N,15,Yes,3,1
561A9966-C33A-47F0-96EB-D4479DC6EFC6,31/01/2014,2014,212000,5.326335861,HU15 2GD,D,N,15,Yes,4,2
56EC1B56-CB2B-452A-B2CE-849B2482DA29,26/06/2014,2014,89000,4.949390007,DN8 5TU,D,N,15,Yes,3,2
582D0637-0A9E-8F22-E053-6C04A8C01BAC,03/08/2017,2017,173000,5.238046103,DN9 1PA,D,N,15,Yes,4,3
582D0637-0ABA-8F22-E053-6C04A8C01BAC,11/08/2017,2017,186000,5.269512944,DN17 4LY,D,N,15,Yes,3,3
582D0637-9299-8F22-E053-6C04A8C01BAC,24/08/2017,2017,98000,4.991226076,DN7 4DL,D,N,15,Yes,4,3
582D0637-D55A-8F22-E053-6C04A8C01BAC,11/08/2017,2017,160000,5.204119983,DN14 7PW,D,N,15,Yes,4,3
58808868-1BAF-41EC-94B2-DA8B47DE3BE6,18/08/2011,2011,90000,4.954242509,DN17 4QP,D,N,15,Yes,3,1
58CB655C-BD1D-467C-8635-521FFA00DD85,04/05/2012,2012,249950,5.397853141,DN7 6RP,D,Y,15,Yes,4,1
59152D6F-A414-4F94-9E81-3FE29F0DCB58,17/04/2015,2015,190000,5.278753601,HU15 2UQ,D,N,15,Yes,4,2
59B472C4-D2B6-4EAB-A881-72F3E1E3D958,11/10/2011,2011,88000,4.944482672,DN7 5AJ,D,N,15,Yes,4,1
5A9D8B55-3838-68EB-E053-6B04A8C0D293,24/08/2017,2017,177000,5.247973266,DN15 8TB,D,N,15,Yes,4,3
5A9D8B55-39C7-68EB-E053-6B04A8C0D293,01/09/2017,2017,220000,5.342422681,DN15 8TF,D,N,15,Yes,4,3
5A9D8B55-3A07-68EB-E053-6B04A8C0D293,16/08/2017,2017,310000,5.491361694,DN17 4GL,D,N,15,Yes,3,3
5A9D8B55-8A72-68EB-E053-6B04A8C0D293,08/09/2017,2017,262500,5.419129308,YO8 6QD,D,N,15,Yes,4,3
5A9D8B55-8A8D-68EB-E053-6B04A8C0D293,14/07/2017,2017,252500,5.402261382,YO8 6QD,D,N,15,Yes,4,3
5A9D8B55-FD71-68EB-E053-6B04A8C0D293,21/08/2017,2017,237500,5.375663614,DN14 6UX,D,N,15,Yes,2,3
5A9D8B55-FD84-68EB-E053-6B04A8C0D293,29/08/2017,2017,140000,5.146128036,DN14 8BP,D,N,15,Yes,2,3
5CF9903B-FDF6-7F13-E053-6C04A8C074B1,04/10/2017,2017,212000,5.326335861,DN14 6JN,D,N,15,Yes,3,3
5CF9903B-FF8A-7F13-E053-6C04A8C074B1,05/10/2017,2017,147000,5.167317335,DN17 4DN,D,N,15,Yes,3,3
5D1D60E0-5032-4631-810D-4B85997A9E4E,13/01/2011,2011,275000,5.439332694,DN7 6AT,D,N,15,Yes,4,1
5D44D4A7-974E-44D6-8DAC-3B1C9CAFA019,05/08/2015,2015,127500,5.105510185,DN14 7QP,D,N,15,Yes,4,2
5F100018-5AC5-4657-8A0C-51E8B5848148,10/11/2014,2014,150000,5.176091259,DN8 5BH,D,N,15,Yes,3,2
5F54B81D-3517-2B45-E053-6B04A8C01FB0,10/11/2017,2017,320000,5.505149978,DN9 1PA,D,N,15,Yes,4,3
5F54B81D-C0B5-2B45-E053-6B04A8C01FB0,12/10/2017,2017,175000,5.243038049,DN7 6TR,D,N,15,Yes,4,3
60761449-1A7D-41F9-BECD-DD03CEFF006F,15/03/2013,2013,145000,5.161368002,DN14 8BP,D,N,15,Yes,2,1
61D8894E-5CA7-3DE6-E053-6C04A8C01207,10/11/2017,2017,215000,5.33243846,DN8 5BH,D,N,15,Yes,3,3
625737FE-D765-4DEF-9CEC-457642FADADD,28/01/2011,2011,178000,5.250420002,DN7 4FD,D,N,15,Yes,4,1
64342BFE-484B-422C-E053-6C04A8C0FB8A,15/12/2017,2017,230000,5.361727836,DN14 5PF,D,N,15,Yes,3,3
64342BFE-4916-422C-E053-6C04A8C0FB8A,11/01/2018,2018,250000,5.397940009,DN15 8RW,D,N,15,Yes,4,3
64342BFE-AB73-422C-E053-6C04A8C0FB8A,08/12/2017,2017,253000,5.403120521,DN14 0RY,D,N,15,Yes,4,3
64342BFE-E396-422C-E053-6C04A8C0FB8A,13/12/2017,2017,125000,5.096910013,DN7 4DL,D,N,15,Yes,4,3
64342BFE-E441-422C-E053-6C04A8C0FB8A,13/10/2017,2017,175000,5.243038049,DN7 4FD,D,N,15,Yes,4,3
64342BFE-E44A-422C-E053-6C04A8C0FB8A,17/11/2017,2017,170000,5.230448921,DN7 4FD,D,N,15,Yes,4,3
64342BFF-310F-422C-E053-6C04A8C0FB8A,08/12/2017,2017,185000,5.267171728,DN14 6WB,D,N,15,Yes,3,3
64342BFF-3166-422C-E053-6C04A8C0FB8A,18/04/2017,2017,162500,5.210853365,DN14 6US,D,N,15,Yes,2,3
649555D7-B206-4200-B590-53ABE928E791,02/12/2014,2014,110000,5.041392685,DN15 8BL,D,N,15,Yes,4,2
64D33633-8DB8-4726-82E8-55DE305E31B3,29/06/2015,2015,150000,5.176091259,DN14 6US,D,N,15,Yes,2,2
336A113C-BD7D-405C-802F-653272A88CC8,28/08/2013 00:00,2013,247000,5.392696953,DN9 1LH,D,N,,,4,1
6808422C-83A2-44AB-A503-E4167361FA4F,28/11/2014,2014,103000,5.012837225,DN14 5TT,D,N,15,Yes,2,2
68BF360D-D887-4AC7-87F6-CDB2521F0F66,06/07/2012,2012,175000,5.243038049,DN14 6LH,D,N,15,Yes,3,1
68FEB20B-8ACB-38DA-E053-6C04A8C051AE,05/03/2018,2018,190000,5.278753601,DN9 1PY,D,N,15,Yes,4,3
68FEB20B-D4C6-38DA-E053-6C04A8C051AE,23/03/2018,2018,225000,5.352182518,YO8 6QW,D,N,15,Yes,4,3
68FEB20B-D51E-38DA-E053-6C04A8C051AE,01/03/2018,2018,247000,5.392696953,YO8 8GY,D,N,15,Yes,4,3
68FEB20B-FF46-38DA-E053-6C04A8C051AE,22/11/2017,2017,165000,5.217483944,DN8 4RR,D,N,15,Yes,3,3
34128633-4577-40EF-A297-BDC5B4560BB3,30/10/2013 00:00,2013,377000,5.57634135,DN9 1JY,D,Y,,,4,1
68FEB20C-3AD7-38DA-E053-6C04A8C051AE,02/03/2018,2018,254000,5.404833717,DN7 6AT,D,N,15,Yes,4,3
6939259E-1F7D-4F62-861B-DFC5730ED249,01/02/2013,2013,170000,5.230448921,DN14 6PL,D,N,15,Yes,3,1
6A9BAD34-8A07-4665-86A0-38D3AC803C95,01/11/2013,2013,249999,5.397938271,YO8 6QW,D,N,15,Yes,4,1
6B32222C-AD76-01F1-E053-6C04A8C0D2C8,05/03/2018,2018,130000,5.113943352,DN7 6RN,D,N,15,Yes,4,3
6B32222C-E1ED-01F1-E053-6C04A8C0D2C8,29/03/2018,2018,215000,5.33243846,DN14 6US,D,N,15,Yes,2,3
6CE64232-0C74-4C14-BA3B-5B9F3F8F4214,10/04/2015,2015,185000,5.267171728,DN14 8LX,D,N,15,Yes,3,2
6DA0844A-65CE-30F2-E053-6B04A8C05F3B,02/05/2018,2018,145000,5.161368002,DN7 4DJ,D,N,15,Yes,4,3
6DA0844A-9E5C-30F2-E053-6B04A8C05F3B,01/05/2018,2018,245000,5.389166084,DN14 6WB,D,N,15,Yes,3,3
6DA0844A-9E7F-30F2-E053-6B04A8C05F3B,04/05/2018,2018,278000,5.444044796,HU15 2GD,D,N,15,Yes,4,3
7011B109-6FB5-8ED6-E053-6B04A8C075C1,24/05/2018,2018,118000,5.071882007,DN15 8TB,D,N,15,Yes,4,3
7011B109-7188-8ED6-E053-6B04A8C075C1,06/06/2018,2018,317500,5.50174373,DN17 4GL,D,N,15,Yes,3,3
7011B10A-18EA-8ED6-E053-6B04A8C075C1,18/05/2018,2018,195000,5.290034611,DN14 6WB,D,N,15,Yes,3,3
726BF13A-D4D4-0A46-E053-6C04A8C01D0D,05/07/2018,2018,157000,5.195899652,DN17 4QJ,D,N,15,Yes,3,3
726BF13B-9264-0A46-E053-6C04A8C01D0D,04/06/2018,2018,345000,5.537819095,DN14 5PF,D,N,15,Yes,3,3
7328CF43-DC11-4CC7-BF6D-A3E99095D71A,30/07/2015,2015,260000,5.414973348,DN17 4GL,D,N,15,Yes,3,2
743352E2-3A25-47AF-B619-2C3E7BEF17C8,23/05/2014,2014,124999,5.096906539,DN8 5AA,D,N,15,Yes,3,2
74C6F67B-F231-4818-87C5-D7BE80915B7F,04/09/2015,2015,160000,5.204119983,DN9 1PY,D,N,15,Yes,4,2
75050A85-2CFD-9A88-E053-6B04A8C02390,10/08/2018,2018,182000,5.260071388,DN9 1PY,D,N,15,Yes,4,3
75050A85-2D5B-9A88-E053-6B04A8C02390,11/07/2018,2018,99000,4.995635195,DN14 8AQ,D,N,15,Yes,2,3
75050A85-2DDB-9A88-E053-6B04A8C02390,25/07/2018,2018,275000,5.439332694,DN14 7QP,D,N,15,Yes,4,3
75050A85-B6A0-9A88-E053-6B04A8C02390,13/07/2018,2018,220000,5.342422681,DN7 6RP,D,N,15,Yes,4,3
7658EE44-2442-43B6-A14D-5C0939DB5AB8,11/08/2014,2014,162000,5.209515015,DN14 8BP,D,N,15,Yes,2,2
773788C3-0516-2CE4-E053-6C04A8C05E57,07/09/2018,2018,312000,5.494154594,YO8 6RJ,D,N,15,Yes,4,3
773788C3-32BB-2CE4-E053-6C04A8C05E57,23/08/2018,2018,97000,4.986771734,DN8 5QF,D,N,15,Yes,3,3
773788C3-348D-2CE4-E053-6C04A8C05E57,07/09/2018,2018,270000,5.431363764,DN8 5NN,D,N,15,Yes,3,3
77B0A615-2F5F-443D-B0A4-620204F85669,24/06/2011,2011,280995,5.448698592,DN17 4GL,D,Y,15,Yes,3,1
78270483-4244-4A16-B003-CCDC32E23E61,30/04/2015,2015,285000,5.45484486,YO8 6RJ,D,N,15,Yes,4,2
79A74E21-A4A9-1289-E053-6B04A8C01627,07/09/2018,2018,180000,5.255272505,DN15 8RW,D,N,15,Yes,4,3
7A0F54E1-9310-476F-959A-99A0D5F00CA2,19/12/2014,2014,380000,5.579783597,YO8 6EL,D,N,15,Yes,4,2
7A29E427-E16D-4F79-8FC6-5A707966F007,12/09/2013,2013,249950,5.397853141,DN7 5LD,D,N,15,Yes,4,1
7B0A86D7-A3CB-41E8-85C5-0FDE9008D2A9,17/02/2015,2015,230000,5.361727836,DN14 9TE,D,N,15,Yes,4,2
7B88050D-DDD0-4160-A1A2-7118B8267FB0,12/08/2014,2014,195000,5.290034611,DN9 1PY,D,N,15,Yes,4,2
7C2D0700-28B7-4963-E053-6B04A8C07B97,03/08/2018,2018,336500,5.526985069,DN9 1PY,D,N,15,Yes,4,3
7C2D0700-7FB4-4963-E053-6B04A8C07B97,16/11/2018,2018,295000,5.469822016,YO8 6QW,D,N,15,Yes,4,3
7C2D0700-F49C-4963-E053-6B04A8C07B97,26/10/2018,2018,315000,5.498310554,HU15 2GB,D,N,15,Yes,4,3
7C2FCAED-F4FC-4769-BAFC-C925152664F5,01/02/2013,2013,215500,5.333447274,HU15 2GD,D,N,15,Yes,4,1
7C6753E2-C267-4A8A-9017-EE006EBED3F9,10/12/2012,2012,222500,5.347330015,DN9 1PY,D,N,15,Yes,4,1
7DCCCC91-006F-40EB-A7A5-56124C953684,04/03/2015,2015,272000,5.434568904,HU15 2GD,D,N,15,Yes,4,2
7F9EA3D3-E5AA-41E0-881C-924E90C034E4,24/02/2012,2012,120000,5.079181246,DN7 4DL,D,N,15,Yes,4,1
80E1AA98-2B25-7BF8-E053-6C04A8C00BF2,17/01/2019,2019,175000,5.243038049,DN17 4LY,D,N,15,Yes,3,3
80E1AA98-AC11-7BF8-E053-6C04A8C00BF2,14/12/2018,2018,210000,5.322219295,DN8 5QF,D,N,15,Yes,3,3
80E1AA98-EC30-7BF8-E053-6C04A8C00BF2,25/10/2018,2018,180000,5.255272505,DN14 7PL,D,N,15,Yes,4,3
80E1AA98-EC4A-7BF8-E053-6C04A8C00BF2,27/07/2018,2018,221000,5.344392274,DN14 6LH,D,N,15,Yes,3,3
80E1AA98-EC78-7BF8-E053-6C04A8C00BF2,13/06/2018,2018,160000,5.204119983,DN14 6US,D,N,15,Yes,2,3
80E1AA98-ED79-7BF8-E053-6C04A8C00BF2,06/12/2018,2018,180000,5.255272505,DN14 6JP,D,N,15,Yes,3,3
82CB9AB4-D7E8-42C5-B627-132D05274F6D,09/11/2012,2012,135000,5.130333768,DN15 8XS,D,N,15,Yes,4,1
8355F009-0BA4-55C5-E053-6B04A8C0D090,14/02/2019,2019,149000,5.173186268,DN15 8BL,D,N,15,Yes,4,3
8355F009-76AF-55C5-E053-6B04A8C0D090,01/02/2019,2019,215000,5.33243846,DN7 6TR,D,N,15,Yes,4,3
869CD644-07A5-4299-B30A-19796D6CEF0C,26/01/2012,2012,230000,5.361727836,DN14 0RY,D,N,15,Yes,4,1
87E1551E-7A34-6405-E053-6C04A8C0B2EE,15/03/2019,2019,400000,5.602059991,YO8 6PL,D,N,15,Yes,4,3
893395EE-0516-47DA-BC00-BF1C608F61C3,29/08/2014,2014,185000,5.267171728,DN9 1PY,D,N,15,Yes,4,2
894769E0-C7AA-48DC-8C59-47DB4191D3B6,26/07/2013,2013,205000,5.311753861,YO8 8GY,D,Y,15,Yes,4,1
8960AB76-0366-4407-AEC0-EF09201E85B1,22/11/2013,2013,227500,5.356981401,DN14 0RY,D,N,15,Yes,4,1
8A78B2AF-9FB0-5CB0-E053-6B04A8C0F504,18/04/2019,2019,225000,5.352182518,DN14 6JN,D,N,15,Yes,3,3
8A78B2AF-9FC7-5CB0-E053-6B04A8C0F504,16/04/2019,2019,176000,5.245512668,DN14 6JP,D,N,15,Yes,3,3
8A78B2B0-45FE-5CB0-E053-6B04A8C0F504,26/04/2019,2019,280000,5.447158031,DN14 9TE,D,N,15,Yes,4,3
8CAC1318-93CE-0253-E053-6B04A8C08E51,03/05/2019,2019,330000,5.51851394,YO8 6QW,D,N,15,Yes,4,3
8E974BFA-E496-47E3-B5E9-2A69C9D6AE4A,19/09/2014,2014,217000,5.336459734,YO8 6QD,D,N,15,Yes,4,2
8F1B26BD-C016-53DB-E053-6C04A8C03649,24/05/2019,2019,114500,5.058805487,DN14 8AQ,D,N,15,Yes,2,3
8F1B26BE-76BF-53DB-E053-6C04A8C03649,05/07/2019,2019,370000,5.568201724,HU15 2GB,D,N,15,Yes,4,3
369DFB15-C86E-3A19-E050-A8C0620518C6,22/06/2016 00:00,2016,345500,5.538448052,DN9 1JU,D,N,,,4,2
9000252D-4187-4A83-B18D-783678CDDDF2,11/06/2012,2012,130000,5.113943352,DN15 8RW,D,N,15,Yes,4,1
90995172-21FE-47AE-BA10-C6A6F9ADFDD6,26/01/2015,2015,142500,5.153814864,DN15 8XS,D,N,15,Yes,4,2
9131801E-BD1C-4FB5-BEEF-F542A8A859D8,10/07/2015,2015,210750,5.323767583,YO8 6QD,D,N,15,Yes,4,2
919FEC05-4DFA-9A90-E053-6C04A8C0A300,23/08/2019,2019,92500,4.966141733,HU15 2TF,D,N,15,Yes,4,3
934116F3-2585-4632-B5FB-63B2FE7B215E,06/02/2015,2015,250000,5.397940009,YO8 6RJ,D,N,15,Yes,4,2
93A91681-9F9C-4691-9E4F-EB581D3B4E3B,19/05/2015,2015,290000,5.462397998,HU15 2GD,D,N,15,Yes,4,2
93E6821E-625C-40FD-E053-6B04A8C0C1DF,09/08/2019,2019,163500,5.213517757,DN17 4QP,D,N,15,Yes,3,3
965B6D92-2F39-95E4-E053-6C04A8C07729,12/09/2019,2019,285000,5.45484486,DN14 6UX,D,N,15,Yes,2,3
96F92855-FE84-4B16-8E2C-E0421D2B8001,30/01/2015,2015,124995,5.096892641,DN17 4DN,D,N,15,Yes,3,2
97C0380D-C3F8-41AC-AA22-7EFBF68508CC,23/10/2012,2012,202000,5.305351369,YO8 6QW,D,N,15,Yes,4,1
98040042-3097-42D4-B800-D13954CCE589,07/12/2012,2012,236000,5.372912003,DN7 6RP,D,N,15,Yes,4,1
9807A86A-E1EB-48DF-8D78-367FE7F2821D,26/08/2015,2015,195000,5.290034611,DN14 6UX,D,N,15,Yes,2,2
988D055E-216E-4DC4-9DF7-69A3401C117F,09/01/2013,2013,160000,5.204119983,DN7 6AT,D,N,15,Yes,4,1
98C75471-E5A7-72E9-E053-6B04A8C042F0,08/11/2019,2019,212500,5.327358934,DN17 4QJ,D,N,15,Yes,3,3
98C75472-6319-72E9-E053-6B04A8C042F0,30/10/2019,2019,175000,5.243038049,DN7 4DG,D,N,15,Yes,4,3
98C75472-9ACC-72E9-E053-6B04A8C042F0,13/11/2019,2019,195000,5.290034611,DN14 6WB,D,N,15,Yes,3,3
9A820846-918F-42F3-9058-7537098A56F3,08/02/2013,2013,300000,5.477121255,YO8 6QW,D,N,15,Yes,4,1
9B361206-4F3F-1904-E053-6B04A8C0EEB5,25/11/2019,2019,285000,5.45484486,DN17 3JA,D,N,15,Yes,4,3
9B361206-4FA8-1904-E053-6B04A8C0EEB5,12/12/2019,2019,245000,5.389166084,HU15 2UQ,D,N,15,Yes,4,3
369DFB15-CAC8-3A19-E050-A8C0620518C6,29/01/2016 00:00,2016,264000,5.421603927,DN9 1JY,D,N,,,4,2
369DFB15-CB22-3A19-E050-A8C0620518C6,03/06/2016 00:00,2016,225000,5.352182518,DN9 1JY,D,N,,,4,2
9B361206-50DE-1904-E053-6B04A8C0EEB5,29/11/2019,2019,215000,5.33243846,DN17 3JA,D,N,15,Yes,4,3
9B361206-50EB-1904-E053-6B04A8C0EEB5,08/11/2019,2019,345000,5.537819095,DN9 1PY,D,N,15,Yes,4,3
9B361206-F25F-1904-E053-6B04A8C0EEB5,22/11/2019,2019,177500,5.249198357,DN14 6SY,D,N,15,Yes,2,3
9B361206-F281-1904-E053-6B04A8C0EEB5,14/11/2019,2019,275000,5.439332694,DN14 9TE,D,N,15,Yes,4,3
9CA1A339-3081-4C2B-AD2C-F1165FA79946,06/07/2012,2012,124500,5.095169351,DN9 1PA,D,N,15,Yes,4,1
9EFD0A34-649B-4089-9B0F-A8C195DAF5FE,11/11/2011,2011,157000,5.195899652,DN14 8BP,D,N,15,Yes,2,1
9FF0D96A-2F66-11ED-E053-6C04A8C06383,20/12/2019,2019,110000,5.041392685,DN7 6RN,D,N,15,Yes,4,3
A1CDE411-CD41-48D5-8617-A0ABE5DBD5F2,27/04/2015,2015,174500,5.241795431,YO8 6YX,D,N,15,Yes,4,2
A6B6D3A4-98D9-4E24-94BA-0D4896769A2C,30/06/2011,2011,282995,5.451778762,DN17 4GL,D,Y,15,Yes,3,1
A7F3B295-340F-4269-A99B-8967472EEB42,26/04/2011,2011,128000,5.10720997,DN15 8XS,D,N,15,Yes,4,1
A8E68050-2569-4748-830A-AC519471D75A,04/09/2012,2012,150000,5.176091259,DN8 4RR,D,Y,15,Yes,3,1
AA36E159-84C1-4216-AE65-ECFC2E5D5336,27/04/2015,2015,125000,5.096910013,DN14 7QP,D,N,15,Yes,4,2
AC054AD6-C3A2-4C42-8DAE-B1D01FBA2B5A,11/02/2011,2011,118000,5.071882007,DN15 8TB,D,N,15,Yes,4,1
AC1B963C-4468-4364-A64E-7A7171FE8212,10/07/2015,2015,230000,5.361727836,HU15 2GB,D,N,15,Yes,4,2
AD8A6D36-6C28-41EC-A129-4C5C6EEBFF3C,25/07/2014,2014,280000,5.447158031,YO8 6RJ,D,N,15,Yes,4,2
AE4D86D4-6E8F-4619-E053-6C04A8C03CD0,22/10/2019,2019,250000,5.397940009,DN8 4RP,D,N,15,Yes,3,3
AE7A74E4-03ED-4603-A764-7E00784649AA,30/03/2015,2015,152000,5.181843588,DN15 8RW,D,N,15,Yes,4,2
B65664CD-5CB5-4BFB-A52A-3AD3D37C1411,13/12/2011,2011,133000,5.123851641,DN14 7QP,D,N,15,Yes,4,1
B6D0716E-9059-450E-9AE4-3F412A9BBEEA,27/02/2015,2015,115000,5.06069784,DN7 4DJ,D,N,15,Yes,4,2
BDB4DF34-2BD3-445F-A482-BE2D246F6A2E,14/09/2012,2012,175000,5.243038049,DN14 6US,D,N,15,Yes,2,1
BE758646-ACBB-49BD-885A-0BB54683F915,17/07/2015,2015,210000,5.322219295,YO8 6QW,D,N,15,Yes,4,2
BEE27A1A-7A9E-4D42-91C7-D981709ADF84,19/04/2013,2013,204000,5.309630167,DN14 6LJ,D,N,15,Yes,3,1
BFC74490-3913-4A43-908D-41349B8716AE,24/02/2011,2011,135000,5.130333768,DN8 4HW,D,N,15,Yes,3,1
BFCE02E4-6121-4A16-87B8-238E9C4FD9DA,23/11/2012,2012,145000,5.161368002,DN14 6BW,D,Y,15,Yes,3,1
BFEBC9CF-DF2E-4BD9-AB33-204E02EB86BD,04/03/2011,2011,280000,5.447158031,YO8 6PL,D,N,15,Yes,4,1
C0E45A4F-F4A2-4AA6-97AE-A473C2290382,08/03/2013,2013,217500,5.337459261,DN14 9TE,D,N,15,Yes,4,1
C1E0499F-5A7E-4C16-8C0B-6ABDF062849E,24/05/2013,2013,231000,5.36361198,DN14 7QP,D,N,15,Yes,4,1
C2C8626A-AED8-4BB3-8444-B881B5C6A281,16/04/2013,2013,160000,5.204119983,YO8 6QW,D,N,15,Yes,4,1
C2F5C75A-AA6E-4D6D-A658-583321B3E37C,05/01/2015,2015,130000,5.113943352,DN17 4DN,D,N,15,Yes,3,2
C410A78B-3E36-4BCB-8AD5-025EF8E1C30D,15/04/2011,2011,227500,5.356981401,DN14 9TE,D,N,15,Yes,4,1
C453FA13-075C-4245-B5F2-C739FEEDF912,11/02/2013,2013,160000,5.204119983,HU15 2UQ,D,N,15,Yes,4,1
C5B0E52E-A3D2-43E1-9B41-4EAA93B97718,05/04/2013,2013,410000,5.612783857,DN7 5SD,D,Y,15,Yes,4,1
C6C6ECB4-AA57-4ED4-BCD7-D64398BBA62A,24/04/2013,2013,115000,5.06069784,DN7 5AJ,D,N,15,Yes,4,1
C909A8B9-6DC4-4140-BB59-870F4093E931,11/10/2013,2013,238000,5.376576957,DN14 9TE,D,N,15,Yes,4,1
CB1F6E52-B633-4DB7-B945-24C6EDE76FC9,17/04/2015,2015,187500,5.273001272,DN17 3JA,D,N,15,Yes,4,2
D28A7A6C-9946-4143-94CE-393C5BCD4AA3,31/03/2011,2011,282995,5.451778762,DN17 4GL,D,Y,15,Yes,3,1
D3460867-FFBA-4117-8CF7-AF29848BA705,13/04/2015,2015,180000,5.255272505,DN8 5GG,D,N,15,Yes,3,2
D5051399-3191-47A5-A479-AF154DD5F958,14/10/2014,2014,157000,5.195899652,DN14 7AG,D,N,15,Yes,4,2
D933275B-D76F-47FF-9917-2EFC1CA39FF3,28/03/2014,2014,222500,5.347330015,DN7 6TR,D,N,15,Yes,4,2
D973F311-2501-42EA-8410-8901C5DA0DD7,10/04/2015,2015,168000,5.225309282,DN14 6US,D,N,15,Yes,2,2
DADFE098-9D28-4638-9544-7619B1A0ADE9,02/12/2011,2011,286000,5.456366033,DN14 0RY,D,N,15,Yes,4,1
374DA03F-3FC6-4D91-9074-1E9117D1F52A,09/03/2012 00:00,2012,248000,5.394451681,DN9 1GX,D,Y,,,4,1
DBE9CBE8-5966-46B4-A14B-244FDBA81610,04/12/2014,2014,228000,5.357934847,YO8 8GY,D,Y,15,Yes,4,2
DBFE2E09-1BB1-43A0-B699-0D2987556D0B,28/11/2014,2014,131500,5.118925753,DN15 8XS,D,N,15,Yes,4,2
DDDD94FA-B9B6-48CD-B148-461DA4DBEFD1,11/07/2014,2014,271000,5.432969291,HU15 2GD,D,N,15,Yes,4,2
E79A800D-38B1-4476-A45A-058F8CA69570,31/05/2013,2013,435000,5.638489257,YO8 6PL,D,N,15,Yes,4,1
E7AEA720-2901-4F04-9292-99E2CA08E33B,15/01/2015,2015,155000,5.190331698,DN7 4DG,D,N,15,Yes,4,2
EF744AAA-E551-4B5E-9ABD-0536A46A5278,01/11/2013,2013,132500,5.122215878,DN17 4QP,D,N,15,Yes,3,1
F0AE4E45-685E-4DDA-803F-279AFDF86777,04/10/2013,2013,249950,5.397853141,YO8 6QW,D,N,15,Yes,4,1
F183816A-6004-407E-8EFC-749B0F76C98E,01/05/2015,2015,189500,5.277609214,DN7 6AT,D,N,15,Yes,4,2
F18B71F9-4B3A-4C13-9D0F-361A15A084FA,16/12/2011,2011,228000,5.357934847,DN17 4GL,D,Y,15,Yes,3,1
F2171E02-095B-4C91-95B2-E122A6E12C9E,19/05/2011,2011,193000,5.285557309,DN14 0AG,D,N,15,Yes,4,1
F818FE4D-9F21-4501-9251-06653FD39A49,17/12/2012,2012,195000,5.290034611,DN9 1PY,D,N,15,Yes,4,1
F9143AFA-EA71-4B02-A350-B407C500CDF9,28/06/2013,2013,113950,5.05671433,DN15 8BL,D,N,15,Yes,4,1
FB76DCE2-636C-4385-9D6C-ACACE211F861,31/07/2015,2015,87000,4.939519253,DN15 8BW,D,N,15,Yes,4,2
FC8B40F4-572D-43E2-B995-A1AFF7376700,27/06/2013,2013,224000,5.350248018,DN14 9TE,D,N,15,Yes,4,1
FE0CB671-79D7-4659-8C43-C52132482935,21/04/2011,2011,268995,5.429744208,DN17 4GL,D,Y,15,Yes,3,1
FF409CD6-307D-44B5-89D0-B7951AFA7BA5,11/11/2011,2011,90000,4.954242509,DN7 6RN,D,N,15,Yes,4,1
0281BB53-9F8E-4988-8937-8720332442F6,16/05/2014,2014,80000,4.903089987,DN14 8HW,D,N,14,Yes,3,2
03FECA49-EC6E-4793-9D0F-539287F88F6A,14/02/2014,2014,175000,5.243038049,DN14 6UZ,D,N,14,Yes,2,2
04156512-93F2-49F8-A382-B4A38B451F74,07/12/2012,2012,180000,5.255272505,HU15 2XF,D,N,14,Yes,4,1
05D9CBDC-F196-47EB-9299-402876A53044,22/08/2014,2014,185000,5.267171728,DN8 5RY,D,N,14,Yes,3,2
073B383A-C2DC-4B31-A61A-9E7CAC76F759,28/08/2015,2015,175000,5.243038049,DN14 9ET,D,N,14,Yes,3,2
0A32C408-CD77-4933-AEA6-2B557CA54AC3,14/02/2012,2012,150000,5.176091259,DN17 3HH,D,N,14,Yes,4,1
0C3CA5FB-6045-4A8B-B17A-624A426EE298,09/07/2012,2012,199000,5.298853076,DN17 4HT,D,N,14,Yes,3,1
12E5D282-19D5-413F-A160-485DA5C72CE9,30/07/2015,2015,171500,5.234264124,DN7 6QZ,D,N,14,Yes,4,2
13FE2E6A-1EDB-4A0D-9DCB-A0B201F44537,27/09/2012,2012,240000,5.380211242,DN14 5NU,D,N,14,Yes,3,1
17B12669-3C5D-47F3-8461-DBE4DD70FF59,02/09/2015,2015,305000,5.484299839,HU15 2XW,D,N,14,Yes,4,2
1E17494F-0A9A-497E-A0F7-971C4D4E3D39,15/06/2012,2012,195000,5.290034611,DN14 7JE,D,N,14,Yes,4,1
1F709CB3-FA86-40ED-99AA-FD2427AF5F4B,20/05/2015,2015,290000,5.462397998,DN14 5PL,D,N,14,Yes,3,2
2256F9C2-F79D-40DD-8CEC-5B2E8C60A469,22/06/2012,2012,240000,5.380211242,DN15 9HW,D,N,14,Yes,4,1
23B6165E-E76A-FCF4-E050-A8C0620577FA,07/10/2015,2015,120000,5.079181246,DN7 6LE,D,N,14,Yes,4,2
39140479-BBD4-3206-E050-A8C063057647,08/07/2016 00:00,2016,308000,5.488550717,DN9 1LJ,D,N,,,4,2
241A4A53-AD38-706B-E050-A8C06205638B,16/10/2015,2015,215000,5.33243846,DN14 7JE,D,N,14,Yes,4,2
24D7DED5-151B-4639-8DA6-B758A27CC352,15/05/2015,2015,225000,5.352182518,DN17 4GH,D,N,14,Yes,3,2
39140479-BC21-3206-E050-A8C063057647,04/07/2016 00:00,2016,350000,5.544068044,DN9 1FR,D,N,,,4,2
25C2024F-FCEA-4678-ACD9-8B85AA0A9047,27/08/2014,2014,195000,5.290034611,YO8 6LE,D,N,14,Yes,4,2
25D6AC02-18D8-4B64-AA4D-D35BF575E6E8,23/05/2013,2013,167000,5.222716471,DN17 4HT,D,N,14,Yes,3,1
25EA59F9-CDD0-4D50-E050-A8C0630562D0,13/11/2015,2015,122000,5.086359831,DN15 8SS,D,N,14,Yes,4,2
25EA59FA-6AED-4D50-E050-A8C0630562D0,16/10/2015,2015,385000,5.58546073,DN14 5NU,D,N,14,Yes,3,2
27BA45C0-289E-46EA-9177-550AC0DF6F90,24/08/2015,2015,249995,5.397931323,DN14 5AD,D,N,14,Yes,3,2
28398AD7-59C6-4A0D-8E9B-F7710DB51311,11/01/2013,2013,199000,5.298853076,DN14 9ET,D,N,14,Yes,3,1
2941C5AD-0B4B-4C62-9141-0EB37BBB6828,09/11/2012,2012,175000,5.243038049,YO8 6LE,D,N,14,Yes,4,1
2AC10E4F-93B2-1AF6-E050-A8C063052BA1,20/01/2016,2016,177500,5.249198357,DN17 4HT,D,N,14,Yes,3,2
2D330AB0-FF46-46D1-BFA5-76809BB77DFE,28/11/2013,2013,172500,5.236789099,DN14 9ET,D,N,14,Yes,3,1
2EBB0EC8-B489-416B-A44C-5B3E325E3840,23/09/2015,2015,160000,5.204119983,DN14 6WA,D,N,14,Yes,3,2
2FD36066-12F1-4BF8-E050-A8C0620562B1,22/01/2016,2016,245000,5.389166084,DN7 4DP,D,N,14,Yes,4,2
317B65F7-73EB-47DC-845E-07DDE0D56528,28/04/2011,2011,139950,5.145972903,DN14 6WA,D,N,14,Yes,3,1
31FB4C17-68F3-57B9-E050-A8C063053436,31/03/2016,2016,225000,5.352182518,DN15 9HW,D,N,14,Yes,4,2
34428D7E-BE2F-B86C-E050-A8C06205059C,27/04/2016,2016,375000,5.574031268,HU15 2XW,D,N,14,Yes,4,2
369DFB15-C97C-3A19-E050-A8C0620518C6,08/06/2016,2016,155000,5.190331698,DN14 6QT,D,N,14,Yes,3,2
369DFB15-CA60-3A19-E050-A8C0620518C6,22/06/2016,2016,208000,5.318063335,DN17 4GH,D,N,14,Yes,3,2
369DFB16-784F-3A19-E050-A8C0620518C6,20/05/2016,2016,210000,5.322219295,DN14 6WA,D,N,14,Yes,3,2
38E07751-EA8F-4CFA-AF9E-A5D6915B7DCB,21/01/2011,2011,111000,5.045322979,DN15 8BH,D,N,14,Yes,4,1
39140479-BBCC-3206-E050-A8C063057647,06/07/2016,2016,203000,5.307496038,DN17 3HH,D,N,14,Yes,4,2
39140479-BC39-3206-E050-A8C063057647,31/05/2016,2016,245000,5.389166084,DN15 9HW,D,N,14,Yes,4,2
3914047A-36DE-3206-E050-A8C063057647,08/07/2016,2016,125000,5.096910013,DN7 4QL,D,N,14,Yes,4,2
3914047A-7309-3206-E050-A8C063057647,18/07/2016,2016,355000,5.550228353,DN14 7PS,D,N,14,Yes,4,2
3A3FA694-E788-401E-A7AF-FEBF868D9ED5,24/08/2012,2012,120000,5.079181246,DN14 5PL,D,N,14,Yes,3,1
3B7E0B90-B4F9-EA99-E050-A8C062057E77,29/07/2016,2016,220000,5.342422681,DN14 9ET,D,N,14,Yes,3,2
3E0330EF-DBB3-8D89-E050-A8C062052140,23/09/2016,2016,340000,5.531478917,DN14 5FL,D,N,14,Yes,3,2
3E0330EF-DC41-8D89-E050-A8C062052140,26/08/2016,2016,200000,5.301029996,DN15 9HW,D,N,14,Yes,4,2
3E0330F0-303C-8D89-E050-A8C062052140,31/05/2016,2016,375000,5.574031268,YO8 6RL,D,N,14,Yes,4,2
3E0330F0-A602-8D89-E050-A8C062052140,16/09/2016,2016,310000,5.491361694,DN14 7PS,D,N,14,Yes,4,2
3EBA0AD7-577A-4326-97F0-FED3A345062C,08/05/2013,2013,240000,5.380211242,DN15 9WA,D,N,14,Yes,4,1
404A5AF3-8EC7-CD2B-E050-A8C063055C7B,14/10/2016,2016,125000,5.096910013,DN14 6UZ,D,N,14,Yes,2,2
404A5AF4-48A8-CD2B-E050-A8C063055C7B,30/09/2016,2016,215000,5.33243846,DN14 6WA,D,N,14,Yes,3,2
404A5AF4-48E8-CD2B-E050-A8C063055C7B,19/10/2016,2016,200000,5.301029996,DN14 6XB,D,N,14,Yes,2,2
404A5AF4-48ED-CD2B-E050-A8C063055C7B,12/09/2016,2016,420000,5.62324929,DN14 7PS,D,N,14,Yes,4,2
4120290D-7E80-4F97-8A6B-5DAAD04CAE19,19/12/2012,2012,108000,5.033423755,DN7 5ND,D,N,14,Yes,4,1
42A5A709-4380-56E8-E050-A8C06205331E,02/11/2016,2016,220000,5.342422681,DN17 4HP,D,N,14,Yes,3,2
42A5A709-9505-56E8-E050-A8C06205331E,14/10/2016,2016,212500,5.327358934,YO8 6LE,D,N,14,Yes,4,2
453D27A3-1AE0-EF91-E050-A8C0630574D7,30/11/2016,2016,218000,5.338456494,DN17 4HP,D,N,14,Yes,3,2
453D27A3-CAD5-EF91-E050-A8C0630574D7,02/12/2016,2016,185000,5.267171728,DN14 9EZ,D,N,14,Yes,3,2
45A7F5D7-4A0A-4C28-B963-568E9DA0D50F,22/02/2013,2013,133000,5.123851641,DN14 6WA,D,N,14,Yes,3,1
45E51176-D66D-4EC2-84DE-455F3AFCE6BD,26/09/2011,2011,202500,5.306425028,DN15 9HW,D,N,14,Yes,4,1
47844C7F-DB27-8986-E050-A8C063056488,14/12/2016,2016,276000,5.440909082,DN14 7JE,D,N,14,Yes,4,2
47844C80-2CA8-8986-E050-A8C063056488,24/01/2017,2017,197000,5.294466226,YO8 6LE,D,N,14,Yes,4,3
47844C80-9908-8986-E050-A8C063056488,25/11/2016,2016,250000,5.397940009,DN14 5NU,D,N,14,Yes,3,2
49B7852A-1645-7921-E050-A8C063056E8D,17/02/2017,2017,220000,5.342422681,DN15 9HW,D,N,14,Yes,4,3
49B7852A-1697-7921-E050-A8C063056E8D,31/01/2017,2017,212000,5.326335861,DN17 4GH,D,N,14,Yes,3,3
49B7852A-16F7-7921-E050-A8C063056E8D,29/09/2016,2016,113000,5.053078443,DN17 3HH,D,N,14,Yes,4,2
4A5804FF-7D09-402E-AB50-AAB9BE759ABA,24/08/2011,2011,187500,5.273001272,DN14 9ET,D,N,14,Yes,3,1
4B2E20FD-F43C-4C95-ACF7-7140D4682F48,01/06/2012,2012,249950,5.397853141,DN8 5TH,D,N,14,Yes,4,1
4C4EDFFF-6DF7-1854-E050-A8C063054F34,09/02/2017,2017,455000,5.658011397,DN14 7TW,D,N,14,Yes,3,3
4C4EDFFF-6E5B-1854-E050-A8C063054F34,24/02/2017,2017,230000,5.361727836,DN17 4HT,D,N,14,Yes,3,3
4E95D757-7897-EDA1-E050-A8C0630539E2,23/03/2017,2017,215000,5.33243846,DN15 9HW,D,N,14,Yes,4,3
4E95D757-79E0-EDA1-E050-A8C0630539E2,30/03/2017,2017,250000,5.397940009,DN15 9WA,D,N,14,Yes,4,3
4E95D757-79E8-EDA1-E050-A8C0630539E2,17/02/2017,2017,132000,5.120573931,DN17 3NA,D,N,14,Yes,4,3
4E95D758-0C7F-EDA1-E050-A8C0630539E2,07/04/2017,2017,259950,5.414889822,DN14 6XB,D,N,14,Yes,2,3
5072714C-77B8-4EBE-B588-2C19DC5169CD,06/09/2013,2013,90000,4.954242509,DN8 4RY,D,N,14,Yes,3,1
50F18103-C71E-9FD5-E050-A8C063054923,10/04/2017,2017,170000,5.230448921,DN14 6WA,D,N,14,Yes,3,3
52A8CAEB-1500-44F8-B7FB-0B841BC07E51,30/11/2012,2012,197500,5.2955671,YO8 6LE,D,N,14,Yes,4,1
5376B385-FA3D-34C1-E053-6B04A8C09FF6,26/05/2017,2017,137500,5.138302698,DN7 4QL,D,N,14,Yes,4,3
5452DD9B-81D0-4B00-AD09-751C0B3568CA,24/09/2015,2015,285000,5.45484486,DN15 9WA,D,N,14,Yes,4,2
3A06B1D5-8901-4974-896C-B73B3822A077,08/04/2011 00:00,2011,120000,5.079181246,DN9 1JY,D,N,,,4,1
55BDCAE6-85AC-521D-E053-6B04A8C0DD7A,22/06/2017,2017,312500,5.494850022,DN8 5TF,D,N,14,Yes,4,3
582D0637-0B9F-8F22-E053-6C04A8C01BAC,21/07/2017,2017,282000,5.450249108,DN14 7JE,D,N,14,Yes,4,3
582D0637-D54F-8F22-E053-6C04A8C01BAC,26/07/2017,2017,430000,5.633468456,DN14 5PL,D,N,14,Yes,3,3
5A9D8B55-388F-68EB-E053-6B04A8C0D293,31/08/2017,2017,170000,5.230448921,DN14 6QT,D,N,14,Yes,3,3
5A9D8B55-38E8-68EB-E053-6B04A8C0D293,05/05/2017,2017,210000,5.322219295,DN17 4HT,D,N,14,Yes,3,3
5A9D8B55-8B69-68EB-E053-6B04A8C0D293,15/09/2017,2017,220000,5.342422681,YO8 6LE,D,N,14,Yes,4,3
5A9D8B55-FD1A-68EB-E053-6B04A8C0D293,19/09/2017,2017,227000,5.356025857,DN14 5PL,D,N,14,Yes,3,3
5AB62AED-61D8-46DE-B028-589A1FC1A09D,02/05/2013,2013,275000,5.439332694,DN17 3NA,D,N,14,Yes,4,1
5B3A85D6-909A-4E98-8BB3-142F3FD1D643,21/02/2012,2012,208000,5.318063335,DN15 9HW,D,N,14,Yes,4,1
5CF9903C-C976-7F13-E053-6C04A8C074B1,05/10/2017,2017,265000,5.423245874,DN14 5PL,D,N,14,Yes,3,3
5CF9903C-C99C-7F13-E053-6C04A8C074B1,29/09/2017,2017,280000,5.447158031,DN14 5PL,D,N,14,Yes,3,3
5CF9903C-C9A9-7F13-E053-6C04A8C074B1,20/09/2017,2017,268500,5.42894429,DN14 6XB,D,N,14,Yes,2,3
5D081D7A-F63D-4A19-8CBC-49AE09491575,27/09/2012,2012,150000,5.176091259,DN17 4GE,D,N,14,Yes,3,1
5E7BF0CA-9271-4A73-9E90-8C2EAFEB41D5,20/01/2015,2015,146520,5.16589691,DN14 6WA,D,N,14,Yes,3,2
5EDB9EBC-5C93-4045-BB16-6F55EF524A29,31/03/2011,2011,205195,5.312166774,DN17 4HP,D,Y,14,Yes,3,1
5F54B81D-3202-2B45-E053-6B04A8C01FB0,11/10/2017,2017,250000,5.397940009,DN14 5NU,D,N,14,Yes,3,3
61D8894D-F49B-3DE6-E053-6C04A8C01207,01/12/2017,2017,215000,5.33243846,DN14 9ET,D,N,14,Yes,3,3
61D8894E-369F-3DE6-E053-6C04A8C01207,08/12/2017,2017,138000,5.139879086,YO8 6RN,D,N,14,Yes,4,3
62BCA12E-C273-40BC-815B-AD6AAB421AA9,27/03/2015,2015,165000,5.217483944,DN17 3NA,D,N,14,Yes,4,2
62F921DA-0B2D-4365-B3A9-F2D5087140F6,14/03/2013,2013,215000,5.33243846,DN15 9HW,D,N,14,Yes,4,1
64342BFE-4966-422C-E053-6C04A8C0FB8A,08/12/2017,2017,162000,5.209515015,DN14 7JE,D,N,14,Yes,4,3
64342BFE-4A51-422C-E053-6C04A8C0FB8A,19/12/2017,2017,323000,5.509202522,DN15 9WA,D,N,14,Yes,4,3
666758D7-508C-3363-E053-6B04A8C0D74E,19/12/2017,2017,116000,5.064457989,DN7 6QZ,D,N,14,Yes,4,3
666758D7-8AC1-3363-E053-6B04A8C0D74E,15/09/2017,2017,630000,5.799340549,HU15 2XW,D,N,14,Yes,4,3
68FEB20B-88C3-38DA-E053-6C04A8C051AE,08/03/2018,2018,212000,5.326335861,DN14 6QT,D,N,14,Yes,3,3
68FEB20B-89E4-38DA-E053-6C04A8C051AE,05/02/2018,2018,238000,5.376576957,DN17 4HT,D,N,14,Yes,3,3
6B32222C-4BA5-01F1-E053-6C04A8C0D2C8,14/03/2018,2018,282500,5.451018452,DN15 9HW,D,N,14,Yes,4,3
6CB602C6-D3E9-4968-B23E-04BD9A3215B8,15/07/2011,2011,370000,5.568201724,DN8 5RY,D,N,14,Yes,3,1
6DA08449-FAC9-30F2-E053-6B04A8C05F3B,09/04/2018,2018,318000,5.50242712,DN15 9HW,D,N,14,Yes,4,3
6DA0844A-9E4C-30F2-E053-6B04A8C05F3B,01/05/2018,2018,218000,5.338456494,DN14 6WA,D,N,14,Yes,3,3
6DA0844A-9F03-30F2-E053-6B04A8C05F3B,14/02/2018,2018,475000,5.67669361,DN14 7TW,D,N,14,Yes,3,3
7011B10A-1977-8ED6-E053-6B04A8C075C1,15/06/2018,2018,165000,5.217483944,DN14 8AH,D,N,14,Yes,2,3
3B7E0B8F-F470-EA99-E050-A8C062057E77,15/07/2016 00:00,2016,220000,5.342422681,DN9 1JY,D,N,,,4,2
7025AA81-4FF9-4CB1-983A-6D40E38CF93D,17/08/2012,2012,239000,5.378397901,DN17 4GH,D,N,14,Yes,3,1
70AEB331-9BEF-4BFA-A42D-ADEC68A5D2F3,03/09/2012,2012,195000,5.290034611,DN14 7JE,D,N,14,Yes,4,1
726BF13A-D4E6-0A46-E053-6C04A8C01D0D,08/06/2018,2018,270000,5.431363764,DN17 4HT,D,N,14,Yes,3,3
726BF13B-2434-0A46-E053-6C04A8C01D0D,03/07/2018,2018,215000,5.33243846,YO8 6LE,D,N,14,Yes,4,3
3B7E0B8F-F51E-EA99-E050-A8C062057E77,12/08/2016 00:00,2016,200000,5.301029996,DN9 1GX,D,N,,,4,2
726BF13B-91F4-0A46-E053-6C04A8C01D0D,19/04/2018,2018,151000,5.178976947,DN14 6LW,D,N,14,Yes,3,3
726BF13B-9290-0A46-E053-6C04A8C01D0D,20/04/2018,2018,260000,5.414973348,DN14 5AD,D,N,14,Yes,3,3
75050A85-2DA7-9A88-E053-6B04A8C02390,27/07/2018,2018,240000,5.380211242,DN15 9HW,D,N,14,Yes,4,3
75050A85-2F8B-9A88-E053-6B04A8C02390,18/07/2018,2018,240000,5.380211242,DN17 4HP,D,N,14,Yes,3,3
75050A85-F741-9A88-E053-6B04A8C02390,27/07/2018,2018,265000,5.423245874,DN14 5AD,D,N,14,Yes,3,3
773788C2-B260-2CE4-E053-6C04A8C05E57,18/09/2018,2018,235000,5.371067862,DN14 6QT,D,N,14,Yes,3,3
773788C2-B4D6-2CE4-E053-6C04A8C05E57,07/09/2018,2018,232000,5.365487985,DN17 4GH,D,N,14,Yes,3,3
773788C3-75A4-2CE4-E053-6C04A8C05E57,15/08/2018,2018,230000,5.361727836,DN14 5AD,D,N,14,Yes,3,3
773788C3-7678-2CE4-E053-6C04A8C05E57,30/08/2018,2018,125000,5.096910013,DN14 7TW,D,N,14,Yes,3,3
79A74E21-A387-1289-E053-6B04A8C01627,19/10/2018,2018,450000,5.653212514,HU15 2XW,D,N,14,Yes,4,3
79E630FC-DCD6-404F-B5C0-41E7BDC3B7FA,03/12/2014,2014,195000,5.290034611,DN14 5PL,D,N,14,Yes,3,2
7C2D0700-F45A-4963-E053-6B04A8C07B97,26/10/2018,2018,219250,5.340939602,DN14 6WA,D,N,14,Yes,3,3
7C2D0700-F4FA-4963-E053-6B04A8C07B97,14/07/2018,2018,220000,5.342422681,DN14 5AD,D,N,14,Yes,3,3
7E86B6FA-E51A-458C-E053-6B04A8C0C84C,11/12/2018,2018,175000,5.243038049,DN17 3NA,D,N,14,Yes,4,3
7E86B6FB-96D6-458C-E053-6B04A8C0C84C,06/12/2018,2018,262500,5.419129308,DN14 7PS,D,N,14,Yes,4,3
80E1AA98-2A5D-7BF8-E053-6C04A8C00BF2,18/12/2018,2018,290000,5.462397998,DN15 9HW,D,N,14,Yes,4,3
80E1AA98-ABB6-7BF8-E053-6C04A8C00BF2,19/10/2018,2018,110000,5.041392685,DN8 4RY,D,N,14,Yes,3,3
80E1AA98-EC3A-7BF8-E053-6C04A8C00BF2,04/01/2019,2019,160000,5.204119983,DN14 5PL,D,N,14,Yes,3,3
817920E5-D722-492C-B9DB-104F4D55E052,27/09/2013,2013,240000,5.380211242,DN15 9WA,D,N,14,Yes,4,1
8355F009-AEC1-55C5-E053-6B04A8C0D090,05/09/2018,2018,160000,5.204119983,DN14 8HW,D,N,14,Yes,3,3
85866A64-D0E1-143F-E053-6B04A8C06A15,18/02/2019,2019,252500,5.402261382,DN17 4HT,D,N,14,Yes,3,3
85866A65-46BD-143F-E053-6B04A8C06A15,18/12/2018,2018,125000,5.096910013,DN8 5TT,D,Y,14,Yes,3,3
85866A65-7D19-143F-E053-6B04A8C06A15,15/03/2019,2019,175000,5.243038049,DN14 5PL,D,N,14,Yes,3,3
864A42C3-B324-4FFC-A1D6-D6A73FA860AC,02/07/2015,2015,140000,5.146128036,HU15 2XW,D,N,14,Yes,4,2
8763E908-6310-4D8B-B23F-A83DDC8A511F,14/10/2011,2011,282000,5.450249108,DN14 7RT,D,N,14,Yes,3,1
87E1551E-3AF0-6405-E053-6C04A8C0B2EE,08/04/2019,2019,273000,5.436162647,DN14 7JE,D,N,14,Yes,4,3
87E1551E-CA35-6405-E053-6C04A8C0B2EE,12/04/2019,2019,179000,5.252853031,DN14 6WA,D,N,14,Yes,3,3
88605ADE-EF1D-4BC9-910C-3A3DC970F268,13/11/2014,2014,178500,5.25163822,DN14 6LW,D,N,14,Yes,3,2
89BAFAE1-88DB-4C31-AF06-912DCCB2C8B7,28/11/2013,2013,238000,5.376576957,DN14 5AD,D,N,14,Yes,3,1
8A78B2AF-A0D8-5CB0-E053-6B04A8C0F504,05/04/2019,2019,275000,5.439332694,DN15 9WA,D,N,14,Yes,4,3
8A78B2B0-0D5B-5CB0-E053-6B04A8C0F504,26/04/2019,2019,850000,5.929418926,DN8 5TF,D,N,14,Yes,4,3
8A78B2B0-0EE9-5CB0-E053-6B04A8C0F504,05/04/2019,2019,105000,5.021189299,DN7 4QL,D,N,14,Yes,4,3
8C61D4FA-334E-485C-B7B4-F2E039EEB5C6,10/10/2011,2011,190000,5.278753601,YO8 6LE,D,N,14,Yes,4,1
8CAA3201-1B9A-49F6-907A-9490FB2A0C10,28/09/2012,2012,127500,5.105510185,DN17 4HT,D,N,14,Yes,3,1
8CAC1318-BB13-0253-E053-6B04A8C08E51,05/12/2018,2018,130000,5.113943352,DN7 6PU,D,N,14,Yes,4,3
8F1B26BD-BEB8-53DB-E053-6C04A8C03649,10/07/2019,2019,245000,5.389166084,DN14 6RF,D,N,14,Yes,3,3
8F1B26BD-C08B-53DB-E053-6C04A8C03649,28/06/2019,2019,520000,5.716003344,DN15 9JJ,D,N,14,Yes,4,3
8F1B26BE-76D7-53DB-E053-6C04A8C03649,08/07/2019,2019,225000,5.352182518,DN14 9ET,D,N,14,Yes,3,3
8FE41439-901B-4829-97F9-D7E491B158F2,26/06/2014,2014,135950,5.133379212,DN17 3ER,D,N,14,Yes,4,2
90706A6D-DBB2-4138-99FB-7C91178CD3F7,12/02/2015,2015,170000,5.230448921,DN7 6QZ,D,N,14,Yes,4,2
90B491DB-4319-43D9-B94F-864EA1A77C70,11/09/2014,2014,110000,5.041392685,DN8 4RY,D,N,14,Yes,3,2
919FEC05-C8A8-9A90-E053-6C04A8C0A300,02/08/2019,2019,180000,5.255272505,DN7 6LE,D,N,14,Yes,4,3
919FEC06-07C7-9A90-E053-6C04A8C0A300,12/10/2018,2018,190000,5.278753601,DN14 5NU,D,N,14,Yes,3,3
919FEC06-07C8-9A90-E053-6C04A8C0A300,25/01/2019,2019,232000,5.365487985,DN14 5NU,D,N,14,Yes,3,3
928DD081-9FF6-4F56-B9A7-2BEC564FB510,19/07/2013,2013,192500,5.284430734,DN15 9HW,D,N,14,Yes,4,1
93E6821E-D9F6-40FD-E053-6B04A8C0C1DF,31/07/2019,2019,122500,5.088136089,DN7 4QL,D,N,14,Yes,4,3
93E6821F-15D8-40FD-E053-6B04A8C0C1DF,30/08/2019,2019,306500,5.486430479,DN14 5AD,D,N,14,Yes,3,3
93E6821F-1690-40FD-E053-6B04A8C0C1DF,30/08/2019,2019,350000,5.544068044,DN14 5PL,D,N,14,Yes,3,3
9415B5E5-BF66-46C7-95ED-F53D259F09B4,18/07/2013,2013,145000,5.161368002,DN14 8AH,D,N,14,Yes,2,1
95B2C686-A429-41CC-B641-84BB0208271E,26/03/2012,2012,195000,5.290034611,YO8 6LE,D,N,14,Yes,4,1
9653BB2D-821F-4057-8E6B-AC194E787442,31/10/2014,2014,153500,5.18610838,DN14 6WA,D,N,14,Yes,3,2
965B6D91-EE38-95E4-E053-6C04A8C07729,16/08/2019,2019,172000,5.235528447,DN7 6QZ,D,N,14,Yes,4,3
965B6D92-2EE3-95E4-E053-6C04A8C07729,28/02/2019,2019,325000,5.511883361,DN14 9ET,D,N,14,Yes,3,3
965B6D92-2EF5-95E4-E053-6C04A8C07729,12/07/2019,2019,340000,5.531478917,DN14 5PL,D,N,14,Yes,3,3
975874CB-9F21-4306-9812-F981929B3B43,06/09/2013,2013,188000,5.274157849,DN14 6AR,D,N,14,Yes,2,1
97BA788F-DA9C-4D7A-A380-D04C6F1307A5,08/11/2013,2013,250000,5.397940009,DN14 6AR,D,N,14,Yes,2,1
98C75471-E6D6-72E9-E053-6B04A8C042F0,21/10/2019,2019,282000,5.450249108,DN17 4HP,D,N,14,Yes,3,3
98C75472-5D77-72E9-E053-6B04A8C042F0,30/10/2019,2019,170000,5.230448921,DN7 6QZ,D,N,14,Yes,4,3
98C75472-5F0D-72E9-E053-6B04A8C042F0,01/11/2019,2019,330000,5.51851394,DN7 6NR,D,N,14,Yes,4,3
98C75472-5FA5-72E9-E053-6B04A8C042F0,31/10/2019,2019,101000,5.004321374,DN7 4QL,D,N,14,Yes,4,3
98C75472-9AFF-72E9-E053-6B04A8C042F0,09/10/2019,2019,207100,5.316180099,DN14 6XB,D,N,14,Yes,2,3
98F21028-61C9-4174-9459-01196E793041,25/01/2013,2013,325000,5.511883361,DN14 7PS,D,N,14,Yes,4,1
99D6B50A-A548-4B61-A5A0-C5A4950AC72D,03/05/2013,2013,239950,5.380120754,DN15 9WA,D,N,14,Yes,4,1
9B361206-507E-1904-E053-6B04A8C0EEB5,13/12/2019,2019,245000,5.389166084,DN17 4HT,D,N,14,Yes,3,3
9B361206-BAE9-1904-E053-6B04A8C0EEB5,21/11/2019,2019,145000,5.161368002,DN7 4HQ,D,N,14,Yes,4,3
9B361206-BF52-1904-E053-6B04A8C0EEB5,06/09/2019,2019,123000,5.089905111,DN7 5AU,D,N,14,Yes,4,3
3DBC1399-1606-4936-8259-523BC7E8875B,13/09/2013 00:00,2013,200000,5.301029996,DN9 1TL,D,N,,,4,1
9B361206-F28A-1904-E053-6B04A8C0EEB5,29/11/2019,2019,130000,5.113943352,DN14 5NU,D,N,14,Yes,3,3
9B361206-F299-1904-E053-6B04A8C0EEB5,11/11/2019,2019,260000,5.414973348,DN14 5AD,D,N,14,Yes,3,3
9DBAD221-C956-6EB3-E053-6B04A8C0F257,18/09/2019,2019,315000,5.498310554,DN15 9WA,D,N,14,Yes,4,3
9FF0D96A-62F7-11ED-E053-6C04A8C06383,15/11/2019,2019,205000,5.311753861,DN14 6WA,D,N,14,Yes,3,3
A2479555-9FBF-74C7-E053-6B04A8C0887D,09/05/2018,2018,149000,5.173186268,DN7 6PU,D,N,14,Yes,4,3
A3392C6A-7EC8-4891-9ED6-474896525B9A,30/05/2014,2014,178000,5.250420002,HU15 2XF,D,N,14,Yes,4,2
A38EF301-73A8-425F-861E-596D2A07DA66,14/11/2013,2013,170000,5.230448921,DN8 5TT,D,N,14,Yes,3,1
A96E4ACC-965B-9205-E053-6C04A8C0DA09,22/01/2019,2019,125000,5.096910013,DN8 5TT,D,Y,14,Yes,3,3
A97773BE-9BD4-4183-94E1-AA2DA88962C1,16/04/2014,2014,245000,5.389166084,DN15 9WA,D,N,14,Yes,4,2
AAEA7C3A-1482-4195-A20C-BDE4CBC2F917,09/08/2012,2012,175000,5.243038049,DN14 5AD,D,N,14,Yes,3,1
AB8B6AA8-BB10-474E-9C1F-26BAF7BC4FD4,09/08/2013,2013,199950,5.300921408,DN17 4GH,D,N,14,Yes,3,1
ACBA94B2-B9C5-4FAE-B2C1-8E114B28BD50,22/06/2012,2012,146000,5.164352856,DN14 5NU,D,N,14,Yes,3,1
AE5F173E-54DE-4795-BD2D-39E9C4B0487B,10/11/2014,2014,230000,5.361727836,DN17 4GH,D,N,14,Yes,3,2
AE7EBCB7-4A98-4517-9AE2-82DA99827867,01/11/2011,2011,229995,5.361718395,DN14 5PL,D,Y,14,Yes,3,1
B0A9D11B-D126-4C1F-E053-6C04A8C0D716,12/11/2019,2019,83144,4.919830914,DN8 5TF,D,N,14,Yes,4,3
B332DC9C-3C5D-467E-BBD3-DE20778CCC41,15/12/2014,2014,245000,5.389166084,DN17 3HH,D,N,14,Yes,4,2
B59CDAD5-82F1-44F1-9954-65AE8FE87D79,24/07/2015,2015,208500,5.319106059,DN14 5AD,D,N,14,Yes,3,2
B96D9694-3DC8-406A-81F5-05FB24CC9CFC,06/02/2014,2014,169000,5.227886705,DN14 6RF,D,N,14,Yes,3,2
BFB05003-910E-423E-B198-575813A223B9,26/08/2011,2011,139950,5.145972903,DN17 4HT,D,N,14,Yes,3,1
C2727BD7-D01F-4305-8837-D429C9F52040,02/04/2015,2015,205000,5.311753861,DN14 5AD,D,N,14,Yes,3,2
CBB8D559-498F-447D-832A-0DB2B5F165BD,22/08/2014,2014,200000,5.301029996,DN7 6LE,D,N,14,Yes,4,2
CC11C622-B76F-4CCF-B779-F808A002BB6C,25/02/2011,2011,322500,5.508529719,DN14 5NU,D,N,14,Yes,3,1
D43C775E-0CCC-4F11-B60E-D9C8B3CBFFAC,29/11/2012,2012,353000,5.547774705,DN14 7TW,D,N,14,Yes,3,1
D936CA16-12F0-44D0-84C8-AE66561A98C7,27/04/2012,2012,180000,5.255272505,DN7 6QZ,D,N,14,Yes,4,1
DDDFBF8A-1F8B-4D02-982D-DA6DA725136A,30/11/2012,2012,249995,5.397931323,DN14 5NU,D,N,14,Yes,3,1
E17A2AB5-5195-497D-B181-9BE8D23F46BF,28/01/2011,2011,290000,5.462397998,DN14 6XB,D,N,14,Yes,2,1
E5FF7657-7954-4606-8B4B-099A58DD4C43,27/03/2015,2015,292500,5.46612587,DN14 8HW,D,N,14,Yes,3,2
E7031744-AE3D-4E81-87C5-4104363C6BF9,27/09/2013,2013,180000,5.255272505,DN15 9HW,D,N,14,Yes,4,1
ED33DC44-D985-4926-8473-5D1318DDBD0B,09/12/2011,2011,150000,5.176091259,DN17 4HT,D,N,14,Yes,3,1
EDB44B31-2090-4EDF-A7C3-C6B545AC32D1,29/08/2014,2014,169950,5.230321169,DN14 9EZ,D,N,14,Yes,3,2
3E0330EF-DCDA-8D89-E050-A8C062052140,12/08/2016 00:00,2016,223000,5.348304863,DN9 1GX,D,N,,,4,2
EFFDCC2B-B0E5-42C7-BA51-6CE786C585F6,10/02/2012,2012,235000,5.371067862,HU15 2XW,D,N,14,Yes,4,1
3E0330EF-DCEE-8D89-E050-A8C062052140,22/08/2016 00:00,2016,225000,5.352182518,DN9 1GX,D,N,,,4,2
F0E612B4-8EB6-4F91-984A-4E5280795BF3,06/10/2011,2011,170000,5.230448921,DN14 5AD,D,Y,14,Yes,3,1
F38AD128-3370-4FA5-B17B-7A3A0B51D08A,04/07/2014,2014,142000,5.152288344,DN7 6QZ,D,N,14,Yes,4,2
F3CB88B2-4441-432D-B73D-8EAB4467BF43,20/03/2013,2013,347000,5.540329475,DN14 5PL,D,N,14,Yes,3,1
F5097BD3-FFFD-457C-84E9-3E51DA7535A2,22/11/2013,2013,178000,5.250420002,DN14 6WA,D,N,14,Yes,3,1
F8A79726-3E58-402C-B2FD-F06E0F9693D2,27/08/2013,2013,175000,5.243038049,DN14 6WA,D,N,14,Yes,3,1
FAC30767-64E2-5E20-E053-4704A8C004EE,29/04/2019,2019,258000,5.411619706,YO8 6TH,D,N,14,Yes,4,3
FE6BDCF4-BC19-4141-B9E5-E0FC60B1AA36,30/04/2015,2015,150000,5.176091259,DN14 6WA,D,N,14,Yes,3,2
02793078-97F0-4F47-8B86-627B55F28B1F,07/01/2011,2011,110000,5.041392685,DN8 4PF,D,N,13,Yes,3,1
0394BCCA-D23D-45E3-8E4C-2BB60D658D98,23/01/2015,2015,140000,5.146128036,DN8 4PF,D,N,13,Yes,3,2
0885FD02-4EE7-460A-9626-B647D85AADDA,31/05/2011,2011,192500,5.284430734,DN17 3HQ,D,N,13,Yes,4,1
0A2C07B7-6BF0-474C-AA88-F38B70BF85F7,12/05/2015,2015,248000,5.394451681,DN7 5JX,D,N,13,Yes,4,2
0C70A811-E6EB-49B4-AF10-57DEBA010BA3,04/07/2014,2014,250000,5.397940009,DN14 7HE,D,N,13,Yes,3,2
130C945F-CB15-4F92-8E9D-18288C655FBA,17/08/2011,2011,159000,5.201397124,DN17 4ES,D,N,13,Yes,3,1
13C1CA4C-6128-4EA9-8B19-F8FE2CF38611,01/10/2013,2013,147000,5.167317335,DN14 6NJ,D,N,13,Yes,3,1
233CF2AD-7144-4038-A6C1-1F18FC77869A,19/10/2012,2012,90000,4.954242509,DN7 4DE,D,N,13,Yes,4,1
23B6165F-2DC5-FCF4-E050-A8C0620577FA,08/09/2015,2015,285000,5.45484486,DN14 7HE,D,N,13,Yes,3,2
24124282-2E8B-4348-A81B-2DA55A95852B,17/04/2015,2015,186000,5.269512944,HU15 2XT,D,N,13,Yes,4,2
241A4A53-AD32-706B-E050-A8C06205638B,28/10/2015,2015,205000,5.311753861,DN15 8TT,D,N,13,Yes,4,2
25EA59F9-CE5B-4D50-E050-A8C0630562D0,06/11/2015,2015,165000,5.217483944,DN17 3HQ,D,N,13,Yes,4,2
2859C1AC-8D0C-52B4-E063-4804A8C05948,20/12/2019,2019,250000,5.397940009,DN8 5FE,D,Y,13,Yes,3,3
288DCE2A-0403-E510-E050-A8C06205480E,07/12/2015,2015,200000,5.301029996,DN14 6XA,D,N,13,Yes,2,2
2AC10E4F-9453-1AF6-E050-A8C063052BA1,04/12/2015,2015,199950,5.300921408,DN14 6UJ,D,N,13,Yes,2,2
2AC10E4F-95C7-1AF6-E050-A8C063052BA1,18/12/2015,2015,190000,5.278753601,DN15 8TT,D,N,13,Yes,4,2
2B8F2FDB-F158-4D3E-B55D-0CAB8B0AF6A8,20/03/2015,2015,162500,5.210853365,DN14 0RW,D,N,13,Yes,4,2
2C4146F3-7419-44B2-970E-83437F4EFE5B,17/08/2011,2011,215000,5.33243846,DN14 7AH,D,N,13,Yes,4,1
2D1E4B26-D967-FCD1-E050-A8C0630544EC,03/02/2016,2016,250000,5.397940009,DN7 5JX,D,N,13,Yes,4,2
2D1E4B27-10AF-FCD1-E050-A8C0630544EC,08/01/2016,2016,189950,5.278639298,HU15 2FN,D,N,13,Yes,4,2
2F92C6C6-4610-4080-B402-5D8FE974A6BF,02/05/2014,2014,173500,5.239299479,HU15 2FN,D,N,13,Yes,4,2
2FD36066-1001-4BF8-E050-A8C0620562B1,29/02/2016,2016,296000,5.471291711,DN7 5JX,D,N,13,Yes,4,2
2FD36066-4B32-4BF8-E050-A8C0620562B1,23/10/2015,2015,490000,5.69019608,DN14 7ZB,D,N,13,Yes,3,2
3507495F-09A5-42A9-BBD5-DEFB48970265,27/10/2011,2011,90000,4.954242509,DN14 7DE,D,N,13,Yes,3,1
3515306B-65A4-4906-B4EC-E7639EE612D9,26/02/2014,2014,250000,5.397940009,YO8 6ET,D,N,13,Yes,4,2
369DFB15-C892-3A19-E050-A8C0620518C6,03/06/2016,2016,230000,5.361727836,DN17 3LU,D,N,13,Yes,4,2
369DFB15-C8A6-3A19-E050-A8C0620518C6,19/05/2016,2016,260000,5.414973348,HU15 2XT,D,N,13,Yes,4,2
369DFB15-C9D2-3A19-E050-A8C0620518C6,03/06/2016,2016,182000,5.260071388,DN17 3HQ,D,N,13,Yes,4,2
369DFB16-3E7D-3A19-E050-A8C0620518C6,19/05/2016,2016,153000,5.184691431,DN7 6JA,D,N,13,Yes,4,2
369DFB16-787B-3A19-E050-A8C0620518C6,17/06/2016,2016,126000,5.100370545,DN14 6RJ,D,N,13,Yes,3,2
39140479-BB1A-3206-E050-A8C063057647,14/06/2016,2016,395000,5.596597096,YO8 6ET,D,N,13,Yes,4,2
39140479-BCB3-3206-E050-A8C063057647,15/06/2016,2016,200000,5.301029996,DN15 8EG,D,N,13,Yes,4,2
39140479-BCC1-3206-E050-A8C063057647,15/07/2016,2016,140000,5.146128036,DN15 8EG,D,N,13,Yes,4,2
3B7E0B8F-F2DC-EA99-E050-A8C062057E77,19/08/2016,2016,223000,5.348304863,DN14 7DE,D,N,13,Yes,3,2
3B7E0B90-7227-EA99-E050-A8C062057E77,08/07/2016,2016,135000,5.130333768,DN8 4LA,D,N,13,Yes,3,2
3B7E0B90-B4CA-EA99-E050-A8C062057E77,15/07/2016,2016,265000,5.423245874,DN14 6BJ,D,N,13,Yes,3,2
3E0330EF-DCB5-8D89-E050-A8C062052140,23/09/2016,2016,138500,5.141449773,DN15 8EG,D,N,13,Yes,4,2
404A5AF3-8DB4-CD2B-E050-A8C063055C7B,23/09/2016,2016,230000,5.361727836,DN14 8RW,D,N,13,Yes,3,2
404A5AF3-8F54-CD2B-E050-A8C063055C7B,30/09/2016,2016,285000,5.45484486,DN17 4JU,D,N,13,Yes,3,2
404A5AF4-48C6-CD2B-E050-A8C063055C7B,30/09/2016,2016,276000,5.440909082,DN14 6BJ,D,N,13,Yes,3,2
41E4E4B8-F1F6-435C-A254-16EA3AFBEA95,21/03/2011,2011,83000,4.919078092,DN8 4PF,D,N,13,Yes,3,1
42A5A709-436A-56E8-E050-A8C06205331E,21/10/2016,2016,137000,5.136720567,DN15 8EG,D,N,13,Yes,4,2
42A5A70A-058B-56E8-E050-A8C06205331E,03/06/2016,2016,103500,5.01494035,DN14 7HE,D,N,13,Yes,3,2
404A5AF3-8D60-CD2B-E050-A8C063055C7B,19/08/2016 00:00,2016,110000,5.041392685,DN9 1JZ,D,N,,,4,2
42A5A70A-0605-56E8-E050-A8C06205331E,03/11/2016,2016,160000,5.204119983,DN14 6NJ,D,N,13,Yes,3,2
42C1AE6F-4707-4FC9-BB2E-BC4DE4784537,20/11/2012,2012,207500,5.317018101,DN8 5BS,D,N,13,Yes,3,1
43D01F86-2CAA-45C3-B6A2-083677D06757,17/04/2013,2013,155000,5.190331698,DN17 4ES,D,N,13,Yes,3,1
45343922-82B2-4D74-BB64-E4FCCE87D01E,11/09/2014,2014,210000,5.322219295,DN14 7XH,D,N,13,Yes,4,2
453D27A3-908C-EF91-E050-A8C0630574D7,25/11/2016,2016,118950,5.075364446,DN8 4SL,D,N,13,Yes,3,2
47844C80-599A-8986-E050-A8C063056488,21/12/2016,2016,103000,5.012837225,DN8 4PF,D,N,13,Yes,3,2
481B2D6E-04D0-4680-B1F5-794645875E79,19/10/2011,2011,210000,5.322219295,DN14 7AH,D,N,13,Yes,4,1
490E3C3E-5ADC-4CDC-B173-23D8173595E4,04/08/2014,2014,500000,5.698970004,DN14 7ZB,D,N,13,Yes,3,2
4B246998-5842-43AE-A23A-815068167C50,27/06/2014,2014,223000,5.348304863,YO8 8NH,D,N,13,Yes,4,2
4C4EDFFF-6D16-1854-E050-A8C063054F34,24/02/2017,2017,200000,5.301029996,DN14 7HE,D,N,13,Yes,3,3
4CAFE680-C663-4C86-9C5F-7EBF9FFA37D1,28/03/2011,2011,90000,4.954242509,DN8 4PF,D,N,13,Yes,3,1
4CD4D9DE-7AC1-4106-9929-32542CB4A1EB,03/05/2013,2013,120000,5.079181246,DN8 4PF,D,N,13,Yes,3,1
4DC7218A-5EEF-49E9-9B03-B6BD71C27417,14/06/2013,2013,127500,5.105510185,DN14 6BJ,D,N,13,Yes,3,1
404A5AF3-8EF8-CD2B-E050-A8C063055C7B,18/07/2016 00:00,2016,205000,5.311753861,DN9 1LL,D,N,,,4,2
5376B386-37B8-34C1-E053-6B04A8C09FF6,25/05/2017,2017,300000,5.477121255,HU15 2FN,D,N,13,Yes,4,3
5376B386-3855-34C1-E053-6B04A8C09FF6,05/05/2017,2017,217500,5.337459261,DN14 7QF,D,N,13,Yes,4,3
557FE351-1F94-4694-B88A-7E5E619F692D,04/09/2015,2015,292500,5.46612587,YO8 6RD,D,N,13,Yes,4,2
55BDCAE6-C265-521D-E053-6B04A8C0DD7A,20/07/2017,2017,335000,5.525044807,YO8 6ET,D,N,13,Yes,4,3
55BDCAE6-C2B9-521D-E053-6B04A8C0DD7A,30/06/2017,2017,375000,5.574031268,DN14 7QA,D,N,13,Yes,4,3
55BDCAE6-C33B-521D-E053-6B04A8C0DD7A,06/03/2017,2017,459950,5.662710623,DN14 7ZB,D,N,13,Yes,3,3
582D0637-0B0F-8F22-E053-6C04A8C01BAC,21/07/2017,2017,355000,5.550228353,DN14 7RH,D,N,13,Yes,3,3
582D0637-0D36-8F22-E053-6C04A8C01BAC,14/07/2017,2017,170000,5.230448921,DN15 8EG,D,N,13,Yes,4,3
582D0637-61B7-8F22-E053-6C04A8C01BAC,04/08/2017,2017,175000,5.243038049,DN14 0RW,D,N,13,Yes,4,3
582D0637-D558-8F22-E053-6C04A8C01BAC,30/06/2017,2017,191000,5.281033367,DN14 7HE,D,N,13,Yes,3,3
5A9D8B55-3950-68EB-E053-6B04A8C0D293,17/08/2017,2017,165000,5.217483944,DN15 8TT,D,N,13,Yes,4,3
5CF9903C-C9BA-7F13-E053-6C04A8C074B1,25/09/2017,2017,200000,5.301029996,HU15 2FN,D,N,13,Yes,4,3
5D2FCCD5-3ADB-4502-83D2-ABF596CC721B,05/09/2011,2011,340000,5.531478917,YO8 8NH,D,N,13,Yes,4,1
5F54B81D-344A-2B45-E053-6B04A8C01FB0,03/11/2017,2017,90000,4.954242509,DN15 8EG,D,N,13,Yes,4,3
5F54B81D-8C44-2B45-E053-6B04A8C01FB0,24/10/2017,2017,180000,5.255272505,DN14 0RW,D,N,13,Yes,4,3
5F54B81E-0875-2B45-E053-6B04A8C01FB0,20/10/2017,2017,297000,5.472756449,DN14 7HE,D,N,13,Yes,3,3
5F54B81E-08DA-2B45-E053-6B04A8C01FB0,27/10/2017,2017,153000,5.184691431,DN14 5JW,D,N,13,Yes,3,3
61D8894E-8C79-3DE6-E053-6C04A8C01207,03/11/2017,2017,217000,5.336459734,DN14 6BJ,D,N,13,Yes,3,3
61D8894E-8C9C-3DE6-E053-6C04A8C01207,01/12/2017,2017,208000,5.318063335,DN14 6BJ,D,N,13,Yes,3,3
64342BFE-4964-422C-E053-6C04A8C0FB8A,19/12/2017,2017,465000,5.667452953,YO8 6ET,D,N,13,Yes,4,3
64342BFE-4B12-422C-E053-6C04A8C0FB8A,10/01/2018,2018,220000,5.342422681,DN17 4JU,D,N,13,Yes,3,3
64342BFE-4B44-422C-E053-6C04A8C0FB8A,24/11/2017,2017,137000,5.136720567,DN15 8EG,D,N,13,Yes,4,3
64342BFF-312E-422C-E053-6C04A8C0FB8A,17/11/2017,2017,200000,5.301029996,DN14 6BJ,D,N,13,Yes,3,3
64A4B26F-333C-4766-B05A-26E705A70C15,30/03/2012,2012,112000,5.049218023,DN15 8EG,D,N,13,Yes,4,1
65FB412A-6974-470A-91E1-54ACE33E8B50,25/01/2013,2013,150000,5.176091259,DN17 3HZ,D,N,13,Yes,4,1
666758D7-29D6-3363-E053-6B04A8C0D74E,31/01/2018,2018,295000,5.469822016,YO8 6RD,D,N,13,Yes,4,3
666758D7-8AD1-3363-E053-6B04A8C0D74E,09/11/2017,2017,375000,5.574031268,YO8 6ET,D,N,13,Yes,4,3
68D9DD50-C603-4115-9390-6E2F0EEB5CC8,09/03/2012,2012,160000,5.204119983,HU15 2XT,D,N,13,Yes,4,1
6B32222C-AEE1-01F1-E053-6C04A8C0D2C8,29/03/2018,2018,137000,5.136720567,DN8 4PF,D,N,13,Yes,3,3
6DA08449-FA8B-30F2-E053-6B04A8C05F3B,11/05/2018,2018,165000,5.217483944,DN17 4ES,D,N,13,Yes,3,3
6E6DB60D-6498-424D-AC58-A12493799EA8,22/12/2011,2011,207000,5.315970345,DN15 8TT,D,N,13,Yes,4,1
7011B109-70B0-8ED6-E053-6B04A8C075C1,08/06/2018,2018,156500,5.194514342,DN17 3LU,D,N,13,Yes,4,3
7011B109-E29E-8ED6-E053-6B04A8C075C1,16/05/2018,2018,100000,5,DN8 4SL,D,N,13,Yes,3,3
7011B10A-199E-8ED6-E053-6B04A8C075C1,23/03/2018,2018,540000,5.73239376,DN14 7ZB,D,N,13,Yes,3,3
726BF13A-D501-0A46-E053-6C04A8C01D0D,19/06/2018,2018,235000,5.371067862,DN15 8TT,D,N,13,Yes,4,3
726BF13A-D5B7-0A46-E053-6C04A8C01D0D,12/07/2018,2018,165000,5.217483944,DN15 8EG,D,N,13,Yes,4,3
726BF13B-9241-0A46-E053-6C04A8C01D0D,25/05/2018,2018,125000,5.096910013,HU15 2FN,D,N,13,Yes,4,3
726BF13B-931B-0A46-E053-6C04A8C01D0D,02/07/2018,2018,140000,5.146128036,DN14 7QA,D,N,13,Yes,4,3
726BF13B-9322-0A46-E053-6C04A8C01D0D,09/07/2018,2018,185000,5.267171728,DN14 6DS,D,N,13,Yes,3,3
73334E66-EA32-4402-8B83-7E7A271579B1,24/01/2014,2014,247500,5.393575203,DN14 7HE,D,N,13,Yes,3,2
7407E99B-31D4-4192-9A5D-ED7A7CE6F3E1,27/09/2013,2013,159950,5.203984244,DN17 4ES,D,N,13,Yes,3,1
75050A85-2DA5-9A88-E053-6B04A8C02390,02/08/2018,2018,170000,5.230448921,DN17 3HZ,D,N,13,Yes,4,3
75050A85-B496-9A88-E053-6B04A8C02390,05/07/2018,2018,145000,5.161368002,DN8 4PF,D,N,13,Yes,3,3
75050A85-F6EF-9A88-E053-6B04A8C02390,09/07/2018,2018,220000,5.342422681,DN14 6BJ,D,N,13,Yes,3,3
75050A85-F78A-9A88-E053-6B04A8C02390,04/05/2018,2018,435000,5.638489257,DN14 7ZB,D,N,13,Yes,3,3
75C4851A-A15D-45BA-9BA8-128B90EBCFA7,24/10/2011,2011,230500,5.36267093,HU15 2XT,D,N,13,Yes,4,1
773788C3-02E8-2CE4-E053-6C04A8C05E57,06/09/2018,2018,177500,5.249198357,DN14 0RW,D,N,13,Yes,4,3
773788C3-363F-2CE4-E053-6C04A8C05E57,26/07/2018,2018,275000,5.439332694,DN8 5BS,D,N,13,Yes,3,3
77F93514-9961-4DE5-BB1B-164171927B0D,03/02/2014,2014,273000,5.436162647,DN14 7AH,D,N,13,Yes,4,2
79A74E21-A431-1289-E053-6B04A8C01627,22/10/2018,2018,135000,5.130333768,DN17 3HR,D,N,13,Yes,4,3
79B71F67-BB3E-46F4-9DE5-3C0AC2C90494,24/02/2012,2012,140000,5.146128036,DN14 6BJ,D,N,13,Yes,3,1
7ACC8CD1-0D7C-4CD4-8A71-6A151DF21AAB,26/11/2012,2012,310000,5.491361694,DN14 7HE,D,N,13,Yes,3,1
7C2D0700-F491-4963-E053-6B04A8C07B97,31/10/2018,2018,140000,5.146128036,DN14 6BJ,D,N,13,Yes,3,3
7C8429D2-1BF0-4904-833E-50998F1461F2,31/05/2013,2013,175950,5.245389271,DN15 8TJ,D,N,13,Yes,4,1
7CE687B2-FC2B-4C11-9E40-FCF0DD448B01,05/02/2014,2014,115000,5.06069784,DN14 5HG,D,N,13,Yes,3,2
7E86B6FA-E588-458C-E053-6B04A8C0C84C,03/12/2018,2018,262588,5.419274875,DN17 4EY,D,N,13,Yes,3,3
7E86B6FB-95C2-458C-E053-6B04A8C0C84C,23/11/2018,2018,360000,5.556302501,DN14 7HE,D,N,13,Yes,3,3
7EA2218E-B716-4D35-B852-EAB4D126BA93,16/10/2014,2014,164995,5.217470784,DN7 4DE,D,N,13,Yes,4,2
8355F009-505E-55C5-E053-6B04A8C0D090,18/01/2019,2019,345000,5.537819095,YO8 8NH,D,N,13,Yes,4,3
87EBD0B3-D21A-4DA3-BFB7-2926E1209D13,23/11/2011,2011,172000,5.235528447,DN14 0RW,D,N,13,Yes,4,1
88DA9A02-371E-48C5-981C-1FC1E2DCC1DF,20/09/2013,2013,265000,5.423245874,DN14 7HE,D,N,13,Yes,3,1
8A49EEF0-05D3-42A5-A9E3-9E44FA2EE0C3,21/07/2014,2014,210000,5.322219295,DN14 5NB,D,N,13,Yes,3,2
8A78B2B0-45FA-5CB0-E053-6B04A8C0F504,01/05/2019,2019,395000,5.596597096,DN14 7HE,D,N,13,Yes,3,3
8A78B2B0-4677-5CB0-E053-6B04A8C0F504,21/03/2019,2019,300000,5.477121255,DN14 7HE,D,N,13,Yes,3,3
8B947B2D-B737-47AB-86F2-2542121E6BC6,30/08/2011,2011,375000,5.574031268,HU15 1RT,D,N,13,Yes,4,1
8CAC1318-4C43-0253-E053-6B04A8C08E51,24/05/2019,2019,410000,5.612783857,DN9 1PQ,D,N,13,Yes,4,3
8CAC1318-4E2E-0253-E053-6B04A8C08E51,10/05/2019,2019,141500,5.15075644,DN15 8EG,D,N,13,Yes,4,3
8F1B26BD-BFBD-53DB-E053-6C04A8C03649,05/07/2019,2019,280000,5.447158031,DN14 5NB,D,N,13,Yes,3,3
8FBC138E-CC76-4A14-B147-88827771AC61,23/03/2015,2015,138500,5.141449773,DN14 6BJ,D,N,13,Yes,3,2
42A5A709-4113-56E8-E050-A8C06205331E,11/10/2016 00:00,2016,270000,5.431363764,DN9 1LH,D,N,,,4,2
907DC79F-6A5B-4B55-B0B5-585DB4176903,28/08/2013,2013,237500,5.375663614,HU15 2FN,D,N,13,Yes,4,1
919FEC05-4D2C-9A90-E053-6C04A8C0A300,19/07/2019,2019,292000,5.465382851,DN14 8RW,D,N,13,Yes,3,3
919FEC05-4D44-9A90-E053-6C04A8C0A300,22/07/2019,2019,320000,5.505149978,DN14 7HE,D,N,13,Yes,3,3
919FEC05-C83F-9A90-E053-6C04A8C0A300,19/07/2019,2019,275000,5.439332694,DN7 5JG,D,N,13,Yes,4,3
919FEC05-CD72-9A90-E053-6C04A8C0A300,26/07/2019,2019,222000,5.346352974,DN7 6LL,D,N,13,Yes,4,3
938DDA20-D51B-4D3C-B647-7851A3A3235F,18/09/2015,2015,130000,5.113943352,DN14 6RJ,D,N,13,Yes,3,2
93E6821E-DB2D-40FD-E053-6B04A8C0C1DF,20/09/2019,2019,162500,5.210853365,DN7 6LL,D,N,13,Yes,4,3
98C75472-350F-72E9-E053-6B04A8C042F0,22/10/2019,2019,230000,5.361727836,YO8 8NH,D,N,13,Yes,4,3
98C75472-9B5C-72E9-E053-6B04A8C042F0,22/03/2019,2019,575000,5.759667845,DN14 7ZB,D,N,13,Yes,3,3
99D738E9-8B8B-4F75-B570-92793684156F,14/03/2014,2014,166000,5.220108088,DN7 6LL,D,N,13,Yes,4,2
9B361206-508D-1904-E053-6B04A8C0EEB5,05/12/2019,2019,600000,5.77815125,DN14 7HE,D,N,13,Yes,3,3
9DA8EAD2-1E15-4286-96ED-E9345BFAF9BA,15/06/2012,2012,168000,5.225309282,HU15 2FN,D,N,13,Yes,4,1
9DB16647-BD90-4D83-83F4-5718F7854A16,28/04/2014,2014,209000,5.320146286,DN17 3HQ,D,N,13,Yes,4,2
9DBAD221-C7E7-6EB3-E053-6B04A8C0F257,16/12/2019,2019,260000,5.414973348,DN17 3HQ,D,N,13,Yes,4,3
9FF0D96A-6361-11ED-E053-6C04A8C06383,31/05/2019,2019,490000,5.69019608,DN14 7ZB,D,N,13,Yes,3,3
A10B8532-8FDB-4223-B224-006A5DB864D4,05/06/2015,2015,120000,5.079181246,DN8 4LA,D,N,13,Yes,3,2
A1FA09EB-4720-4C76-9082-E4F5E54CAE1F,21/11/2011,2011,240000,5.380211242,DN7 5JX,D,N,13,Yes,4,1
A3CFB2FB-0072-4387-8668-6CF8E6541F1B,28/08/2015,2015,163000,5.212187604,DN14 5HG,D,N,13,Yes,3,2
AB1524F0-26EE-4F6E-947A-02AC33D299D7,19/06/2015,2015,177000,5.247973266,DN14 5HG,D,N,13,Yes,3,2
AC1DB1A2-D69A-4F86-8E98-0A8CA1A8B316,17/01/2014,2014,290000,5.462397998,DN7 5JQ,D,N,13,Yes,4,2
AD774569-A713-416C-9DDD-2EE01207BB18,07/06/2012,2012,157000,5.195899652,DN7 6LL,D,N,13,Yes,4,1
AE5D60B6-FD8C-4511-B63A-48FB5EAB0FAA,06/03/2015,2015,220000,5.342422681,DN14 5JW,D,N,13,Yes,3,2
B08FB418-FBCC-463D-ACEA-9045512E7DD6,03/12/2014,2014,275000,5.439332694,YO8 6RD,D,N,13,Yes,4,2
B86C91F5-A250-4831-8A1C-29FB4AE1C399,29/07/2011,2011,250000,5.397940009,DN17 4EY,D,N,13,Yes,3,1
B9F04151-E9C3-410B-9C0E-69C412DB4549,26/05/2015,2015,210000,5.322219295,DN14 7UQ,D,N,13,Yes,3,2
BC8CC959-AD79-404D-823D-28C40B280E42,03/01/2014,2014,235000,5.371067862,YO8 6RD,D,N,13,Yes,4,2
BFC1E529-9F13-4ADE-B24E-7DF332A61002,01/10/2012,2012,178000,5.250420002,DN7 4DE,D,N,13,Yes,4,1
C166AF0B-0D74-4240-A8BF-6149A0531742,03/02/2012,2012,270000,5.431363764,YO8 8NH,D,N,13,Yes,4,1
C2DB8EDA-9F6A-4E38-93BE-CBFE9C56C342,24/01/2014,2014,485000,5.685741739,DN14 7XH,D,N,13,Yes,4,2
C383A87F-E20C-491D-B67D-9105C5B2E948,24/01/2011,2011,158000,5.198657087,DN17 3HQ,D,N,13,Yes,4,1
CBF8509F-D94A-41D3-B19E-85B5BC905353,18/05/2012,2012,249000,5.396199347,YO8 8NH,D,N,13,Yes,4,1
D18BFA30-E314-41BA-89A2-727C583D7ADD,18/11/2011,2011,130000,5.113943352,DN17 4ES,D,N,13,Yes,3,1
D21DBF97-6FF8-429B-B342-23DA1A635AC8,08/11/2013,2013,250000,5.397940009,DN7 5JX,D,N,13,Yes,4,1
D707FB93-9851-42D9-9085-9FFAC3827176,19/09/2014,2014,246000,5.390935107,DN14 8LR,D,N,13,Yes,3,2
DAB6C5F3-3AD6-4628-80D5-925551D0A100,09/11/2012,2012,90000,4.954242509,DN8 4PF,D,N,13,Yes,3,1
DE88ACC4-5EB9-4AAB-8426-661C11173190,07/05/2013,2013,129000,5.11058971,DN8 4PF,D,N,13,Yes,3,1
E0EDEBEF-0037-4DDE-8429-A2151A6B2E4C,21/06/2013,2013,260000,5.414973348,DN14 7HE,D,N,13,Yes,3,1
E1F842FE-1DCF-43BF-8BBC-7358552BF0BD,07/08/2015,2015,262500,5.419129308,DN14 7QA,D,N,13,Yes,4,2
E2B4767A-23F3-4B93-BF00-ABA075545C58,25/09/2015,2015,150000,5.176091259,HU15 2XT,D,N,13,Yes,4,2
E902F377-BAAC-4C10-AAD2-8C49CBA742C3,27/06/2014,2014,135000,5.130333768,DN14 6NR,D,N,13,Yes,2,2
EC837F0B-547A-497A-B5AE-7E10F38A8FBF,13/08/2014,2014,158500,5.200029267,DN14 6NJ,D,N,13,Yes,3,2
ED7872AB-BBF1-4BB1-8E38-5F437BA5EE6D,09/03/2011,2011,160000,5.204119983,DN7 5JX,D,N,13,Yes,4,1
EE2B0932-2F42-4949-A16D-3C7FA4069FFE,07/11/2014,2014,245000,5.389166084,DN14 6XA,D,Y,13,Yes,2,2
F03D63EC-C56D-473A-AD8C-0B18B7B1FE18,23/05/2013,2013,272500,5.435366507,DN14 7HE,D,N,13,Yes,3,1
F1937B5D-9932-4685-B134-BA5723C5609D,20/05/2015,2015,169950,5.230321169,DN14 5HG,D,N,13,Yes,3,2
FA225A7A-510C-4441-8CA2-ED22EBD55ADE,04/05/2011,2011,134000,5.127104798,DN8 4PF,D,N,13,Yes,3,1
FDE23A86-FB32-4E11-A139-DB573BC77CB4,08/09/2014,2014,180000,5.255272505,DN17 4EY,D,N,13,Yes,3,2
030C5AD8-67CC-43DD-8A03-D8AB53EB7607,04/04/2011,2011,135000,5.130333768,DN8 4AS,D,N,12,Yes,3,1
04059CA8-E15D-47DE-95D8-5C3310660A2F,23/06/2014,2014,250000,5.397940009,DN14 7DF,D,N,12,Yes,3,2
04298117-EC73-40D8-A9BC-5065367AD436,24/05/2013,2013,355671,5.551048456,DN14 7GF,D,N,12,Yes,4,1
050C0226-AB1F-454D-9FF0-A58CFA2A6515,20/11/2013,2013,180000,5.255272505,DN15 8YN,D,N,12,Yes,4,1
07574585-7933-447D-8DC6-9FE2D0B41604,31/07/2014,2014,340000,5.531478917,YO8 8PS,D,N,12,Yes,3,2
09055878-4405-41D0-8773-5E4DB2DCF5DA,29/04/2013,2013,105000,5.021189299,DN15 8YN,D,N,12,Yes,4,1
0AC6C87E-83B6-4713-97C9-F4ADD37416DB,23/02/2015,2015,115000,5.06069784,DN7 4NS,D,N,12,Yes,4,2
0AE54B08-27E7-4EEB-ADC4-9B7B4375FFA5,05/12/2014,2014,274500,5.438542349,YO8 8PS,D,N,12,Yes,3,2
0B6F9D53-BE21-41F0-95E8-BB1368E9F42C,24/05/2011,2011,152750,5.183981219,DN14 6FE,D,N,12,Yes,3,1
0D63DC31-17BE-484D-9801-391297F68E4B,30/04/2015,2015,157500,5.197280558,DN17 4DT,D,N,12,Yes,3,2
10D5B551-AD2C-46FF-A4BD-EC9852B79C0B,18/04/2011,2011,260000,5.414973348,YO8 8PS,D,N,12,Yes,3,1
163DCC67-8839-4BD5-A1D3-60651391BCD8,29/11/2011,2011,405799,5.608310972,DN14 7FY,D,N,12,Yes,3,1
187B2287-FC77-4B12-8364-EF7EF9E1D457,08/08/2013,2013,151500,5.180412633,DN15 9YE,D,N,12,Yes,4,1
187F26DA-043B-4374-AA7C-3E32EB7F51B2,06/04/2011,2011,125000,5.096910013,DN7 4NS,D,N,12,Yes,4,1
18EE45E7-9105-4C96-88FC-351DC7215926,19/06/2013,2013,335000,5.525044807,YO8 6QX,D,N,12,Yes,4,1
1C62D024-0A22-4058-9D47-3FA403BEC700,07/11/2013,2013,151500,5.180412633,DN14 6AB,D,N,12,Yes,3,1
1F39A458-B68D-4BF2-BE8C-9CF48271E103,21/11/2014,2014,242000,5.383815366,DN14 7GF,D,N,12,Yes,4,2
20EB2D34-C318-4673-96CB-86A31EB17941,10/04/2015,2015,190000,5.278753601,YO8 6QX,D,N,12,Yes,4,2
22D9D16C-DDFD-40A7-8408-34CADD38F512,05/11/2013,2013,140000,5.146128036,DN17 4RX,D,N,12,Yes,4,1
23B6165E-60B1-FCF4-E050-A8C0620577FA,20/10/2015,2015,158000,5.198657087,DN15 8UU,D,N,12,Yes,4,2
23B6165E-E83C-FCF4-E050-A8C0620577FA,21/08/2015,2015,91000,4.959041392,DN7 4NS,D,N,12,Yes,4,2
23B6165E-E852-FCF4-E050-A8C0620577FA,18/09/2015,2015,134000,5.127104798,DN7 4NS,D,N,12,Yes,4,2
25EA59F9-CFD7-4D50-E050-A8C0630562D0,28/10/2015,2015,140000,5.146128036,DN15 8UU,D,N,12,Yes,4,2
25EA59FA-0CFE-4D50-E050-A8C0630562D0,13/11/2015,2015,310000,5.491361694,DN14 0BT,D,N,12,Yes,4,2
25EA59FA-3515-4D50-E050-A8C0630562D0,30/10/2015,2015,105000,5.021189299,DN8 4LB,D,N,12,Yes,3,2
25EA59FA-3701-4D50-E050-A8C0630562D0,18/11/2015,2015,130000,5.113943352,DN8 4SN,D,N,12,Yes,3,2
2A289E9F-5012-CDC8-E050-A8C063054829,25/09/2012,2012,227000,5.356025857,DN14 6AB,D,Y,12,Yes,3,1
2AC10E4F-E401-1AF6-E050-A8C063052BA1,22/12/2015,2015,285500,5.455606113,YO8 8PS,D,N,12,Yes,3,2
2AC10E50-1443-1AF6-E050-A8C063052BA1,21/12/2015,2015,149950,5.17594647,DN8 4SN,D,N,12,Yes,3,2
2C180160-DE7C-47FA-82F1-1D7DE2C4B3E9,12/03/2014,2014,293000,5.46686762,YO8 6QX,D,N,12,Yes,4,2
2D1E4B27-108E-FCD1-E050-A8C0630544EC,29/01/2016,2016,332000,5.521138084,DN14 7GF,D,N,12,Yes,4,2
2E25A223-F270-445A-AC70-7BE35A5DDA76,31/05/2011,2011,190000,5.278753601,DN14 7TS,D,N,12,Yes,3,1
4531DE0E-CC1C-4997-B80B-BFEC55F2D3CB,21/09/2012 00:00,2012,218995,5.340434199,DN9 1GX,D,Y,,,4,1
2FD36065-9BF0-4BF8-E050-A8C0620562B1,11/03/2016,2016,164000,5.214843848,DN15 8YN,D,N,12,Yes,4,2
2FD36065-9C1B-4BF8-E050-A8C0620562B1,23/02/2016,2016,186500,5.270678836,DN17 4PR,D,N,12,Yes,3,2
31FB4C17-6AAC-57B9-E050-A8C063053436,30/03/2016,2016,169950,5.230321169,DN15 9YE,D,N,12,Yes,4,2
31FB4C18-0569-57B9-E050-A8C063053436,23/03/2016,2016,165000,5.217483944,DN7 6QG,D,N,12,Yes,4,2
32718890-024D-43D1-9DF4-569E384E9962,31/03/2014,2014,220000,5.342422681,DN14 7QQ,D,N,12,Yes,4,2
333025EF-A66B-4D1A-A628-3BAC3B9FD582,08/02/2013,2013,146000,5.164352856,DN14 5NW,D,N,12,Yes,3,1
33BE4C9A-7959-4492-B190-08FFF2A58204,01/02/2013,2013,150000,5.176091259,DN15 8YN,D,N,12,Yes,4,1
34428D7E-60F3-B86C-E050-A8C06205059C,28/04/2016,2016,323000,5.509202522,YO8 8PS,D,N,12,Yes,3,2
34428D7E-8A6E-B86C-E050-A8C06205059C,13/05/2016,2016,120000,5.079181246,DN8 4RX,D,N,12,Yes,3,2
34428D7E-BE6E-B86C-E050-A8C06205059C,19/05/2016,2016,245000,5.389166084,DN14 8LU,D,N,12,Yes,3,2
369DFB15-C94A-3A19-E050-A8C0620518C6,20/05/2016,2016,285000,5.45484486,DN14 7LU,D,N,12,Yes,4,2
369DFB16-1172-3A19-E050-A8C0620518C6,27/05/2016,2016,170000,5.230448921,YO8 6YZ,D,N,12,Yes,4,2
369DFB16-786B-3A19-E050-A8C0620518C6,27/05/2016,2016,180000,5.255272505,DN14 6FE,D,N,12,Yes,3,2
38554A15-8266-48E6-8E04-CB2747789CBB,23/04/2014,2014,105000,5.021189299,DN15 8UU,D,N,12,Yes,4,2
387BC2B0-8C2B-48A0-A4F6-88E172E5472F,24/02/2012,2012,205000,5.311753861,DN14 6AB,D,Y,12,Yes,3,1
39140479-BA53-3206-E050-A8C063057647,24/06/2016,2016,129950,5.113776284,DN15 8AU,D,N,12,Yes,4,2
3914047A-090E-3206-E050-A8C063057647,02/10/2015,2015,172500,5.236789099,YO8 6YZ,D,N,12,Yes,4,2
3914047A-7327-3206-E050-A8C063057647,30/06/2016,2016,235000,5.371067862,DN14 6AB,D,N,12,Yes,3,2
3939042F-E986-440B-BAEF-777B42E21B8E,31/03/2014,2014,345000,5.537819095,DN9 1TQ,D,N,12,Yes,4,2
3B7E0B90-749B-EA99-E050-A8C062057E77,29/06/2016,2016,170000,5.230448921,DN8 4AS,D,N,12,Yes,3,2
3B7E0B90-B50D-EA99-E050-A8C062057E77,29/07/2016,2016,216500,5.335457901,DN14 6AB,D,N,12,Yes,3,2
3C04A07C-0D16-4507-8A78-FF7E94A96525,14/04/2011,2011,103000,5.012837225,DN7 4NS,D,N,12,Yes,4,1
3E0330F0-2DD0-8D89-E050-A8C062052140,23/09/2016,2016,385000,5.58546073,YO8 8PS,D,N,12,Yes,3,2
453D27A3-1B57-EF91-E050-A8C0630574D7,05/12/2016 00:00,2016,175000,5.243038049,DN9 1JY,D,N,,,4,2
3E0330F0-2F25-8D89-E050-A8C062052140,19/08/2016,2016,334000,5.523746467,YO8 6RQ,D,N,12,Yes,4,2
3E0330F0-62A3-8D89-E050-A8C062052140,12/09/2016,2016,250000,5.397940009,DN7 6PE,D,N,12,Yes,4,2
3F02849F-A1E4-49FF-943C-FD9F73793FD2,18/12/2014,2014,143000,5.155336037,DN7 6QG,D,N,12,Yes,4,2
404A5AF3-DD06-CD2B-E050-A8C063055C7B,20/09/2016,2016,240000,5.380211242,YO8 8PS,D,N,12,Yes,3,2
42966E2F-FE35-4840-8389-B2824AD86661,03/02/2014,2014,97000,4.986771734,DN7 4LG,D,N,12,Yes,4,2
42A5A709-93F3-56E8-E050-A8C06205331E,18/11/2016,2016,287500,5.458637849,YO8 6QX,D,N,12,Yes,4,2
42A5A709-C50B-56E8-E050-A8C06205331E,14/10/2016,2016,187000,5.271841607,DN8 4SN,D,N,12,Yes,3,2
436E0C23-9628-4413-AD23-511F4EA0803B,26/09/2014,2014,335000,5.525044807,DN14 7LU,D,N,12,Yes,4,2
453D27A3-18AF-EF91-E050-A8C0630574D7,28/10/2016,2016,184950,5.267054336,DN14 7DF,D,N,12,Yes,3,2
45C1FE88-3255-43A5-9FD2-6DD6C6C9F3C2,06/07/2012,2012,155000,5.190331698,DN14 7DF,D,N,12,Yes,3,1
47844C80-9923-8986-E050-A8C063056488,09/01/2017,2017,162500,5.210853365,DN14 7DF,D,N,12,Yes,3,3
47844C80-996E-8986-E050-A8C063056488,25/10/2016,2016,210000,5.322219295,DN14 6AB,D,N,12,Yes,3,2
47844C80-999F-8986-E050-A8C063056488,20/01/2017,2017,245000,5.389166084,DN14 5NR,D,N,12,Yes,3,3
488D151E-AE1E-41FE-BBC2-741BD39E721E,22/07/2011,2011,163500,5.213517757,DN8 4SN,D,N,12,Yes,3,1
49B7852A-BCE6-7921-E050-A8C063056E8D,10/02/2017,2017,310000,5.491361694,DN14 0BF,D,N,12,Yes,4,3
4B8346D5-2F7F-459E-A0E4-5F043288CA87,05/06/2015,2015,166000,5.220108088,DN17 4DT,D,N,12,Yes,3,2
4C4EDFFF-6E71-1854-E050-A8C063054F34,03/03/2017,2017,170000,5.230448921,DN17 4PR,D,N,12,Yes,3,3
4C4EDFFF-6F4A-1854-E050-A8C063054F34,02/03/2017,2017,135000,5.130333768,DN15 8SU,D,N,12,Yes,4,3
4C7786E7-BDEA-4A37-A517-C1B4F1E1EF62,15/05/2015,2015,233000,5.367355921,DN17 4EX,D,N,12,Yes,3,2
4C817F91-A3B5-4C48-A24C-B75FFE27626C,06/06/2013,2013,180000,5.255272505,DN8 4AS,D,N,12,Yes,3,1
4E95D757-794C-EDA1-E050-A8C0630539E2,12/04/2017,2017,259950,5.414889822,DN14 6LT,D,N,12,Yes,3,3
4E95D757-7965-EDA1-E050-A8C0630539E2,24/03/2017,2017,180000,5.255272505,DN17 4EX,D,N,12,Yes,3,3
4F15E204-F9D1-4B74-868D-B9AAC00FA25E,06/06/2014,2014,275000,5.439332694,YO8 8PS,D,N,12,Yes,3,2
50F18103-1D41-9FD5-E050-A8C063054923,10/04/2017,2017,174500,5.241795431,DN17 4RX,D,N,12,Yes,4,3
50F18103-6476-9FD5-E050-A8C063054923,05/05/2017,2017,375000,5.574031268,YO8 6RQ,D,N,12,Yes,4,3
50F18103-65EA-9FD5-E050-A8C063054923,12/04/2017,2017,140000,5.146128036,YO8 8JT,D,N,12,Yes,4,3
50F18103-C782-9FD5-E050-A8C063054923,12/04/2017,2017,230000,5.361727836,DN14 6AB,D,N,12,Yes,3,3
50F18103-C7E1-9FD5-E050-A8C063054923,23/03/2017,2017,120000,5.079181246,DN14 7HX,D,N,12,Yes,4,3
52869BBF-693B-4B96-9DE5-017FD503140B,01/03/2013,2013,119000,5.075546961,DN7 4HH,D,N,12,Yes,4,1
5376B385-F8ED-34C1-E053-6B04A8C09FF6,07/04/2017,2017,111000,5.045322979,DN7 4HH,D,N,12,Yes,4,3
55BDCAE6-07C1-521D-E053-6B04A8C0DD7A,12/06/2017,2017,320000,5.505149978,DN17 4NP,D,N,12,Yes,3,3
55BDCAE6-0840-521D-E053-6B04A8C0DD7A,27/02/2017,2017,143000,5.155336037,DN15 9YE,D,N,12,Yes,4,3
55BDCAE6-583B-521D-E053-6B04A8C0DD7A,24/02/2017,2017,220000,5.342422681,YO8 6QX,D,N,12,Yes,4,3
55BDCAE6-C2FC-521D-E053-6B04A8C0DD7A,30/06/2017,2017,235000,5.371067862,DN14 6AB,D,N,12,Yes,3,3
566AB5BE-4DA6-4306-AA78-2E544E8CF5FE,14/12/2012,2012,199950,5.300921408,DN15 8YN,D,N,12,Yes,4,1
5678A263-B67F-4AD2-91C7-6FFCE5E4185E,01/11/2011,2011,205000,5.311753861,DN17 4DT,D,N,12,Yes,3,1
568B5E7D-CD28-49DC-AC24-1DB39918FB3A,05/12/2014,2014,313000,5.495544338,DN15 8TW,D,N,12,Yes,4,2
57B5F4F1-A667-46C8-8317-28AFA061581F,22/05/2015,2015,145000,5.161368002,DN14 5UR,D,N,12,Yes,2,2
58578C62-CDDF-4BCC-9CE8-FA1C9BA86B5B,06/05/2011,2011,100000,5,DN7 4HH,D,N,12,Yes,4,1
5A9D8B55-37B6-68EB-E053-6B04A8C0D293,11/08/2017,2017,185000,5.267171728,DN17 4EX,D,N,12,Yes,3,3
5A9D8B55-3808-68EB-E053-6B04A8C0D293,30/08/2017,2017,210000,5.322219295,DN14 5NW,D,N,12,Yes,3,3
5A9D8B55-39BA-68EB-E053-6B04A8C0D293,06/09/2017,2017,195000,5.290034611,DN17 4GD,D,N,12,Yes,3,3
5A9D8B55-39BE-68EB-E053-6B04A8C0D293,01/09/2017,2017,310000,5.491361694,DN17 4PR,D,N,12,Yes,3,3
5A9D8B55-8DA2-68EB-E053-6B04A8C0D293,01/09/2017,2017,320000,5.505149978,YO8 8PS,D,N,12,Yes,3,3
5A9D8B55-BB1B-68EB-E053-6B04A8C0D293,25/08/2017,2017,92000,4.963787827,DN7 4HH,D,N,12,Yes,4,3
5A9D8B55-FDB9-68EB-E053-6B04A8C0D293,06/06/2017,2017,200000,5.301029996,DN14 5NW,D,N,12,Yes,3,3
5B6CD6D2-30E9-406C-B9EE-9CB6F7C9EF33,11/08/2011,2011,163160,5.212613697,DN14 6AB,D,Y,12,Yes,3,1
5CF9903B-FD19-7F13-E053-6C04A8C074B1,16/10/2017,2017,157500,5.197280558,DN15 9YE,D,N,12,Yes,4,3
5CF9903B-FF8B-7F13-E053-6C04A8C074B1,08/09/2017,2017,150000,5.176091259,DN17 4GD,D,N,12,Yes,3,3
5CF9903C-8330-7F13-E053-6C04A8C074B1,19/10/2017,2017,155000,5.190331698,DN7 6QG,D,N,12,Yes,4,3
5CF9903C-8619-7F13-E053-6C04A8C074B1,29/09/2017,2017,155000,5.190331698,DN8 4SN,D,N,12,Yes,3,3
5CF9903C-865B-7F13-E053-6C04A8C074B1,15/09/2017,2017,172000,5.235528447,DN8 4SN,D,N,12,Yes,3,3
5CF9903C-CA29-7F13-E053-6C04A8C074B1,27/06/2017,2017,374950,5.573973358,DN14 7QQ,D,Y,12,Yes,4,3
5CF9903C-CA92-7F13-E053-6C04A8C074B1,29/09/2017,2017,265000,5.423245874,DN14 8LU,D,N,12,Yes,3,3
5D5E950E-7B17-44CE-B3AD-D2DF2361E849,06/03/2015,2015,185000,5.267171728,DN14 6AB,D,N,12,Yes,3,2
5E5707CB-1700-4F34-A6F1-6AECD0D05D21,15/02/2011,2011,270000,5.431363764,YO8 6QX,D,N,12,Yes,4,1
5F54B81D-332E-2B45-E053-6B04A8C01FB0,20/10/2017,2017,247500,5.393575203,DN14 5NR,D,N,12,Yes,3,3
5F54B81D-8D9F-2B45-E053-6B04A8C01FB0,06/11/2017,2017,262500,5.419129308,YO8 8PS,D,N,12,Yes,3,3
5F5F62AB-DB22-4241-A5D1-C414FB55B120,14/09/2012,2012,170000,5.230448921,DN14 8EB,D,N,12,Yes,3,1
61D8894E-5777-3DE6-E053-6C04A8C01207,08/09/2017,2017,195000,5.290034611,DN7 4HH,D,N,12,Yes,4,3
61DB9E67-60E4-4462-AD5F-DCAD8E892639,13/02/2014,2014,165000,5.217483944,DN14 6FE,D,N,12,Yes,3,2
6295A0AF-AE1C-4AB5-8F24-435DFFBF5779,26/06/2015,2015,212500,5.327358934,YO8 8PS,D,N,12,Yes,3,2
64342BFE-487F-422C-E053-6C04A8C0FB8A,15/12/2017,2017,169950,5.230321169,DN15 9YE,D,N,12,Yes,4,3
64342BFE-E39E-422C-E053-6C04A8C0FB8A,18/12/2017,2017,183000,5.26245109,DN8 4SN,D,N,12,Yes,3,3
64342BFE-E53B-422C-E053-6C04A8C0FB8A,15/12/2017,2017,125000,5.096910013,DN8 4RX,D,N,12,Yes,3,3
64342BFF-3140-422C-E053-6C04A8C0FB8A,08/11/2017,2017,370000,5.568201724,DN14 7GF,D,N,12,Yes,4,3
64342BFF-3181-422C-E053-6C04A8C0FB8A,12/12/2017,2017,310000,5.491361694,DN14 0BF,D,N,12,Yes,4,3
64342BFF-3197-422C-E053-6C04A8C0FB8A,20/12/2017,2017,265000,5.423245874,DN14 0BF,D,N,12,Yes,4,3
64342BFF-321D-422C-E053-6C04A8C0FB8A,22/09/2017,2017,374950,5.573973358,DN14 7QQ,D,Y,12,Yes,4,3
666758D6-E39C-3363-E053-6B04A8C0D74E,25/01/2018,2018,225000,5.352182518,DN17 4NP,D,N,12,Yes,3,3
666758D6-E39E-3363-E053-6B04A8C0D74E,02/02/2018,2018,160000,5.204119983,DN15 8AU,D,N,12,Yes,4,3
666758D7-5265-3363-E053-6B04A8C0D74E,26/01/2018,2018,152500,5.183269844,DN8 4SN,D,N,12,Yes,3,3
666758D7-55CF-3363-E053-6B04A8C0D74E,08/02/2018,2018,169950,5.230321169,DN7 6PE,D,N,12,Yes,4,3
6772B611-02EE-40F4-A3A7-DFB35903CFD4,23/03/2012,2012,170000,5.230448921,DN14 6AB,D,Y,12,Yes,3,1
68FEB20B-88FB-38DA-E053-6C04A8C051AE,12/12/2017,2017,168000,5.225309282,DN17 4DT,D,N,12,Yes,3,3
68FEB20B-8A04-38DA-E053-6C04A8C051AE,22/03/2018,2018,327000,5.514547753,DN15 8TW,D,N,12,Yes,4,3
68FEB20C-3A77-38DA-E053-6C04A8C051AE,23/01/2018,2018,390000,5.591064607,DN14 7QQ,D,Y,12,Yes,4,3
6953BAC7-79E0-40DC-BD7F-9511112007B6,25/03/2014,2014,95000,4.977723605,DN7 4NS,D,N,12,Yes,4,2
6B32222C-E258-01F1-E053-6C04A8C0D2C8,13/03/2018,2018,407500,5.610127613,DN14 7QQ,D,Y,12,Yes,4,3
6BDB1A0D-F4DE-4B00-88AC-CC64E30201E5,04/05/2012,2012,350000,5.544068044,DN17 4PR,D,N,12,Yes,3,1
6D4C6C1A-D36F-4734-BC10-4BBB06439266,09/10/2013,2013,260000,5.414973348,DN14 7GF,D,N,12,Yes,4,1
6DA0844A-3F38-30F2-E053-6B04A8C05F3B,13/04/2018,2018,335000,5.525044807,YO8 8PS,D,N,12,Yes,3,3
6DA0844A-6767-30F2-E053-6B04A8C05F3B,12/04/2018,2018,147000,5.167317335,DN8 4SN,D,N,12,Yes,3,3
6DA0844A-6852-30F2-E053-6B04A8C05F3B,04/05/2018,2018,249999,5.397938271,DN7 5DT,D,N,12,Yes,4,3
6DA0844A-9EC8-30F2-E053-6B04A8C05F3B,01/05/2018,2018,180000,5.255272505,DN14 6AB,D,N,12,Yes,3,3
6E4AE0F0-6120-4926-B91F-C21BB315DD3D,29/11/2012,2012,230000,5.361727836,DN17 4NP,D,N,12,Yes,3,1
7011B10A-19E5-8ED6-E053-6B04A8C075C1,15/06/2018,2018,379950,5.579726449,DN14 7QQ,D,Y,12,Yes,4,3
726BF13A-D498-0A46-E053-6C04A8C01D0D,29/06/2018,2018,155000,5.190331698,DN15 8AU,D,N,12,Yes,4,3
726BF13B-2647-0A46-E053-6C04A8C01D0D,01/06/2018,2018,177500,5.249198357,YO8 6YZ,D,N,12,Yes,4,3
726BF13B-923E-0A46-E053-6C04A8C01D0D,11/05/2018,2018,330000,5.51851394,DN14 8NJ,D,N,12,Yes,2,3
726BF13B-9335-0A46-E053-6C04A8C01D0D,11/07/2018,2018,160000,5.204119983,DN14 6LT,D,N,12,Yes,3,3
736BC9CD-C763-4CF6-9C9F-3ED30C772897,30/08/2013,2013,131000,5.117271296,DN15 8UU,D,N,12,Yes,4,1
75050A85-82B2-9A88-E053-6B04A8C02390,29/06/2018,2018,365000,5.562292864,YO8 8PS,D,N,12,Yes,3,3
75616FEF-5CDF-40E1-8AEB-8409B25EBF93,16/08/2011,2011,104950,5.020982443,DN7 4HH,D,N,12,Yes,4,1
773788C2-B27D-2CE4-E053-6C04A8C05E57,17/08/2018,2018,266000,5.424881637,DN14 8HT,D,N,12,Yes,4,3
773788C3-7576-2CE4-E053-6C04A8C05E57,17/08/2018,2018,203500,5.308564414,DN14 6FE,D,N,12,Yes,3,3
79A74E21-A4A4-1289-E053-6B04A8C01627,05/10/2018,2018,215000,5.33243846,DN17 4NP,D,N,12,Yes,3,3
79A74E22-774A-1289-E053-6B04A8C01627,18/09/2018,2018,220000,5.342422681,DN14 6AB,D,N,12,Yes,3,3
7A09CDEC-E5A3-47A4-AE91-99ED702D76CF,24/09/2012,2012,262500,5.419129308,YO8 6QX,D,N,12,Yes,4,1
7A15EE7B-409C-4AC2-B2F9-504A6CE7D093,19/06/2015,2015,164000,5.214843848,DN14 6AB,D,N,12,Yes,3,2
7BCC4394-8CDB-4966-B93A-85B71B04E77E,21/01/2011,2011,173000,5.238046103,DN14 6FE,D,N,12,Yes,3,1
7C2D0700-276A-4963-E053-6B04A8C07B97,29/10/2018,2018,240000,5.380211242,DN14 7YS,D,N,12,Yes,4,3
7C2D0700-7EB8-4963-E053-6B04A8C07B97,19/10/2018,2018,435000,5.638489257,YO8 6QX,D,N,12,Yes,4,3
7E86B6FA-E5CA-458C-E053-6B04A8C0C84C,30/11/2018,2018,158000,5.198657087,DN15 9YE,D,N,12,Yes,4,3
7E86B6FB-95F8-458C-E053-6B04A8C0C84C,16/11/2018,2018,268000,5.428134794,DN14 6FE,D,N,12,Yes,3,3
7F60DD5A-FD1A-4DAB-9CA4-BA6A5B02DE4A,31/08/2012,2012,200000,5.301029996,DN14 6AB,D,Y,12,Yes,3,1
7F93FFE7-F7E8-4423-88B0-97DE6B62A9F1,11/12/2014,2014,90000,4.954242509,DN7 4LG,D,N,12,Yes,4,2
80E1AA98-2BDE-7BF8-E053-6C04A8C00BF2,14/01/2019,2019,370000,5.568201724,DN17 4PR,D,N,12,Yes,3,3
80E1AA98-7CCB-7BF8-E053-6C04A8C00BF2,17/01/2019,2019,200000,5.301029996,YO8 6YZ,D,N,12,Yes,4,3
80E1AA98-7F97-7BF8-E053-6C04A8C00BF2,25/01/2019,2019,263000,5.419955748,YO8 6QN,D,N,12,Yes,4,3
80E1AA98-EC99-7BF8-E053-6C04A8C00BF2,04/01/2019,2019,295000,5.469822016,DN14 5NR,D,N,12,Yes,3,3
80E1AA98-ED20-7BF8-E053-6C04A8C00BF2,11/12/2018,2018,524950,5.72011794,DN14 7QQ,D,Y,12,Yes,4,3
830C7588-6607-4E21-AF8D-DA55050759AD,12/09/2014,2014,250000,5.397940009,DN14 7HX,D,N,12,Yes,4,2
4951F341-94B0-4FCD-9966-DE2F95B0C0C0,02/07/2015 00:00,2015,340000,5.531478917,DN9 1JY,D,N,,,4,2
8355F009-AE52-55C5-E053-6B04A8C0D090,06/02/2019,2019,220000,5.342422681,DN14 6FE,D,N,12,Yes,3,3
8355F009-AE6F-55C5-E053-6B04A8C0D090,25/01/2019,2019,299950,5.477048866,DN14 0BF,D,N,12,Yes,4,3
83A2E50E-A229-439D-9CE3-18A12982FB38,16/12/2011,2011,175000,5.243038049,DN14 6AB,D,N,12,Yes,3,1
843DE346-E371-4638-BD86-DD7B80150089,03/06/2011,2011,120500,5.080987047,DN15 8UU,D,N,12,Yes,4,1
85866A64-D15A-143F-E053-6B04A8C06A15,01/02/2019,2019,159950,5.203984244,DN15 8YN,D,N,12,Yes,4,3
85866A64-D251-143F-E053-6B04A8C06A15,20/02/2019,2019,120000,5.079181246,DN17 4EX,D,N,12,Yes,3,3
85866A65-7D4D-143F-E053-6B04A8C06A15,26/02/2019,2019,131000,5.117271296,DN14 8EB,D,N,12,Yes,3,3
85866A65-7D51-143F-E053-6B04A8C06A15,25/02/2019,2019,255000,5.40654018,DN14 6AB,D,N,12,Yes,3,3
87E1551E-CA87-6405-E053-6C04A8C0B2EE,29/03/2019,2019,242000,5.383815366,DN14 6AB,D,N,12,Yes,3,3
8A78B2AF-A171-5CB0-E053-6B04A8C0F504,03/05/2019,2019,160000,5.204119983,DN15 9YE,D,N,12,Yes,4,3
8A78B2AF-E5B4-5CB0-E053-6B04A8C0F504,18/04/2019,2019,490000,5.69019608,YO8 6QX,D,N,12,Yes,4,3
8A78B2AF-E767-5CB0-E053-6B04A8C0F504,03/05/2019,2019,155000,5.190331698,YO8 6YZ,D,N,12,Yes,4,3
8A78B2AF-E7B5-5CB0-E053-6B04A8C0F504,15/05/2019,2019,290000,5.462397998,YO8 8PS,D,N,12,Yes,3,3
8A78B2B0-0D2C-5CB0-E053-6B04A8C0F504,05/04/2019,2019,120000,5.079181246,DN7 4NS,D,N,12,Yes,4,3
8A78B2B0-45F8-5CB0-E053-6B04A8C0F504,29/04/2019,2019,225000,5.352182518,DN14 6FE,D,N,12,Yes,3,3
8AB3DDBF-7E85-42CC-955D-E9AFC181FB47,21/05/2013,2013,128500,5.108903128,DN15 9YE,D,N,12,Yes,4,1
8CAC1318-EE91-0253-E053-6B04A8C08E51,07/06/2019,2019,262500,5.419129308,DN14 6FE,D,N,12,Yes,3,3
8CAC1318-EEF3-0253-E053-6B04A8C08E51,20/05/2019,2019,180000,5.255272505,DN14 8ET,D,N,12,Yes,3,3
8CAC1318-EF45-0253-E053-6B04A8C08E51,03/06/2019,2019,379950,5.579726449,DN14 7QQ,D,Y,12,Yes,4,3
8D63CF63-CD44-4845-B039-932165E9ABD5,29/08/2014,2014,150000,5.176091259,DN7 5DT,D,N,12,Yes,4,2
8DB9E842-D8AF-4096-AC5A-B9E548BBFB43,02/11/2012,2012,150000,5.176091259,DN8 4SN,D,N,12,Yes,3,1
8EFA9FFB-6982-484F-9315-4BA069AF91B6,16/02/2012,2012,249000,5.396199347,DN14 5NR,D,N,12,Yes,3,1
8F14EBF7-DA58-433C-8D8F-B4CAFEAC2985,21/05/2015,2015,135000,5.130333768,DN14 9RH,D,N,12,Yes,4,2
8F1B26BE-0EA5-53DB-E053-6C04A8C03649,22/02/2019,2019,240000,5.380211242,DN14 0BT,D,N,12,Yes,4,3
919FEC05-CAA1-9A90-E053-6C04A8C0A300,30/07/2019,2019,210000,5.322219295,DN8 4SN,D,N,12,Yes,3,3
919FEC06-0712-9A90-E053-6C04A8C0A300,22/07/2019,2019,340000,5.531478917,DN14 5NR,D,N,12,Yes,3,3
919FEC06-0746-9A90-E053-6C04A8C0A300,31/07/2019,2019,242500,5.384711743,DN14 6FE,D,N,12,Yes,3,3
919FEC06-0803-9A90-E053-6C04A8C0A300,27/06/2019,2019,172500,5.236789099,DN14 7DF,D,N,12,Yes,3,3
919FEC06-082E-9A90-E053-6C04A8C0A300,20/12/2018,2018,417000,5.620136055,DN14 7QQ,D,Y,12,Yes,4,3
91D22544-DA4A-4514-80BB-A1BF0B3335E1,29/05/2015,2015,310000,5.491361694,DN14 8EB,D,N,12,Yes,3,2
93E6821E-5FAC-40FD-E053-6B04A8C0C1DF,09/09/2019,2019,180000,5.255272505,DN17 4NP,D,N,12,Yes,3,3
93E6821E-ADA7-40FD-E053-6B04A8C0C1DF,20/09/2019,2019,340000,5.531478917,YO8 6QN,D,N,12,Yes,4,3
965B6D91-F076-95E4-E053-6C04A8C07729,27/09/2019,2019,146000,5.164352856,DN8 4SN,D,N,12,Yes,3,3
965B6D92-2E8B-95E4-E053-6C04A8C07729,10/10/2019,2019,290000,5.462397998,DN14 0BF,D,N,12,Yes,4,3
965B6D92-2EB1-95E4-E053-6C04A8C07729,20/09/2019,2019,169000,5.227886705,DN14 6AB,D,N,12,Yes,3,3
965B6D92-2EC0-95E4-E053-6C04A8C07729,02/10/2019,2019,222000,5.346352974,DN14 6AB,D,N,12,Yes,3,3
96BED5BB-8AE3-4C13-9FB5-112E8C077C10,04/09/2012,2012,160500,5.205475037,DN8 4SN,D,N,12,Yes,3,1
96CD0B3E-5499-4BF4-9C84-3452A3A85F1B,06/06/2013,2013,120000,5.079181246,YO8 6YZ,D,N,12,Yes,4,1
9718DC25-B708-44F9-ADC0-0B3C9D097300,31/08/2012,2012,213000,5.328379603,DN14 6AB,D,Y,12,Yes,3,1
99718069-8105-45F6-8C5A-EB0541D48360,26/03/2015,2015,87000,4.939519253,DN15 8UU,D,N,12,Yes,4,2
9B361206-BDF0-1904-E053-6B04A8C0EEB5,15/11/2019,2019,230000,5.361727836,DN8 4AS,D,N,12,Yes,3,3
9B361206-F257-1904-E053-6B04A8C0EEB5,25/11/2019,2019,325000,5.511883361,DN14 7GF,D,N,12,Yes,4,3
9B361206-F289-1904-E053-6B04A8C0EEB5,06/12/2019,2019,275000,5.439332694,DN14 0BF,D,N,12,Yes,4,3
9C8B2CCB-E63F-4FC2-9784-B54F2C73B85F,29/12/2014,2014,85000,4.929418926,DN7 4NS,D,N,12,Yes,4,2
9DBAD221-C7C6-6EB3-E053-6B04A8C0F257,11/12/2019,2019,195000,5.290034611,DN17 4NP,D,N,12,Yes,3,3
9E0CA416-3877-4A72-B4DD-8A21E3FA1BF9,09/09/2011,2011,160000,5.204119983,DN14 6AB,D,Y,12,Yes,3,1
9FF0D96A-6392-11ED-E053-6C04A8C06383,29/11/2019,2019,560000,5.748188027,DN14 7QQ,D,Y,12,Yes,4,3
A24D056E-04AD-4BBA-AFE3-C2B7594DF6D6,13/09/2013,2013,130000,5.113943352,YO8 6YZ,D,N,12,Yes,4,1
A92C0F06-75BA-4D75-A47A-06384867A8E3,31/07/2012,2012,107000,5.029383778,DN15 9YE,D,N,12,Yes,4,1
AB946D14-9D43-4890-A443-C0A353B91D6F,01/09/2014,2014,205000,5.311753861,DN14 5NR,D,N,12,Yes,3,2
AC490078-A1B5-48D6-A30B-B71DDCE555AF,20/06/2012,2012,150000,5.176091259,DN17 4GD,D,N,12,Yes,3,1
AFA3786A-B4FB-42C7-B0E3-46B839DF9D18,24/08/2011,2011,195000,5.290034611,DN14 6AB,D,Y,12,Yes,3,1
B7C01389-997F-44F8-8DD1-ACA6C0108531,20/07/2012,2012,365000,5.562292864,DN14 7YS,D,N,12,Yes,4,1
4A6C56DA-7CD5-4FC5-A23D-A26AD68626B7,30/04/2012 00:00,2012,285000,5.45484486,DN9 1GJ,D,Y,,,4,1
B9F37A36-282B-4936-8547-039FB91EEF44,25/07/2012,2012,105000,5.021189299,DN15 8YN,D,N,12,Yes,4,1
BC213E75-449B-4D34-B0AC-DA300748CC2E,01/06/2011,2011,340000,5.531478917,DN14 8HT,D,N,12,Yes,4,1
BFA9BE6B-B34A-43AF-960F-C1AF784C7AC6,07/06/2013,2013,125000,5.096910013,DN15 8SU,D,N,12,Yes,4,1
C0707CCE-25AC-487A-9D8C-FF50F3EC0482,25/11/2014,2014,571660,5.757137805,DN17 4NP,D,N,12,Yes,3,2
C26E539A-020C-42CE-8901-53DB30CA1FB1,30/07/2014,2014,105000,5.021189299,DN8 4RX,D,N,12,Yes,3,2
C32C0462-60BD-4E2F-AC19-4C33B38239CB,05/09/2012,2012,275000,5.439332694,YO8 8PS,D,N,12,Yes,3,1
C8D02AC1-2051-40E9-AAB8-F6C05F40D790,29/07/2011,2011,220000,5.342422681,DN17 4NP,D,N,12,Yes,3,1
C920B99D-CC26-4B83-A50F-FEAE4A9509C0,24/04/2013,2013,367000,5.564666064,DN14 7FY,D,N,12,Yes,3,1
C96196E3-72E7-4FD8-9848-A8BEC97B2749,10/09/2015,2015,169000,5.227886705,DN8 4SN,D,N,12,Yes,3,2
CA61BD9F-A0C9-4BFA-9960-213062F99826,14/06/2011,2011,130000,5.113943352,DN15 8UU,D,N,12,Yes,4,1
CB1CC380-801E-40D0-8657-A1A2FFD295E8,10/03/2014,2014,182000,5.260071388,DN14 6AB,D,N,12,Yes,3,2
CB82317D-684E-40E0-99C5-48682E0429D5,23/09/2014,2014,235000,5.371067862,DN17 4NP,D,N,12,Yes,3,2
D4A43D6D-D11C-42E6-B316-2FA3B77FBBAE,02/05/2014,2014,205000,5.311753861,DN14 6AB,D,N,12,Yes,3,2
D6A4090A-E2F9-4222-9ED4-DFA35E56A557,29/02/2012,2012,165000,5.217483944,DN15 9YE,D,N,12,Yes,4,1
D6F381D3-B6DE-46E9-8908-E6BF0963DEBA,15/11/2013,2013,173000,5.238046103,DN14 5NR,D,N,12,Yes,3,1
D7863C4C-3A52-49E4-80B3-FADEA2D945B5,10/09/2015,2015,250000,5.397940009,DN14 0BF,D,N,12,Yes,4,2
D7FACF1A-4AFD-466F-A215-FD8705643728,31/08/2012,2012,155000,5.190331698,DN15 8TW,D,N,12,Yes,4,1
D8C3EB11-C366-4BEE-B725-8A97F6157CD4,30/05/2014,2014,173000,5.238046103,DN14 6AB,D,N,12,Yes,3,2
DB9019DE-4C34-4D07-8B33-B847DFC0C094,18/11/2011,2011,160000,5.204119983,DN14 6AB,D,Y,12,Yes,3,1
DC00542F-2A10-4A3B-B8D4-C64A2EDBECF7,07/08/2015,2015,104000,5.017033339,DN7 4LG,D,N,12,Yes,4,2
DF5A5F9A-638C-4252-A261-B3E47BFDC0D9,24/02/2012,2012,160000,5.204119983,DN14 6AB,D,Y,12,Yes,3,1
DFFE5C6A-D634-4EFC-86F6-1CC1820C747C,11/09/2013,2013,220000,5.342422681,YO8 8PS,D,N,12,Yes,3,1
E07BB2C4-3E7E-451E-9285-FA3D345FEDA0,29/11/2013,2013,166000,5.220108088,DN14 6FE,D,N,12,Yes,3,1
E0D4DA81-CC79-4DF6-A394-EDB6F37F1C2C,08/09/2011,2011,145000,5.161368002,DN17 4RX,D,N,12,Yes,4,1
E392C359-93D7-42FD-B72B-CA157C59B9CD,06/03/2015,2015,143000,5.155336037,DN17 4EX,D,N,12,Yes,3,2
E42224A3-14CE-47D3-A2AA-7312045503F3,14/05/2013,2013,122500,5.088136089,DN15 9HR,D,N,12,Yes,4,1
E583DF09-69DD-4AF4-AA4D-378D8B711C90,16/05/2014,2014,180000,5.255272505,DN17 4NP,D,N,12,Yes,3,2
E8F9C554-42A2-4F2E-89B9-0917938CA31D,14/09/2012,2012,190000,5.278753601,DN14 6AB,D,N,12,Yes,3,1
EC81D604-74C1-4743-B498-9E8A049322E7,07/03/2012,2012,300000,5.477121255,DN14 8HT,D,N,12,Yes,4,1
F052C6E9-08CB-4EA2-9547-58CE38607626,02/04/2012,2012,175000,5.243038049,DN14 6FE,D,N,12,Yes,3,1
F1437941-3042-43B6-8E93-171FE54B4AE3,28/06/2013,2013,265000,5.423245874,DN14 8ET,D,N,12,Yes,3,1
F1822A4A-DB6E-40DE-9228-7F16AD446FAA,15/08/2014,2014,122500,5.088136089,DN7 4HH,D,N,12,Yes,4,2
F33D6124-8B2D-4630-A5FE-5F55BEA85DF9,25/09/2014,2014,215000,5.33243846,YO8 8PS,D,N,12,Yes,3,2
F637A3A0-1573-443B-8278-6DCECEA77E97,29/06/2015,2015,132000,5.120573931,DN7 4HH,D,N,12,Yes,4,2
F7AEFA74-8448-41B0-9E6C-EBA86B2F49FD,05/12/2013,2013,160000,5.204119983,DN8 4AZ,D,N,12,Yes,3,1
F9F5C3BA-EE01-4A33-BEBC-505EF2276DBD,21/02/2014,2014,150000,5.176091259,DN8 4SN,D,N,12,Yes,3,2
FC6BF485-A100-4B9C-A60A-758C7033E8BB,27/04/2015,2015,184500,5.26599637,DN17 4PR,D,N,12,Yes,3,2
FDFA9F1C-FAAE-4215-A93A-43B31D79F592,11/10/2012,2012,105000,5.021189299,YO8 8PS,D,N,12,Yes,3,1
02CCFF26-A9F7-4AEA-AF31-774119EEC8A5,31/10/2014,2014,105000,5.021189299,DN8 4SF,D,N,11,Yes,3,2
07772956-5DC5-4900-B0D5-21C1A30EB0E9,17/05/2013,2013,208000,5.318063335,DN14 6NN,D,N,11,Yes,3,1
07E9DACE-027B-4A38-BBFF-5232739FF74E,24/10/2014,2014,143500,5.156851901,DN9 1NB,D,N,11,Yes,4,2
0816CC99-EDCF-4DF3-9253-F0853EE40092,04/05/2012,2012,277500,5.443262987,DN9 1NB,D,N,11,Yes,4,1
10A1D151-C87F-44EC-B124-8A8046F8BFBE,06/03/2015,2015,240000,5.380211242,DN14 5PG,D,N,11,Yes,3,2
142EC10F-39E4-4B39-8675-8175B7A56A39,17/06/2011,2011,249000,5.396199347,DN14 7TD,D,N,11,Yes,4,1
1775CCF7-A06A-38BA-E063-4704A8C05A7C,01/11/2019,2019,187500,5.273001272,DN7 6RX,D,N,11,Yes,4,3
1775CCF7-CF55-38BA-E063-4704A8C05A7C,02/01/2019,2019,260000,5.414973348,DN14 7ZA,D,N,11,Yes,4,3
1824BAFE-9CB5-4334-A063-AB338E38FFA1,12/12/2011,2011,305000,5.484299839,DN6 0HN,D,N,11,Yes,4,1
1E85C256-6910-4B95-9BF4-271FD7CE138F,31/10/2014,2014,145000,5.161368002,DN7 6LG,D,N,11,Yes,4,2
2143AC7F-C7D0-43DA-B83C-BF44C3EBDA12,13/04/2015,2015,130000,5.113943352,DN7 5RA,D,N,11,Yes,4,2
241A4A53-AD2D-706B-E050-A8C06205638B,04/11/2015,2015,222500,5.347330015,DN14 8JJ,D,N,11,Yes,3,2
241A4A53-DCAE-706B-E050-A8C06205638B,30/09/2015,2015,166500,5.221414238,DN14 9RE,D,N,11,Yes,4,2
24AE2ACD-73B8-4145-BBE7-CAE6AE858339,11/12/2013,2013,148000,5.170261715,DN14 8AN,D,N,11,Yes,2,1
25EA59F9-CD28-4D50-E050-A8C0630562D0,28/10/2015,2015,160000,5.204119983,DN15 9DS,D,N,11,Yes,4,2
25EA59FA-6AA5-4D50-E050-A8C0630562D0,30/10/2015,2015,195000,5.290034611,DN14 8AN,D,N,11,Yes,2,2
288DCE29-3B16-E510-E050-A8C06205480E,06/11/2015,2015,235000,5.371067862,DN15 9DZ,D,N,11,Yes,4,2
288DCE2A-02FA-E510-E050-A8C06205480E,25/11/2015,2015,250000,5.397940009,HU15 2ZU,D,N,11,Yes,4,2
2AC10E4F-93E4-1AF6-E050-A8C063052BA1,27/11/2015,2015,197500,5.2955671,DN9 1NB,D,N,11,Yes,4,2
2C9E37AF-1C84-413B-B236-E289E15BB138,04/05/2012,2012,308500,5.489255168,DN9 1NB,D,N,11,Yes,4,1
2F3A6908-7FDB-4314-951F-D1E10EDE4856,03/10/2014,2014,145000,5.161368002,DN7 6JR,D,N,11,Yes,4,2
2FD36065-9A84-4BF8-E050-A8C0620562B1,18/03/2016,2016,165000,5.217483944,DN14 5LG,D,N,11,Yes,3,2
2FD36065-9AD2-4BF8-E050-A8C0620562B1,23/03/2016,2016,176000,5.245512668,DN14 6NN,D,N,11,Yes,3,2
2FD36065-9C5F-4BF8-E050-A8C0620562B1,18/03/2016,2016,173000,5.238046103,DN17 4HB,D,N,11,Yes,3,2
34428D7E-1D64-B86C-E050-A8C06205059C,29/04/2016,2016,325000,5.511883361,DN9 1NB,D,N,11,Yes,4,2
39140479-BA5F-3206-E050-A8C063057647,22/07/2016,2016,267000,5.426511261,DN14 6XD,D,N,11,Yes,3,2
3914047A-72D6-3206-E050-A8C063057647,13/06/2016,2016,370000,5.568201724,DN14 8HG,D,N,11,Yes,3,2
39BACA1C-E11E-4158-AAAC-5A42A19A1D3E,02/04/2013,2013,249999,5.397938271,DN15 9DZ,D,N,11,Yes,4,1
3A9C3ADD-358E-4001-85BB-E6E1AF21FAA8,29/09/2014,2014,105000,5.021189299,DN7 5DG,D,N,11,Yes,4,2
3AC0E9E2-FF12-4A5E-B154-A9A34F16346E,28/10/2011,2011,124950,5.09673626,DN7 5RA,D,N,11,Yes,4,1
3B7E0B8F-F4ED-EA99-E050-A8C062057E77,29/07/2016,2016,167000,5.222716471,DN15 9DZ,D,N,11,Yes,4,2
3BE0DACC-214D-4852-8F3D-322050A2C8C7,13/03/2013,2013,124500,5.095169351,DN15 8PS,D,N,11,Yes,4,1
3E0330F0-A6CC-8D89-E050-A8C062052140,02/09/2016,2016,200000,5.301029996,DN14 9DZ,D,N,11,Yes,3,2
41960A94-767C-4D6B-8ABC-60860D31BB0D,28/06/2013,2013,137500,5.138302698,DN15 9DS,D,N,11,Yes,4,1
42A5A709-413F-56E8-E050-A8C06205331E,11/11/2016,2016,235000,5.371067862,DN14 9HL,D,N,11,Yes,4,2
42A5A709-423B-56E8-E050-A8C06205331E,02/11/2016,2016,200000,5.301029996,DN14 8JJ,D,N,11,Yes,3,2
42A5A709-C710-56E8-E050-A8C06205331E,26/08/2016,2016,260000,5.414973348,DN7 6LW,D,N,11,Yes,4,2
42A5A709-C7CA-56E8-E050-A8C06205331E,07/10/2016,2016,267950,5.428053761,DN7 6LW,D,N,11,Yes,4,2
44261F4E-2472-4471-BD43-2B16E40DFC95,14/02/2014,2014,225000,5.352182518,DN14 6XD,D,N,11,Yes,3,2
453D27A3-1928-EF91-E050-A8C0630574D7,15/11/2016,2016,330000,5.51851394,DN9 1PF,D,N,11,Yes,4,2
453D27A3-914B-EF91-E050-A8C0630574D7,14/10/2016,2016,136500,5.135132651,DN8 4SF,D,N,11,Yes,3,2
47844C7F-DB06-8986-E050-A8C063056488,12/12/2016,2016,210000,5.322219295,DN14 8JJ,D,N,11,Yes,3,2
47844C7F-DB44-8986-E050-A8C063056488,12/12/2016,2016,207500,5.317018101,DN14 8JJ,D,N,11,Yes,3,2
492DE4CC-B3C5-40F0-8C6D-79485F4C2195,26/08/2014,2014,119950,5.079000252,DN14 8AN,D,N,11,Yes,2,2
4D0486DB-EC73-4F20-9E25-053A2701D638,29/06/2012 00:00,2012,222745,5.347807964,DN9 1GX,D,N,,,4,1
49B396CA-3A91-4349-BDA5-E2CF0D73A305,10/07/2014,2014,166000,5.220108088,DN14 6XD,D,N,11,Yes,3,2
49B7852A-159C-7921-E050-A8C063056E8D,10/02/2017,2017,214000,5.330413773,DN14 8JJ,D,N,11,Yes,3,3
49B7852A-170F-7921-E050-A8C063056E8D,02/09/2016,2016,174000,5.240549248,DN15 9DZ,D,N,11,Yes,4,2
49B7852A-8373-7921-E050-A8C063056E8D,20/01/2017,2017,135000,5.130333768,DN7 5AH,D,N,11,Yes,4,3
4C4EE000-2E2A-1854-E050-A8C063054F34,07/03/2017,2017,210000,5.322219295,DN14 6XD,D,N,11,Yes,3,3
4C895CB1-F733-4576-A1C4-392802D6749C,27/04/2015,2015,205000,5.311753861,DN14 6NN,D,N,11,Yes,3,2
50F18103-8EE7-9FD5-E050-A8C063054923,13/04/2017,2017,159000,5.201397124,DN8 5UT,D,N,11,Yes,3,3
50F18103-C710-9FD5-E050-A8C063054923,28/04/2017,2017,230000,5.361727836,DN14 8HG,D,N,11,Yes,3,3
5376B386-377E-34C1-E053-6B04A8C09FF6,16/06/2017,2017,150000,5.176091259,DN14 5PG,D,N,11,Yes,3,3
5376B386-381A-34C1-E053-6B04A8C09FF6,16/06/2017,2017,189000,5.276461804,DN14 9RE,D,N,11,Yes,4,3
582D0637-0AED-8F22-E053-6C04A8C01BAC,07/07/2017,2017,335000,5.525044807,DN9 1PF,D,N,11,Yes,4,3
582D0637-D4B5-8F22-E053-6C04A8C01BAC,11/08/2017,2017,180000,5.255272505,DN14 8AN,D,N,11,Yes,2,3
59EB03D1-E56D-4EF3-9193-9191099CC298,01/08/2014,2014,245000,5.389166084,DN9 1NB,D,N,11,Yes,4,2
5A9D8B55-3947-68EB-E053-6B04A8C0D293,17/08/2017,2017,235000,5.371067862,DN15 9DS,D,N,11,Yes,4,3
5A9D8B55-FD67-68EB-E053-6B04A8C0D293,20/09/2017,2017,310000,5.491361694,DN14 6NN,D,N,11,Yes,3,3
5A9D8B55-FE1B-68EB-E053-6B04A8C0D293,31/08/2017,2017,215000,5.33243846,DN14 8HG,D,N,11,Yes,3,3
5F54B81D-331C-2B45-E053-6B04A8C01FB0,23/11/2017,2017,152500,5.183269844,DN15 8XQ,D,N,11,Yes,4,3
5F54B81D-34C1-2B45-E053-6B04A8C01FB0,06/07/2017,2017,169950,5.230321169,DN15 9DZ,D,N,11,Yes,4,3
61D8894D-F63F-3DE6-E053-6C04A8C01207,23/08/2017,2017,400000,5.602059991,DN9 1PF,D,N,11,Yes,4,3
61D8894D-F722-3DE6-E053-6C04A8C01207,15/09/2017,2017,210000,5.322219295,DN9 1PF,D,N,11,Yes,4,3
61D8894E-5820-3DE6-E053-6C04A8C01207,08/12/2017,2017,123500,5.091666958,DN8 4SF,D,N,11,Yes,3,3
627DEF5E-FBE5-4D2B-8A50-86D9C0CAF0A7,09/05/2014,2014,160000,5.204119983,DN14 5DG,D,Y,11,Yes,2,2
64342BFE-48F7-422C-E053-6C04A8C0FB8A,31/10/2017,2017,178500,5.25163822,DN14 5LG,D,N,11,Yes,3,3
64342BFE-492F-422C-E053-6C04A8C0FB8A,26/01/2018,2018,125000,5.096910013,DN14 6NN,D,N,11,Yes,3,3
64342BFF-3123-422C-E053-6C04A8C0FB8A,15/12/2017,2017,475000,5.67669361,DN14 8HG,D,N,11,Yes,3,3
66233ED4-EC4C-495B-89E7-1B55BBAF057C,16/05/2014,2014,275000,5.439332694,DN9 1NB,D,N,11,Yes,4,2
66D68B9B-B4E0-45FC-83B7-BC53B969C1B6,20/09/2013,2013,145000,5.161368002,DN14 5DG,D,N,11,Yes,2,1
68FEB20B-8A21-38DA-E053-6C04A8C051AE,14/03/2018,2018,170000,5.230448921,DN15 9DZ,D,N,11,Yes,4,3
68FEB20C-39AB-38DA-E053-6C04A8C051AE,12/02/2018,2018,90000,4.954242509,DN14 8AN,D,N,11,Yes,2,3
6DA0844A-9E6E-30F2-E053-6B04A8C05F3B,18/05/2018,2018,210000,5.322219295,DN14 9DZ,D,N,11,Yes,3,3
7011B109-6F91-8ED6-E053-6B04A8C075C1,22/03/2013,2013,210000,5.322219295,DN14 0BA,D,N,11,Yes,4,1
7011B109-6F92-8ED6-E053-6B04A8C075C1,04/05/2018,2018,245000,5.389166084,DN14 0BA,D,N,11,Yes,4,3
4E95D757-7A4F-EDA1-E050-A8C0630539E2,03/04/2017 00:00,2017,230000,5.361727836,DN9 1GX,D,N,,,4,3
7011B109-E49C-8ED6-E053-6B04A8C075C1,08/06/2018,2018,168000,5.225309282,DN7 6RA,D,N,11,Yes,4,3
75050A85-2D36-9A88-E053-6B04A8C02390,27/07/2018,2018,235000,5.371067862,DN9 1PF,D,N,11,Yes,4,3
75050A85-2EDA-9A88-E053-6B04A8C02390,31/07/2018,2018,275000,5.439332694,DN9 1PF,D,N,11,Yes,4,3
75050A85-F7D8-9A88-E053-6B04A8C02390,06/07/2018,2018,100000,5,DN14 8AN,D,N,11,Yes,2,3
773788C2-B3B4-2CE4-E053-6C04A8C05E57,03/05/2018,2018,200000,5.301029996,DN17 4RF,D,N,11,Yes,4,3
773788C2-B420-2CE4-E053-6C04A8C05E57,14/09/2018,2018,310000,5.491361694,DN9 1NB,D,N,11,Yes,4,3
78F838A4-E166-407B-BE19-35E140990F7B,04/09/2014,2014,250000,5.397940009,DN8 4AG,D,Y,11,Yes,3,2
79A74E21-A54C-1289-E053-6B04A8C01627,06/09/2018,2018,199950,5.300921408,DN17 4HB,D,N,11,Yes,3,3
79A74E21-F99E-1289-E053-6B04A8C01627,11/09/2018,2018,371500,5.569958818,YO8 8PL,D,N,11,Yes,3,3
7C2D0700-F48A-4963-E053-6B04A8C07B97,27/07/2018,2018,435000,5.638489257,DN14 8HG,D,N,11,Yes,3,3
7C2D0700-F547-4963-E053-6B04A8C07B97,09/07/2018,2018,345000,5.537819095,DN14 7ZA,D,N,11,Yes,4,3
7E86B6FA-E4F4-458C-E053-6B04A8C0C84C,13/12/2018,2018,124000,5.093421685,DN15 8PS,D,N,11,Yes,4,3
7E86B6FB-5769-458C-E053-6B04A8C0C84C,14/12/2018,2018,140000,5.146128036,DN8 4HR,D,N,11,Yes,3,3
80E1AA98-7CA0-7BF8-E053-6C04A8C00BF2,16/11/2018,2018,175000,5.243038049,YO8 8QN,D,N,11,Yes,4,3
80E1AA98-EC53-7BF8-E053-6C04A8C00BF2,30/11/2018,2018,210000,5.322219295,DN14 6XD,D,N,11,Yes,3,3
80E1AA98-ECF8-7BF8-E053-6C04A8C00BF2,18/09/2018,2018,217000,5.336459734,DN14 8AN,D,N,11,Yes,2,3
8355F009-0C3B-55C5-E053-6B04A8C0D090,31/01/2019,2019,255000,5.40654018,DN14 8HG,D,N,11,Yes,3,3
8355F009-0C91-55C5-E053-6B04A8C0D090,01/02/2019,2019,282000,5.450249108,DN9 1NB,D,N,11,Yes,4,3
85866A64-CFBE-143F-E053-6B04A8C06A15,22/03/2019,2019,116000,5.064457989,DN15 7UZ,D,N,11,Yes,4,3
85866A64-D0CD-143F-E053-6B04A8C06A15,27/02/2019,2019,210000,5.322219295,DN15 8XQ,D,N,11,Yes,4,3
85866A65-42B5-143F-E053-6B04A8C06A15,13/02/2019,2019,145000,5.161368002,DN7 5AH,D,N,11,Yes,4,3
874B4DF8-E7AE-4518-A008-F0A9A440D713,11/04/2014,2014,134000,5.127104798,DN14 6NN,D,N,11,Yes,3,2
87E1551E-CAB2-6405-E053-6C04A8C0B2EE,22/11/2018,2018,280000,5.447158031,DN14 7ZA,D,N,11,Yes,4,3
8925FE31-543F-49A8-8D3D-6525C80AB746,14/01/2013,2013,150000,5.176091259,DN17 4LE,D,N,11,Yes,3,1
8CAC1318-4C6E-0253-E053-6B04A8C08E51,17/05/2019,2019,250000,5.397940009,DN15 9DZ,D,N,11,Yes,4,3
8CAC1318-4C73-0253-E053-6B04A8C08E51,08/05/2019,2019,197500,5.2955671,DN15 9DS,D,N,11,Yes,4,3
8CAC1318-EEFD-0253-E053-6B04A8C08E51,30/11/2018,2018,270000,5.431363764,DN14 7ZA,D,N,11,Yes,4,3
8CAC1318-EF09-0253-E053-6B04A8C08E51,18/01/2019,2019,280000,5.447158031,DN14 7ZA,D,N,11,Yes,4,3
8F1B26BD-C0F2-53DB-E053-6C04A8C03649,27/06/2019,2019,215000,5.33243846,DN15 9DZ,D,N,11,Yes,4,3
8F1B26BE-3909-53DB-E053-6C04A8C03649,12/07/2019,2019,175000,5.243038049,DN8 5UT,D,N,11,Yes,3,3
919FEC05-4DCD-9A90-E053-6C04A8C0A300,16/08/2019,2019,185000,5.267171728,DN15 8XQ,D,N,11,Yes,4,3
919FEC05-4F49-9A90-E053-6C04A8C0A300,31/07/2019,2019,295000,5.469822016,DN15 9DZ,D,N,11,Yes,4,3
93E6821E-61F9-40FD-E053-6B04A8C0C1DF,16/08/2019,2019,295000,5.469822016,DN9 1NB,D,N,11,Yes,4,3
965B6D91-F1CA-95E4-E053-6C04A8C07729,20/09/2019,2019,280000,5.447158031,DN8 4AG,D,N,11,Yes,3,3
972087D0-7B9C-4A82-8AB7-E2398B34ACF9,29/11/2013,2013,180000,5.255272505,DN9 1NB,D,N,11,Yes,4,1
97297F5E-4CF0-46DD-81F4-9F9C1940C6A2,13/04/2012,2012,190000,5.278753601,DN14 6NN,D,N,11,Yes,3,1
98B81282-9D29-4D84-9C56-C0ECBB3F075D,30/05/2014,2014,210000,5.322219295,DN14 6NN,D,N,11,Yes,3,2
98C75472-5F23-72E9-E053-6B04A8C042F0,25/10/2019,2019,310000,5.491361694,DN6 0HN,D,N,11,Yes,4,3
98C75472-5FDB-72E9-E053-6B04A8C042F0,08/11/2019,2019,96000,4.982271233,DN8 4SF,D,N,11,Yes,3,3
9B361206-4F2C-1904-E053-6B04A8C0EEB5,21/11/2019,2019,245000,5.389166084,DN14 9HL,D,N,11,Yes,4,3
9B361206-F2DF-1904-E053-6B04A8C0EEB5,01/04/2019,2019,294449,5.469010084,DN14 7ZA,D,N,11,Yes,4,3
9D447CB0-1D21-429B-81D1-471146158B56,20/12/2012,2012,95000,4.977723605,DN8 4SF,D,N,11,Yes,3,1
9DBAD221-C8D2-6EB3-E053-6B04A8C0F257,29/10/2019,2019,236000,5.372912003,DN14 0FB,D,N,11,Yes,4,3
9DBAD222-83D1-6EB3-E053-6B04A8C0F257,12/04/2019,2019,260000,5.414973348,DN14 7ZA,D,N,11,Yes,4,3
9DBAD222-83D4-6EB3-E053-6B04A8C0F257,22/03/2019,2019,296000,5.471291711,DN14 7ZA,D,N,11,Yes,4,3
A09185A5-1745-4FD0-80EF-7F3F986E332B,20/12/2012,2012,145000,5.161368002,DN8 5UT,D,N,11,Yes,3,1
A10F60E1-8E50-4F57-AA35-2B76B4236C34,06/08/2012,2012,325000,5.511883361,DN17 3NH,D,N,11,Yes,4,1
A1E46080-C869-4838-B9E3-2BAB08356032,06/12/2013,2013,185000,5.267171728,DN8 5UT,D,N,11,Yes,3,1
A9B9E66F-CB3F-4D2A-8CE2-0A4B1D2CA820,10/04/2015,2015,172000,5.235528447,DN14 5PG,D,N,11,Yes,3,2
AD633F2A-5B2C-4423-81A4-9E89C63AB0EA,13/05/2011,2011,195000,5.290034611,DN14 6NN,D,N,11,Yes,3,1
B267948B-EF4E-4F41-A607-E330859FE384,18/12/2012,2012,280000,5.447158031,DN9 1NB,D,N,11,Yes,4,1
B2927E4F-DF2D-451A-9A04-ECE5BB405A6B,16/05/2014,2014,205000,5.311753861,DN8 4AG,D,N,11,Yes,3,2
BFEBFAE1-4444-4424-90F1-727C581B2331,17/08/2015,2015,225000,5.352182518,DN14 6NN,D,N,11,Yes,3,2
C0B86EF8-D7BB-4093-AFB4-18741C251014,16/12/2011,2011,175500,5.244277121,DN8 5UT,D,N,11,Yes,3,1
C0E4C537-5E77-46C8-8D80-F6B397D0C4B3,16/11/2012,2012,209000,5.320146286,DN14 9HL,D,N,11,Yes,4,1
C2BB9A5C-BEAC-451A-A53B-53FDCEBEA1CE,08/07/2015,2015,385000,5.58546073,DN9 1PF,D,N,11,Yes,4,2
C78AA44C-35C2-4846-933E-BCECE48DFAAA,24/01/2012,2012,250000,5.397940009,DN14 5PG,D,N,11,Yes,3,1
C8FAEAA9-22DF-40E2-ACF9-432E5215EB14,27/02/2015,2015,104950,5.020982443,DN8 4SF,D,N,11,Yes,3,2
C979BC18-6622-483B-9909-ED51A4636D1E,20/07/2012,2012,168750,5.227243782,DN15 8AB,D,N,11,Yes,4,1
D43B5F14-6AEE-4AA6-BE3A-386C5EC6EC4F,01/03/2011,2011,165000,5.217483944,DN14 9HL,D,N,11,Yes,4,1
D47285A5-AAA4-4629-BFDF-1529E73751A5,18/12/2012,2012,187000,5.271841607,DN15 9DZ,D,N,11,Yes,4,1
D8745B48-480E-4740-85AB-FA81FF9B0836,17/10/2012,2012,135000,5.130333768,DN14 9DZ,D,N,11,Yes,3,1
DAFBE90A-7C58-4F9E-8671-787DFA2225F7,21/10/2011,2011,195000,5.290034611,DN14 6XD,D,N,11,Yes,3,1
50F18103-1D25-9FD5-E050-A8C063054923,28/04/2017 00:00,2017,140000,5.146128036,DN9 1JY,D,N,,,4,3
E2A37CED-6983-478B-A715-87D82740C662,20/02/2015,2015,327500,5.515211304,DN14 8HG,D,N,11,Yes,3,2
E7A38927-C5C0-44D7-9C7F-863AF9FB9D4F,25/10/2013,2013,83000,4.919078092,DN9 1PF,D,N,11,Yes,4,1
E9F58742-FEBA-4E97-9715-DD631818B2CF,27/09/2013,2013,165000,5.217483944,DN14 5DG,D,Y,11,Yes,2,1
EB5E54BA-3456-40AD-A03C-F13DD5263E33,14/12/2012,2012,219000,5.340444115,DN14 0FB,D,N,11,Yes,4,1
EC5D4342-84EE-4E86-8EEE-4744E72DF3CD,31/08/2012,2012,140000,5.146128036,DN7 6RA,D,N,11,Yes,4,1
EEEFF969-62DD-4977-9C50-7077D5BA91D9,24/05/2013,2013,284950,5.454768661,DN15 9DZ,D,N,11,Yes,4,1
EF8D78D4-29A4-4A0B-88DB-99381F545B4F,16/05/2014,2014,217500,5.337459261,DN17 4PP,D,N,11,Yes,3,2
50F18103-1E44-9FD5-E050-A8C063054923,26/01/2017 00:00,2017,155000,5.190331698,DN9 1JY,D,N,,,4,3
F11DC831-2A75-4A0B-AE09-FC1ECC4DCA91,06/07/2012,2012,138000,5.139879086,DN8 5UT,D,N,11,Yes,3,1
F1DE8C74-0BD5-4330-B729-CBCCABD68EA3,25/07/2014,2014,125000,5.096910013,DN15 8PS,D,N,11,Yes,4,2
F366607D-F54D-4B3B-BF14-51AF7C3A736B,02/09/2011,2011,247000,5.392696953,DN9 1PF,D,N,11,Yes,4,1
F4013B32-ED3C-4DCB-A3C2-EF1E03A874B5,22/07/2013,2013,182000,5.260071388,DN17 4RF,D,N,11,Yes,4,1
F605560C-B43C-418D-9E0F-B1F9410C5BB3,25/05/2012,2012,117500,5.070037867,DN14 6NN,D,N,11,Yes,3,1
F878F6AB-6519-4DEE-8795-9F5B1F980126,20/12/2012,2012,173500,5.239299479,DN14 8JJ,D,N,11,Yes,3,1
FAFD6ECA-F582-468A-99FD-6A27AC37EF11,05/12/2014,2014,188000,5.274157849,DN8 5UT,D,N,11,Yes,3,2
0043CDD9-5440-4A19-B048-71A9C6049146,11/07/2014,2014,186000,5.269512944,HU15 2WG,D,N,10,Yes,4,2
00605858-770D-4AB7-8C6A-6CA97DEF23B8,11/04/2012,2012,229000,5.359835482,YO8 6QE,D,N,10,Yes,4,1
00AA71B7-3259-4E64-A1B5-1D5889A3715C,18/11/2011,2011,270000,5.431363764,DN14 7BH,D,N,10,Yes,3,1
07A0CA90-1C11-443B-A59B-5F7B2A4A6846,31/07/2015,2015,208000,5.318063335,DN14 5PD,D,N,10,Yes,3,2
0826ABC7-BAD5-47A0-8C34-FC4AC672CE2C,05/04/2013,2013,135500,5.131939295,DN15 9HJ,D,N,10,Yes,4,1
08327E83-64C5-478C-984D-30987F625FBF,26/08/2011,2011,150000,5.176091259,YO8 6NS,D,N,10,Yes,4,1
08D41208-9CA2-4927-B8CE-5EF453B01694,28/10/2014,2014,187000,5.271841607,DN17 4BD,D,N,10,Yes,3,2
0E05A15F-F04A-4934-B121-0DA97052C583,05/06/2015,2015,163000,5.212187604,DN17 4BD,D,N,10,Yes,3,2
140C636C-FEC5-4878-8555-A56182CFF085,29/02/2012,2012,265000,5.423245874,DN14 7BH,D,N,10,Yes,3,1
165797A0-6832-4674-B957-17B4217965E2,17/10/2011,2011,312000,5.494154594,YO8 6NS,D,N,10,Yes,4,1
16AAB403-DE81-4EB2-BF69-846F89C877DD,14/09/2015,2015,151000,5.178976947,DN15 9HJ,D,N,10,Yes,4,2
1CE4BD47-BAE6-4027-9E36-27730F52CEDA,28/08/2014,2014,140500,5.147676324,HU15 2FL,D,N,10,Yes,4,2
1DE70C64-AB8D-4135-9966-C3EF380B8702,14/06/2013,2013,185000,5.267171728,HU15 2WG,D,N,10,Yes,4,1
1F62C49A-C5C3-4C1D-9B15-943F6BAA7321,03/02/2014,2014,133500,5.125481266,DN9 1TB,D,N,10,Yes,4,2
1F746F1E-7C23-43D0-9AF7-1FD86997D9CA,05/04/2012,2012,225000,5.352182518,DN14 7SA,D,N,10,Yes,4,1
21B1B713-6D4A-4986-938B-546F6CA0B283,21/08/2015,2015,250000,5.397940009,DN9 1PG,D,N,10,Yes,4,2
22FE77DB-EA83-4F08-900A-5EAC48911CCA,17/04/2014,2014,126950,5.103632705,DN15 9EP,D,N,10,Yes,4,2
23B6165E-5E1B-FCF4-E050-A8C0620577FA,14/10/2015,2015,155000,5.190331698,DN17 4LW,D,N,10,Yes,3,2
23B6165E-E8C3-FCF4-E050-A8C0620577FA,02/09/2015,2015,163500,5.213517757,DN8 5TL,D,N,10,Yes,3,2
25F10939-67D0-4A0E-B9B1-B03844F06D13,22/04/2015,2015,346000,5.539076099,DN17 4PQ,D,N,10,Yes,3,2
288DCE29-38B5-E510-E050-A8C06205480E,27/11/2015,2015,158000,5.198657087,DN14 6NQ,D,N,10,Yes,3,2
288DCE29-8DA4-E510-E050-A8C06205480E,15/12/2015,2015,275000,5.439332694,YO8 6QL,D,N,10,Yes,4,2
288DCE2A-0368-E510-E050-A8C06205480E,17/12/2015,2015,307500,5.48784512,DN14 6XE,D,N,10,Yes,2,2
288DCE2A-0383-E510-E050-A8C06205480E,20/11/2015,2015,160000,5.204119983,DN14 9JH,D,N,10,Yes,4,2
2AC10E4F-E511-1AF6-E050-A8C063052BA1,18/01/2016,2016,210000,5.322219295,YO8 6QL,D,N,10,Yes,4,2
2B5D5369-761C-4E50-8CD7-7CC2AC1115F0,16/05/2014,2014,230000,5.361727836,DN14 7QU,D,N,10,Yes,4,2
2D1E4B26-619E-FCD1-E050-A8C0630544EC,20/01/2016,2016,169950,5.230321169,DN17 4LS,D,N,10,Yes,3,2
2DF898B4-50E9-4B15-A7B6-6478AD8ABC8F,20/03/2014,2014,195000,5.290034611,DN7 6LX,D,N,10,Yes,4,2
2F4E1C1C-F9B7-435B-B55E-3FC285DF4F5C,03/09/2015,2015,160000,5.204119983,YO8 6NS,D,N,10,Yes,4,2
2FD36065-9C04-4BF8-E050-A8C0620562B1,05/02/2016,2016,125000,5.096910013,DN17 4LS,D,N,10,Yes,3,2
2FD36065-E784-4BF8-E050-A8C0620562B1,07/12/2015,2015,305000,5.484299839,YO8 6QL,D,N,10,Yes,4,2
2FD36066-1020-4BF8-E050-A8C0620562B1,25/02/2016,2016,170000,5.230448921,DN8 5TL,D,N,10,Yes,3,2
31FB4C17-6AD5-57B9-E050-A8C063053436,24/03/2016,2016,170000,5.230448921,DN15 8RR,D,N,10,Yes,4,2
31FB4C17-6B74-57B9-E050-A8C063053436,12/02/2016,2016,236000,5.372912003,DN9 1PG,D,N,10,Yes,4,2
34428D7E-1D05-B86C-E050-A8C06205059C,29/04/2016,2016,415000,5.618048097,DN9 1PG,D,N,10,Yes,4,2
34428D7E-1DC2-B86C-E050-A8C06205059C,29/04/2016,2016,160000,5.204119983,DN17 3HB,D,N,10,Yes,4,2
34F2FFD1-E7CA-415F-8AD8-7D238E18F696,06/11/2013,2013,175000,5.243038049,DN15 8YJ,D,N,10,Yes,4,1
3568D930-C7B6-4F40-94FA-5DD27F6E7289,04/10/2011,2011,158500,5.200029267,DN8 5TL,D,N,10,Yes,3,1
369DFB15-C92D-3A19-E050-A8C0620518C6,13/06/2016,2016,440000,5.643452676,DN17 4BL,D,N,10,Yes,2,2
369DFB16-788C-3A19-E050-A8C0620518C6,09/05/2016,2016,285000,5.45484486,DN14 7QU,D,N,10,Yes,4,2
369DFB16-78A2-3A19-E050-A8C0620518C6,27/05/2016,2016,245000,5.389166084,DN14 5FE,D,N,10,Yes,3,2
3738B416-76B3-4DA2-B07A-9D7553E11C43,28/09/2012,2012,168000,5.225309282,DN14 7PY,D,N,10,Yes,4,1
37429E7D-9F1C-43A2-BB90-C4FAB37528EE,07/08/2015,2015,292000,5.465382851,DN9 1QN,D,N,10,Yes,4,2
3914047A-0739-3206-E050-A8C063057647,08/07/2016,2016,280000,5.447158031,YO8 6QL,D,N,10,Yes,4,2
3A8072A8-0B3E-4041-8BD9-AB8B8D14666E,10/06/2014,2014,175000,5.243038049,DN15 8YJ,D,N,10,Yes,4,2
3B7820F1-7890-43E4-A3F0-96D00FA678C6,12/08/2013,2013,147000,5.167317335,DN17 4LW,D,N,10,Yes,3,1
3B7E0B90-71BB-EA99-E050-A8C062057E77,29/07/2016,2016,217000,5.336459734,DN8 4AY,D,N,10,Yes,3,2
3C2B5620-E224-4D37-93C6-BBE834548D09,29/01/2014,2014,443000,5.646403726,DN14 7QU,D,N,10,Yes,4,2
3D6B67EB-ECFF-4EB9-8000-FE6BED5818FE,05/08/2011,2011,200000,5.301029996,DN14 8RY,D,Y,10,Yes,2,1
3E0330EF-DC6A-8D89-E050-A8C062052140,05/08/2016,2016,170000,5.230448921,DN17 3HB,D,N,10,Yes,4,2
3E0330EF-DC9F-8D89-E050-A8C062052140,26/08/2016,2016,181000,5.257678575,DN17 4PQ,D,N,10,Yes,3,2
404A5AF3-8EEC-CD2B-E050-A8C063055C7B,30/09/2016,2016,190000,5.278753601,DN15 8YJ,D,N,10,Yes,4,2
404A5AF3-8F96-CD2B-E050-A8C063055C7B,16/09/2016,2016,217500,5.337459261,DN9 1QN,D,N,10,Yes,4,2
404A5AF3-DB26-CD2B-E050-A8C063055C7B,16/09/2016,2016,235000,5.371067862,YO8 6NS,D,N,10,Yes,4,2
404A5AF4-08DE-CD2B-E050-A8C063055C7B,22/09/2016,2016,185000,5.267171728,DN7 4DT,D,N,10,Yes,4,2
404A5AF4-0A3B-CD2B-E050-A8C063055C7B,02/09/2016,2016,170000,5.230448921,DN8 5TL,D,N,10,Yes,3,2
404A5AF4-48F5-CD2B-E050-A8C063055C7B,14/09/2016,2016,250000,5.397940009,DN14 7QU,D,N,10,Yes,4,2
40FA488C-B50A-47F3-9873-D22FEAB0A4E9,06/07/2012,2012,249950,5.397853141,YO8 6QE,D,N,10,Yes,4,1
42567CA1-38C9-4836-89BA-D59A2E499BFB,30/11/2012,2012,230000,5.361727836,YO8 6QL,D,N,10,Yes,4,1
42825126-E4D6-43D6-B02E-8A7E4D13DA6C,21/02/2014,2014,175000,5.243038049,HU15 2WG,D,N,10,Yes,4,2
42A5A709-950C-56E8-E050-A8C06205331E,07/10/2016,2016,310000,5.491361694,YO8 6QL,D,N,10,Yes,4,2
42A5A70A-04EC-56E8-E050-A8C06205331E,04/11/2016,2016,270000,5.431363764,DN14 7SA,D,N,10,Yes,4,2
42A5A70A-0584-56E8-E050-A8C06205331E,17/06/2016,2016,225000,5.352182518,DN14 8RY,D,N,10,Yes,2,2
42DC7B06-2767-480B-94F6-DB0A9D79E8D3,23/01/2013,2013,215000,5.33243846,DN14 7SA,D,N,10,Yes,4,1
44A87572-338F-466E-AC18-C381E4CB8FF6,05/06/2015,2015,210000,5.322219295,YO8 6NS,D,N,10,Yes,4,2
453D27A3-18A2-EF91-E050-A8C0630574D7,25/11/2016,2016,218500,5.339451441,DN9 1PG,D,N,10,Yes,4,2
453D27A3-1A0C-EF91-E050-A8C0630574D7,16/12/2016,2016,243000,5.385606274,DN14 5FE,D,N,10,Yes,3,2
488C534C-C2C9-4496-87AB-289CAFE59B9A,19/07/2013,2013,128500,5.108903128,DN17 4LS,D,N,10,Yes,3,1
49B7852A-1499-7921-E050-A8C063056E8D,17/02/2017,2017,150000,5.176091259,HU15 2SX,D,N,10,Yes,4,3
49B7852A-1611-7921-E050-A8C063056E8D,15/02/2017,2017,187000,5.271841607,DN15 8YJ,D,N,10,Yes,4,3
4BC98B92-5AEE-45C6-847A-0F847FC9C40B,19/11/2013,2013,210000,5.322219295,YO8 6NS,D,N,10,Yes,4,1
4C4EDFFF-6EA3-1854-E050-A8C063054F34,24/02/2017,2017,184500,5.26599637,DN15 8YJ,D,N,10,Yes,4,3
4C4EDFFF-6EBC-1854-E050-A8C063054F34,09/02/2017,2017,197000,5.294466226,DN17 4BD,D,N,10,Yes,3,3
4C4EDFFF-BE27-1854-E050-A8C063054F34,22/02/2017,2017,235000,5.371067862,YO8 6QE,D,N,10,Yes,4,3
4E95D757-7A17-EDA1-E050-A8C0630539E2,30/03/2017,2017,320000,5.505149978,DN9 1PG,D,N,10,Yes,4,3
4E95D757-7A50-EDA1-E050-A8C0630539E2,07/04/2017,2017,167000,5.222716471,DN15 9HJ,D,N,10,Yes,4,3
50F18103-8DF1-9FD5-E050-A8C063054923,21/04/2017,2017,164000,5.214843848,DN7 5AQ,D,N,10,Yes,4,3
5376B385-8085-34C1-E053-6B04A8C09FF6,15/06/2017,2017,155000,5.190331698,DN17 4BD,D,N,10,Yes,3,3
5376B386-3790-34C1-E053-6B04A8C09FF6,26/05/2017,2017,270000,5.431363764,DN14 7SA,D,N,10,Yes,4,3
5376B386-37E3-34C1-E053-6B04A8C09FF6,12/05/2017,2017,205000,5.311753861,DN14 6AS,D,N,10,Yes,2,3
55BDCAE6-0682-521D-E053-6B04A8C0DD7A,27/06/2017,2017,430000,5.633468456,DN14 7QE,D,N,10,Yes,4,3
5A9D8B55-375B-68EB-E053-6B04A8C0D293,30/08/2017,2017,267500,5.427323786,DN17 4LW,D,N,10,Yes,3,3
5A9D8B55-3991-68EB-E053-6B04A8C0D293,14/08/2017,2017,108000,5.033423755,DN17 3EX,D,N,10,Yes,4,3
5AC6495A-F30C-4A04-80D2-6A6444A43C2F,15/08/2014,2014,187000,5.271841607,DN14 8LW,D,N,10,Yes,3,2
5AE2176F-0EC8-4C20-9C71-E5ACD2E7CA0E,10/07/2015,2015,42000,4.62324929,DN17 4LS,D,N,10,Yes,3,2
5AEBF2E9-C5F3-4AEA-9508-6214AE0A6818,06/02/2015,2015,452000,5.655138435,YO8 6QE,D,N,10,Yes,4,2
5B0895BA-15C5-478F-8DCF-607CCF13F069,03/05/2013,2013,105000,5.021189299,DN15 9HJ,D,N,10,Yes,4,1
5B16D056-06F5-4D23-BE7D-E02C24E7A470,11/02/2011,2011,302500,5.480725379,DN9 1PG,D,N,10,Yes,4,1
5CF9903C-537D-7F13-E053-6C04A8C074B1,12/10/2017,2017,325000,5.511883361,YO8 6QB,D,N,10,Yes,4,3
5F08CC6B-CFEC-4A88-9EF0-49C4D26630B9,01/07/2014,2014,167500,5.224014811,DN17 4LW,D,N,10,Yes,3,2
5F50629A-F9ED-42CA-82B8-ABB3C8E8DD23,04/07/2014,2014,127500,5.105510185,DN7 4DT,D,N,10,Yes,4,2
5F54B81D-31F2-2B45-E053-6B04A8C01FB0,08/11/2017,2017,260000,5.414973348,DN14 8LW,D,N,10,Yes,3,3
5F54B81D-3217-2B45-E053-6B04A8C01FB0,13/10/2017,2017,260000,5.414973348,DN15 8EP,D,N,10,Yes,4,3
5F54B81D-33C7-2B45-E053-6B04A8C01FB0,06/10/2017,2017,190000,5.278753601,DN9 1PG,D,N,10,Yes,4,3
5F54B81D-33EC-2B45-E053-6B04A8C01FB0,24/11/2017,2017,155000,5.190331698,DN17 4LS,D,N,10,Yes,3,3
5F54B81D-BE59-2B45-E053-6B04A8C01FB0,26/10/2017,2017,227500,5.356981401,DN8 4AY,D,N,10,Yes,3,3
5F54B81E-08A6-2B45-E053-6B04A8C01FB0,02/06/2017,2017,370000,5.568201724,DN14 7QU,D,N,10,Yes,4,3
5F54B81E-08B6-2B45-E053-6B04A8C01FB0,27/10/2017,2017,229000,5.359835482,DN14 8RY,D,N,10,Yes,2,3
5FED5434-BEB9-4933-9409-26F2B5D76B8E,12/09/2013,2013,170000,5.230448921,DN8 5TL,D,N,10,Yes,3,1
61A7023B-F793-4CA3-BCA1-5960FBA45EDD,16/01/2014,2014,174950,5.242913947,HU15 2WG,D,N,10,Yes,4,2
61D8894E-3872-3DE6-E053-6C04A8C01207,30/11/2017,2017,300000,5.477121255,DN14 0FJ,D,N,10,Yes,4,3
61D8894E-57A2-3DE6-E053-6C04A8C01207,10/11/2017,2017,130000,5.113943352,DN7 4DT,D,N,10,Yes,4,3
64342BFE-4836-422C-E053-6C04A8C0FB8A,21/02/2017,2017,147000,5.167317335,DN17 4PQ,D,N,10,Yes,3,3
6561E25B-D55C-40B5-9EE1-6D05D96D1357,24/11/2011,2011,165000,5.217483944,DN7 6JN,D,N,10,Yes,4,1
666758D6-E397-3363-E053-6B04A8C0D74E,05/01/2018,2018,145000,5.161368002,DN17 4LS,D,N,10,Yes,3,3
688AF969-49DD-45D7-981B-93A362B94601,02/12/2014,2014,190000,5.278753601,DN17 4BD,D,N,10,Yes,3,2
68FEB20B-8B7C-38DA-E053-6C04A8C051AE,14/03/2018,2018,193500,5.286680969,DN9 1PG,D,N,10,Yes,4,3
68FEB20B-D31D-38DA-E053-6C04A8C051AE,07/02/2018,2018,302500,5.480725379,YO8 6QL,D,N,10,Yes,4,3
68FEB20B-D399-38DA-E053-6C04A8C051AE,01/02/2018,2018,250000,5.397940009,YO8 6QL,D,N,10,Yes,4,3
6B32222C-61CF-01F1-E053-6C04A8C0D2C8,29/03/2018,2018,200000,5.301029996,DN15 9BX,D,N,10,Yes,4,3
6B32222C-E1D3-01F1-E053-6C04A8C0D2C8,23/03/2018,2018,253000,5.403120521,DN14 5FN,D,N,10,Yes,3,3
6E875279-F309-4B1F-AC2D-82C0F2F9E1D2,19/12/2011,2011,113000,5.053078443,DN7 4DT,D,N,10,Yes,4,1
6F94AFAE-39A2-4371-90A0-354852E498B2,09/11/2012,2012,202500,5.306425028,DN17 4LW,D,N,10,Yes,3,1
7011B109-6F71-8ED6-E053-6B04A8C075C1,31/05/2018,2018,287500,5.458637849,DN15 8EP,D,N,10,Yes,4,3
7011B109-DEDA-8ED6-E053-6B04A8C075C1,15/06/2018,2018,197000,5.294466226,DN7 4DT,D,N,10,Yes,4,3
7036FFC3-A8BE-406C-95A4-B734D29F8511,20/05/2011,2011,181000,5.257678575,DN17 4BD,D,N,10,Yes,3,1
712CB19F-A5E4-4765-B3A0-655A525BB3EA,09/09/2014,2014,222000,5.346352974,DN14 9TF,D,N,10,Yes,4,2
725C6228-F1D5-4514-A3D6-E1C43249B45A,21/07/2011,2011,225000,5.352182518,DN14 7BH,D,N,10,Yes,3,1
7342E855-A504-4566-AB33-304CC67B9ED7,27/09/2013,2013,245000,5.389166084,DN14 7BH,D,N,10,Yes,3,1
73E2F59A-E5B5-4D29-A2CD-01C4EECDE866,15/04/2011,2011,143000,5.155336037,DN14 9HR,D,N,10,Yes,4,1
7491B7DA-D97E-4B47-BFE5-2B19DB0B3DA9,30/11/2012,2012,249995,5.397931323,DN14 5FE,D,N,10,Yes,3,1
773788C3-31A2-2CE4-E053-6C04A8C05E57,16/07/2018,2018,132500,5.122215878,DN7 4DT,D,N,10,Yes,4,3
788DFD1A-CF56-4069-9651-1E4DD77DF0F0,21/02/2014,2014,134995,5.130317683,DN14 9JH,D,N,10,Yes,4,2
79A74E21-A2B1-1289-E053-6B04A8C01627,19/09/2018,2018,163000,5.212187604,DN9 1TB,D,N,10,Yes,4,3
79A74E21-A312-1289-E053-6B04A8C01627,14/09/2018,2018,340000,5.531478917,DN14 7BH,D,N,10,Yes,3,3
79A74E21-A3B5-1289-E053-6B04A8C01627,23/10/2018,2018,273000,5.436162647,DN15 8YJ,D,N,10,Yes,4,3
79A74E22-30F5-1289-E053-6B04A8C01627,28/09/2018,2018,184999,5.267169381,DN7 6QQ,D,N,10,Yes,4,3
7C2D0700-7E11-4963-E053-6B04A8C07B97,30/10/2018,2018,245000,5.389166084,YO8 6QL,D,N,10,Yes,4,3
7C2D0700-AF24-4963-E053-6B04A8C07B97,08/10/2018,2018,165000,5.217483944,DN8 5TL,D,N,10,Yes,3,3
7C2D0700-F493-4963-E053-6B04A8C07B97,08/11/2018,2018,275000,5.439332694,DN14 7SA,D,N,10,Yes,4,3
7C2D0700-F4CB-4963-E053-6B04A8C07B97,15/10/2018,2018,298000,5.474216264,DN14 7QU,D,N,10,Yes,4,3
7DF02C85-EE8C-41B6-8C98-2DBBA91AED22,12/08/2015,2015,198000,5.29666519,DN14 8RY,D,N,10,Yes,2,2
7E86B6FA-E654-458C-E053-6B04A8C0C84C,26/11/2018,2018,231500,5.364550995,DN17 4PQ,D,N,10,Yes,3,3
80E1AA98-2B50-7BF8-E053-6C04A8C00BF2,09/01/2019,2019,208000,5.318063335,DN9 1QN,D,N,10,Yes,4,3
80EE7192-FFD1-4A62-8C6B-F3F51C85D607,27/03/2015,2015,111000,5.045322979,DN7 4DT,D,N,10,Yes,4,2
8355F009-0CF1-55C5-E053-6B04A8C0D090,22/10/2018,2018,325000,5.511883361,DN9 1PG,D,N,10,Yes,4,3
836AD91D-F70D-416D-B2CC-5DF2C013FA0E,26/08/2014,2014,297500,5.47348697,YO8 6QL,D,Y,10,Yes,4,2
85E7F446-4780-4E64-A19C-4C8AC8B36F37,02/04/2015,2015,302950,5.481370957,DN9 1QN,D,N,10,Yes,4,2
87E1551E-3A40-6405-E053-6C04A8C0B2EE,15/04/2019,2019,280000,5.447158031,DN15 8EP,D,N,10,Yes,4,3
8A78B2AF-A1CD-5CB0-E053-6B04A8C0F504,26/04/2019,2019,165000,5.217483944,DN15 9HJ,D,N,10,Yes,4,3
8A78B2B0-0F14-5CB0-E053-6B04A8C0F504,01/04/2019,2019,165000,5.217483944,DN8 5TL,D,N,10,Yes,3,3
8CAC1318-90AA-0253-E053-6B04A8C08E51,30/05/2019,2019,250000,5.397940009,YO8 6QE,D,N,10,Yes,4,3
8CAC1318-EE9E-0253-E053-6B04A8C08E51,24/05/2019,2019,258000,5.411619706,HU15 2WG,D,N,10,Yes,4,3
8E100EE5-08E0-4067-9F73-4AC2B4BC47EE,18/07/2011,2011,142000,5.152288344,DN14 9JH,D,N,10,Yes,4,1
8F1B26BE-0E26-53DB-E053-6C04A8C03649,01/07/2019,2019,340000,5.531478917,YO8 6QL,D,N,10,Yes,4,3
8F1B26BE-7763-53DB-E053-6C04A8C03649,23/05/2019,2019,320000,5.505149978,DN14 7QE,D,N,10,Yes,4,3
919FEC06-073A-9A90-E053-6C04A8C0A300,14/06/2019,2019,210000,5.322219295,HU15 2FL,D,N,10,Yes,4,3
91CB86FF-D0C2-45DC-A80F-9B3AB1C126B3,08/06/2015,2015,200000,5.301029996,YO8 6NS,D,N,10,Yes,4,2
91CE861B-C9CD-4602-9742-2AE884171096,26/04/2013,2013,240075,5.380346938,DN15 9HJ,D,N,10,Yes,4,1
55BDCAE6-075C-521D-E053-6B04A8C0DD7A,07/07/2017 00:00,2017,260000,5.414973348,DN9 1FF,D,N,,,4,3
93E6821E-6142-40FD-E053-6B04A8C0C1DF,20/08/2019,2019,185000,5.267171728,DN14 9JH,D,N,10,Yes,4,3
93E6821E-AD52-40FD-E053-6B04A8C0C1DF,30/08/2019,2019,234000,5.369215857,YO8 6NS,D,N,10,Yes,4,3
965B6D91-71F4-95E4-E053-6C04A8C07729,16/05/2019,2019,305000,5.484299839,DN17 4BL,D,N,10,Yes,2,3
96E0B634-2799-4244-8FAF-E58C6E2B8520,26/09/2014,2014,158000,5.198657087,YO8 6QL,D,N,10,Yes,4,2
97AD3AAE-FF51-4B6E-8D9D-19D8A9A85860,09/07/2015,2015,222000,5.346352974,DN14 8RY,D,Y,10,Yes,2,2
98C75471-E54A-72E9-E053-6B04A8C042F0,23/10/2019,2019,320000,5.505149978,DN14 7BH,D,N,10,Yes,3,3
9AAFE2C1-FBE1-43EA-9692-2A9660C88F5E,14/06/2013,2013,203000,5.307496038,HU15 2WG,D,N,10,Yes,4,1
9AE3A91A-AAF7-48DB-BA64-6E2C9DF0623C,13/01/2012,2012,105000,5.021189299,YO8 6QL,D,N,10,Yes,4,1
9B361206-94C3-1904-E053-6B04A8C0EEB5,29/11/2019,2019,280000,5.447158031,YO8 6QL,D,N,10,Yes,4,3
9B361206-F282-1904-E053-6B04A8C0EEB5,25/10/2019,2019,197500,5.2955671,HU15 2WG,D,N,10,Yes,4,3
9E562EE4-A194-4AB7-8930-A5A354B1807C,02/12/2014,2014,179000,5.252853031,HU15 2WG,D,N,10,Yes,4,2
A1383AB9-D511-40CE-AE3B-2CCDCC6E6CB7,22/04/2013,2013,199950,5.300921408,DN9 1QN,D,N,10,Yes,4,1
A17C3115-B40C-411F-9871-184D668973F1,27/06/2014,2014,184950,5.267054336,DN17 4BD,D,N,10,Yes,3,2
A2479555-C0D2-74C7-E053-6B04A8C0887D,22/11/2019,2019,265000,5.423245874,DN14 5FN,D,N,10,Yes,3,3
A2C771B1-7618-40F4-AD07-B75F475EB9D9,22/08/2014,2014,245000,5.389166084,YO8 6QE,D,N,10,Yes,4,2
A488902B-2A8F-40FA-9F0C-46E7ACD90EAD,13/12/2011,2011,168500,5.226599905,DN14 7QE,D,N,10,Yes,4,1
A5A4D256-90FD-4B79-92D5-D80D756A6880,10/04/2014,2014,165000,5.217483944,DN9 1QN,D,N,10,Yes,4,2
A96E4ACC-3236-9205-E053-6C04A8C0DA09,21/08/2019,2019,275000,5.439332694,DN9 1QN,D,N,10,Yes,4,3
AA0F77CB-7E6C-4F0B-9A8E-08123410A133,13/12/2013,2013,212000,5.326335861,HU15 2WG,D,N,10,Yes,4,1
AB59C1A7-3052-4BD0-B208-FE68F9D083CD,25/04/2014,2014,217500,5.337459261,DN15 8EP,D,N,10,Yes,4,2
AFF1BEDE-AA3D-402F-A764-59222803EB9B,25/10/2013,2013,140000,5.146128036,DN14 5LQ,D,N,10,Yes,3,1
B07C6755-D1FB-430B-A154-8E5479835695,23/09/2013,2013,168000,5.225309282,DN8 5TL,D,N,10,Yes,3,1
B0A9D11B-7C91-4C1F-E053-6C04A8C0D716,15/11/2019,2019,275000,5.439332694,DN9 1QN,D,N,10,Yes,4,3
B8E9C191-AD54-47FB-BAA8-3165B89FEEF1,22/11/2013,2013,349999,5.544066804,YO8 6QE,D,N,10,Yes,4,1
BC89D116-8C9B-4DBA-A9BA-115B530037CB,11/01/2011,2011,200000,5.301029996,DN14 6AS,D,N,10,Yes,2,1
C13EC1EF-FABF-465C-BA15-9FA80620650F,07/02/2014,2014,145000,5.161368002,DN15 8YJ,D,N,10,Yes,4,2
C3095C1B-71A9-4C7C-8157-E1EA2E43CCA3,14/02/2014,2014,170000,5.230448921,DN15 8RR,D,N,10,Yes,4,2
C49C0DD2-09C8-4C1B-B635-E51D6C7A3227,12/06/2015,2015,135000,5.130333768,DN17 4LS,D,N,10,Yes,3,2
C98A6D86-A32C-485B-A765-D07F0529AFE5,05/07/2013,2013,141000,5.149219113,DN17 4BD,D,N,10,Yes,3,1
CA06A304-A680-4956-A196-B17513E1C0E7,17/08/2015,2015,220000,5.342422681,YO8 6QE,D,N,10,Yes,4,2
CC7A9754-B175-4804-A9FC-92B4B5F4C876,26/07/2013,2013,250000,5.397940009,DN14 7QU,D,N,10,Yes,4,1
CD76C952-0726-4510-B571-236BD2175D35,05/06/2015,2015,90000,4.954242509,DN7 5AQ,D,N,10,Yes,4,2
CDBC46E6-0C7F-4CF6-BD1D-E41665D7DF5F,27/02/2015,2015,185000,5.267171728,YO8 6QL,D,N,10,Yes,4,2
CFC5FA72-E7F2-4317-AB48-BDD3FD7C88AA,14/02/2014,2014,133000,5.123851641,DN15 9HJ,D,N,10,Yes,4,2
D365895B-C366-44A6-9D09-0A97D3E2BEA2,10/04/2015,2015,247500,5.393575203,YO8 6QL,D,N,10,Yes,4,2
D858D999-9D33-49F0-924D-D513BFADF783,23/09/2011,2011,148000,5.170261715,YO8 6NS,D,N,10,Yes,4,1
D8659DC7-F02F-4C61-83AB-3B08F0B9A54B,16/09/2014,2014,150000,5.176091259,DN15 8YJ,D,N,10,Yes,4,2
D90A0919-4BCC-4694-9323-9E977597793D,12/08/2014,2014,305000,5.484299839,DN14 7BH,D,N,10,Yes,3,2
DDB0D300-7A56-47F5-8CC5-426666A3F71A,22/10/2013,2013,240000,5.380211242,DN14 8RY,D,Y,10,Yes,2,1
E2C80BB9-AE31-4D7A-BBC0-8CD474A36747,29/11/2011,2011,200000,5.301029996,DN9 1PG,D,N,10,Yes,4,1
E32CF9D6-4944-4EFF-AD70-45A444BA9C0C,22/05/2015,2015,150000,5.176091259,YO8 6QY,D,N,10,Yes,4,2
E45D6ADA-8861-452C-BCD9-C7CF26C9652C,07/10/2011,2011,136950,5.136562037,DN17 4BD,D,N,10,Yes,3,1
E937D346-A83D-4DA4-B774-967E9B83357B,31/01/2014,2014,282500,5.451018452,DN14 7PY,D,N,10,Yes,4,2
E9BC36AF-7BED-48EE-88AA-69C4A4723CF7,19/01/2012,2012,130000,5.113943352,DN15 9EP,D,N,10,Yes,4,1
ECC325FE-6E61-4E34-B24F-905F32EFA410,14/12/2012,2012,190000,5.278753601,DN8 4AY,D,N,10,Yes,3,1
F5971A48-8392-472F-9D0D-49BA1480A8F1,16/03/2012,2012,225000,5.352182518,DN14 5FE,D,N,10,Yes,3,1
FCCD7625-B3B5-4519-AB56-D57A73F0E876,29/10/2012,2012,195000,5.290034611,DN14 8RY,D,N,10,Yes,2,1
080998A7-1072-4136-A24D-865D84E96D18,18/12/2014,2014,183500,5.263636069,DN14 8LQ,D,N,9,Yes,3,2
0B4C2EE8-FB2D-4E36-9D6F-3EF5C4CC4977,11/11/2011,2011,269950,5.431283332,YO8 6RG,D,N,9,Yes,4,1
0C391993-D649-4987-A340-23CA8D839FC1,12/12/2014,2014,215000,5.33243846,DN14 9TD,D,N,9,Yes,4,2
0D0ACD21-0ED2-4BB7-A6B9-5478F9E461B8,29/07/2013,2013,100000,5,DN7 4BQ,D,N,9,Yes,4,1
0D366D5E-54C8-453D-9FA7-899BBEA0D490,05/07/2011,2011,185000,5.267171728,DN7 6QU,D,N,9,Yes,4,1
147E2E46-96CA-41DF-A636-61FACD73AE31,26/11/2013,2013,193750,5.287241711,DN14 9TD,D,N,9,Yes,4,1
1550FA12-9EA9-4642-808C-7CC4C826600D,20/03/2015,2015,224000,5.350248018,DN17 4LU,D,N,9,Yes,3,2
16D48783-FD9F-41FA-BEF9-FA12A124B386,22/05/2015,2015,285000,5.45484486,DN9 1PB,D,N,9,Yes,4,2
1A5DA50A-72F6-417C-B0AF-A0B98997FEA4,15/08/2014,2014,235000,5.371067862,DN14 8LQ,D,N,9,Yes,3,2
1D9C4F2A-B25B-4D9C-A6DB-344418226DB5,14/11/2014,2014,147000,5.167317335,DN14 0DQ,D,N,9,Yes,4,2
207BBD7E-0B74-4018-90BA-5CE5EE0EE3A8,20/12/2012,2012,277000,5.442479769,DN17 4AY,D,N,9,Yes,4,1
23B6165E-5E81-FCF4-E050-A8C0620577FA,26/08/2015,2015,328000,5.515873844,HU15 2UT,D,N,9,Yes,4,2
23B6165E-B55D-FCF4-E050-A8C0620577FA,30/09/2015,2015,262000,5.418301291,YO8 6RG,D,N,9,Yes,4,2
23B6165E-E6EB-FCF4-E050-A8C0620577FA,29/06/2015,2015,110000,5.041392685,DN7 4HF,D,N,9,Yes,4,2
23B6165E-E927-FCF4-E050-A8C0620577FA,28/08/2015,2015,167000,5.222716471,DN7 4DH,D,N,9,Yes,4,2
23B6165F-2DE1-FCF4-E050-A8C0620577FA,05/10/2015,2015,164000,5.214843848,DN14 8LQ,D,N,9,Yes,3,2
270D9B5F-0B92-49BE-8740-94EA80690003,12/09/2014,2014,210000,5.322219295,DN14 8LQ,D,N,9,Yes,3,2
288DCE29-37EA-E510-E050-A8C06205480E,22/10/2015,2015,97500,4.989004616,DN15 8BD,D,N,9,Yes,4,2
2A289EA0-7E0D-CDC8-E050-A8C063054829,23/11/2011,2011,100000,5,DN8 5SN,D,N,9,Yes,4,1
2AC10E4F-938D-1AF6-E050-A8C063052BA1,01/12/2015,2015,160000,5.204119983,DN9 1TD,D,N,9,Yes,4,2
2AC10E50-13CA-1AF6-E050-A8C063052BA1,22/12/2015,2015,70000,4.84509804,DN7 5NF,D,N,9,Yes,4,2
2AC10E50-1447-1AF6-E050-A8C063052BA1,04/12/2015,2015,182000,5.260071388,DN7 4JY,D,N,9,Yes,4,2
2D1E4B26-63CA-FCD1-E050-A8C0630544EC,09/12/2015,2015,70000,4.84509804,DN17 4JD,D,N,9,Yes,3,2
2D1E4B26-6455-FCD1-E050-A8C0630544EC,29/01/2016,2016,180000,5.255272505,DN14 7SW,D,N,9,Yes,4,2
2D1E4B27-108A-FCD1-E050-A8C0630544EC,19/02/2016,2016,237000,5.374748346,DN14 9TD,D,N,9,Yes,4,2
2D1E4B27-10EA-FCD1-E050-A8C0630544EC,08/01/2016,2016,485000,5.685741739,DN14 0AE,D,N,9,Yes,4,2
31DA7A00-8016-4197-AB5B-024BC0B49228,03/10/2011,2011,145000,5.161368002,DN17 4JD,D,N,9,Yes,3,1
31FB4C18-0520-57B9-E050-A8C063053436,11/03/2016,2016,310000,5.491361694,DN7 6PJ,D,N,9,Yes,4,2
34428D7E-8B95-B86C-E050-A8C06205059C,14/03/2016,2016,360000,5.556302501,DN7 6PJ,D,N,9,Yes,4,2
369DFB16-782E-3A19-E050-A8C0620518C6,28/04/2016,2016,237500,5.375663614,DN14 9TD,D,N,9,Yes,4,2
369DFB16-783E-3A19-E050-A8C0620518C6,12/05/2016,2016,232500,5.366422957,DN14 9TD,D,N,9,Yes,4,2
3914047A-72B6-3206-E050-A8C063057647,08/07/2016,2016,359950,5.556242178,DN14 9TD,D,N,9,Yes,4,2
3914047A-72B9-3206-E050-A8C063057647,27/06/2016,2016,275000,5.439332694,DN14 9TD,D,N,9,Yes,4,2
3E0330EF-DAE2-8D89-E050-A8C062052140,25/08/2016,2016,118000,5.071882007,DN14 8DF,D,N,9,Yes,2,2
3FC3F0E2-86E1-4922-8842-85A6BE7D4C8D,31/10/2011,2011,163000,5.212187604,DN14 0AE,D,N,9,Yes,4,1
582D0637-0CEA-8F22-E053-6C04A8C01BAC,14/07/2017 00:00,2017,195000,5.290034611,DN9 1JT,D,N,,,4,3
404A5AF3-8EA6-CD2B-E050-A8C063055C7B,19/09/2016,2016,242000,5.383815366,DN14 8LQ,D,N,9,Yes,3,2
408991E0-4C39-4C56-A7CF-811AEB07659F,20/12/2013,2013,113000,5.053078443,DN7 4BQ,D,N,9,Yes,4,1
42A5A709-412F-56E8-E050-A8C06205331E,11/11/2016,2016,295000,5.469822016,DN9 1PB,D,N,9,Yes,4,2
42A5A709-4224-56E8-E050-A8C06205331E,28/10/2016,2016,170000,5.230448921,DN14 0DQ,D,N,9,Yes,4,2
453D27A3-1AF0-EF91-E050-A8C0630574D7,16/12/2016,2016,173000,5.238046103,DN17 4JD,D,N,9,Yes,3,2
453D27A3-8CAA-EF91-E050-A8C0630574D7,24/11/2016,2016,136000,5.133538908,DN7 6PJ,D,N,9,Yes,4,2
47844C7F-DB2A-8986-E050-A8C063056488,27/01/2017,2017,190000,5.278753601,DN14 8JL,D,N,9,Yes,3,3
48F601E9-199E-4BD8-8A85-8E81759F54B9,27/03/2015,2015,285000,5.45484486,DN7 6PJ,D,N,9,Yes,4,2
49B7852A-BCA6-7921-E050-A8C063056E8D,10/02/2017,2017,231500,5.364550995,DN14 9TD,D,N,9,Yes,4,3
4C4EDFFF-6E3A-1854-E050-A8C063054F34,23/02/2017,2017,187500,5.273001272,DN14 0DQ,D,N,9,Yes,4,3
4C4EDFFF-EC3A-1854-E050-A8C063054F34,10/03/2017,2017,200000,5.301029996,DN7 4DH,D,N,9,Yes,4,3
4E95D757-DDF6-EDA1-E050-A8C0630539E2,31/03/2017,2017,131000,5.117271296,DN7 4HF,D,N,9,Yes,4,3
50158710-D42F-4774-A039-F00A1F73C11D,28/11/2011,2011,120000,5.079181246,DN7 6PB,D,N,9,Yes,4,1
5183B767-014C-4688-A994-757153337322,26/08/2011,2011,124000,5.093421685,DN15 8PL,D,N,9,Yes,4,1
5274AB71-08DA-4F0A-BE3A-DE05E9AA05A2,01/10/2012,2012,200000,5.301029996,DN14 8LN,D,N,9,Yes,3,1
5298DFAF-0A09-42FC-9493-1A4D6A831A08,11/09/2013,2013,260000,5.414973348,DN9 1PB,D,N,9,Yes,4,1
5376B385-810D-34C1-E053-6B04A8C09FF6,06/06/2017,2017,100000,5,DN15 8TG,D,N,9,Yes,4,3
55BDCAE6-0548-521D-E053-6B04A8C0DD7A,05/07/2017,2017,325000,5.511883361,DN14 0AE,D,N,9,Yes,4,3
55BDCAE6-0568-521D-E053-6B04A8C0DD7A,26/06/2017,2017,247500,5.393575203,DN14 0AE,D,N,9,Yes,4,3
55BDCAE6-C245-521D-E053-6B04A8C0DD7A,19/06/2017,2017,350000,5.544068044,DN14 5FG,D,N,9,Yes,3,3
55BDCAE6-C2DB-521D-E053-6B04A8C0DD7A,12/07/2017,2017,195000,5.290034611,DN14 8LQ,D,N,9,Yes,3,3
580CB7C4-FE85-4566-8A89-B995F96B93AA,07/10/2014,2014,250000,5.397940009,DN9 1PB,D,N,9,Yes,4,2
59BE7947-C1B3-4539-93AB-952D5550A668,10/06/2011,2011,247000,5.392696953,YO8 6RG,D,N,9,Yes,4,1
5A9D8B55-B896-68EB-E053-6B04A8C0D293,15/09/2017,2017,153000,5.184691431,DN7 4HF,D,N,9,Yes,4,3
5A9D8B55-FCD8-68EB-E053-6B04A8C0D293,15/09/2017,2017,310000,5.491361694,DN14 5FG,D,N,9,Yes,3,3
5AE29D86-9F19-4AF7-B14F-AC5A1ACB21AC,23/07/2015,2015,350000,5.544068044,DN14 5FG,D,N,9,Yes,3,2
5B8B3C2A-3CA7-4261-A36F-644B996DB9DB,11/12/2014,2014,187500,5.273001272,DN14 8LQ,D,N,9,Yes,3,2
5F54B81D-3336-2B45-E053-6B04A8C01FB0,06/10/2017,2017,145000,5.161368002,DN15 8PL,D,N,9,Yes,4,3
5F54B81D-33AA-2B45-E053-6B04A8C01FB0,27/10/2017,2017,367500,5.565257343,DN17 4JD,D,N,9,Yes,3,3
5F54B81D-BE41-2B45-E053-6B04A8C01FB0,06/10/2017,2017,148000,5.170261715,DN7 4JY,D,N,9,Yes,4,3
5F54B81E-094B-2B45-E053-6B04A8C01FB0,20/10/2017,2017,210000,5.322219295,DN14 0AE,D,N,9,Yes,4,3
608BE7C5-4F8B-49C3-A0B8-5CFC676E1DEE,06/12/2011,2011,110000,5.041392685,DN15 8BD,D,N,9,Yes,4,1
6145EBF8-D706-409E-8EDF-EC387D979590,12/07/2013,2013,185000,5.267171728,DN14 7SW,D,N,9,Yes,4,1
61D8894D-F59E-3DE6-E053-6C04A8C01207,24/11/2017,2017,142500,5.153814864,DN15 8PL,D,N,9,Yes,4,3
61D8894D-F6B3-3DE6-E053-6C04A8C01207,15/12/2017,2017,240000,5.380211242,DN17 4JD,D,N,9,Yes,3,3
61D8894E-5B2F-3DE6-E053-6C04A8C01207,16/11/2017,2017,160000,5.204119983,DN7 4JY,D,N,9,Yes,4,3
61D8894E-8C8E-3DE6-E053-6C04A8C01207,10/11/2017,2017,275000,5.439332694,DN14 8SY,D,N,9,Yes,3,3
65C15B11-6063-4F58-B3EF-BEB67B0C3149,28/09/2012,2012,165000,5.217483944,DN17 4EF,D,N,9,Yes,3,1
666758D6-E307-3363-E053-6B04A8C0D74E,15/12/2017,2017,325000,5.511883361,DN17 4JD,D,N,9,Yes,3,3
666758D7-55DC-3363-E053-6B04A8C0D74E,30/01/2018,2018,140000,5.146128036,DN7 4JY,D,N,9,Yes,4,3
666758D7-8A3A-3363-E053-6B04A8C0D74E,31/01/2018,2018,243500,5.386498966,HU15 2UT,D,N,9,Yes,4,3
68FEB20B-8962-38DA-E053-6C04A8C051AE,21/02/2018,2018,310000,5.491361694,DN14 0AE,D,N,9,Yes,4,3
6928C698-30DD-4846-BE56-06AF6503E095,31/05/2011,2011,130000,5.113943352,DN7 4DH,D,N,9,Yes,4,1
69EB48F2-69F3-4028-9E73-A35F728FD1AD,25/06/2014,2014,155000,5.190331698,DN15 8PL,D,N,9,Yes,4,2
6A83D173-2CC5-42D3-B862-212489E0CB5D,29/08/2014,2014,213500,5.329397879,DN14 8JL,D,N,9,Yes,3,2
6B32222C-B086-01F1-E053-6C04A8C0D2C8,20/04/2018,2018,397500,5.599337133,DN7 6PB,D,N,9,Yes,4,3
6C12D9AF-7B3A-4FB2-9D7C-16CC0141E935,03/05/2013,2013,249950,5.397853141,YO8 6RG,D,N,9,Yes,4,1
7011B109-6F81-8ED6-E053-6B04A8C075C1,25/05/2018,2018,150000,5.176091259,DN14 8LQ,D,N,9,Yes,3,3
7011B109-E184-8ED6-E053-6B04A8C075C1,17/05/2018,2018,132000,5.120573931,DN7 5NF,D,N,9,Yes,4,3
75050A85-B3BA-9A88-E053-6B04A8C02390,31/07/2018,2018,135000,5.130333768,DN7 4HF,D,N,9,Yes,4,3
75050A85-B6F1-9A88-E053-6B04A8C02390,23/07/2018,2018,410000,5.612783857,DN7 6PB,D,N,9,Yes,4,3
773788C2-B46E-2CE4-E053-6C04A8C05E57,17/08/2018,2018,295000,5.469822016,DN9 1PB,D,N,9,Yes,4,3
773788C3-32EF-2CE4-E053-6C04A8C05E57,10/08/2018,2018,167000,5.222716471,DN7 6PB,D,N,9,Yes,4,3
79011399-40D1-4F4F-BB6E-164E202BC831,20/09/2013,2013,275000,5.439332694,DN7 6PJ,D,N,9,Yes,4,1
79A74E21-FDCE-1289-E053-6B04A8C01627,08/10/2018,2018,215000,5.33243846,YO8 6RT,D,Y,9,Yes,4,3
79A74E22-76E3-1289-E053-6B04A8C01627,28/09/2018,2018,250000,5.397940009,DN14 9TD,D,N,9,Yes,4,3
7C2D0700-AFFB-4963-E053-6B04A8C07B97,02/11/2018,2018,154000,5.187520721,DN7 5BT,D,N,9,Yes,4,3
7C2D0700-F475-4963-E053-6B04A8C07B97,19/11/2018,2018,270000,5.431363764,DN14 9TD,D,N,9,Yes,4,3
7E86B6FA-E379-458C-E053-6B04A8C0C84C,03/12/2018,2018,282000,5.450249108,DN14 8LQ,D,N,9,Yes,3,3
7E86B6FA-E3DF-458C-E053-6B04A8C0C84C,28/11/2018,2018,215000,5.33243846,DN17 4HR,D,N,9,Yes,3,3
7F0E19F0-9A91-49BD-BF96-3C8F01B3A054,14/01/2011,2011,222500,5.347330015,DN14 9TD,D,N,9,Yes,4,1
5A9D8B55-3779-68EB-E053-6B04A8C0D293,15/08/2017 00:00,2017,220500,5.343408594,DN9 1JT,D,N,,,4,3
7FAC8761-0165-4992-8B6A-A7E0D376BA9C,27/07/2012,2012,285000,5.45484486,DN14 5FG,D,N,9,Yes,3,1
7FBE5FE8-C09C-4B6D-A2A9-4EEB860778F9,12/07/2013,2013,232000,5.365487985,DN14 0DQ,D,N,9,Yes,4,1
80E1AA98-29CB-7BF8-E053-6C04A8C00BF2,25/01/2019,2019,145000,5.161368002,DN15 8PL,D,N,9,Yes,4,3
80E1AA98-2A16-7BF8-E053-6C04A8C00BF2,19/12/2018,2018,264000,5.421603927,DN14 8HE,D,N,9,Yes,3,3
8355F009-5260-55C5-E053-6B04A8C0D090,12/12/2018,2018,278000,5.444044796,YO8 6RT,D,Y,9,Yes,4,3
85866A65-4152-143F-E053-6B04A8C06A15,27/02/2019,2019,110000,5.041392685,DN7 4HF,D,N,9,Yes,4,3
87E1551E-39F4-6405-E053-6C04A8C0B2EE,04/04/2019,2019,305000,5.484299839,DN9 1PB,D,N,9,Yes,4,3
87E1551E-CA52-6405-E053-6C04A8C0B2EE,20/03/2019,2019,75000,4.875061263,DN14 8DF,D,N,9,Yes,2,3
8A78B2B0-0F35-5CB0-E053-6B04A8C0F504,24/04/2019,2019,455000,5.658011397,DN7 6PJ,D,N,9,Yes,4,3
8A78B2B0-10DB-5CB0-E053-6B04A8C0F504,17/04/2019,2019,375000,5.574031268,DN7 6PB,D,N,9,Yes,4,3
8CAC1318-4C48-0253-E053-6B04A8C08E51,13/06/2019,2019,173000,5.238046103,DN9 1PB,D,N,9,Yes,4,3
8CAC1318-4D13-0253-E053-6B04A8C08E51,31/05/2019,2019,165000,5.217483944,DN14 7SN,D,N,9,Yes,4,3
8CAC1318-B5E6-0253-E053-6B04A8C08E51,28/05/2019,2019,200000,5.301029996,DN8 5QX,D,N,9,Yes,3,3
8F1B26BD-C1DE-53DB-E053-6C04A8C03649,20/06/2019,2019,104500,5.01911629,DN15 8TG,D,N,9,Yes,4,3
8F1B26BD-C23C-53DB-E053-6C04A8C03649,19/07/2019,2019,259000,5.413299764,DN14 7SW,D,N,9,Yes,4,3
5A9D8B55-38F5-68EB-E053-6B04A8C0D293,02/08/2017 00:00,2017,363000,5.559906625,DN9 1TP,D,N,,,4,3
93E6821E-6287-40FD-E053-6B04A8C0C1DF,16/08/2019,2019,285000,5.45484486,DN17 4JD,D,N,9,Yes,3,3
965B6D91-7258-95E4-E053-6C04A8C07729,17/09/2019,2019,179000,5.252853031,DN14 0DQ,D,N,9,Yes,4,3
965B6D91-F37A-95E4-E053-6C04A8C07729,11/10/2019,2019,149000,5.173186268,DN7 4JY,D,N,9,Yes,4,3
965B6D92-2E4E-95E4-E053-6C04A8C07729,16/10/2019,2019,205000,5.311753861,DN14 8LQ,D,N,9,Yes,3,3
96AF36F0-1354-4EC9-8959-C091B81872A0,13/03/2014,2014,135000,5.130333768,DN14 8LQ,D,N,9,Yes,3,2
5A9D8B55-3955-68EB-E053-6B04A8C0D293,15/08/2017 00:00,2017,285000,5.45484486,DN9 1JT,D,N,,,4,3
97B684EE-4E36-405A-A659-492D3A484F59,14/08/2015,2015,245000,5.389166084,DN14 9TD,D,N,9,Yes,4,2
98C38D87-C907-42D8-AF5D-79C596651D1D,02/12/2011,2011,218000,5.338456494,DN14 0AE,D,N,9,Yes,4,1
98C75471-E6D0-72E9-E053-6B04A8C042F0,30/09/2019,2019,222000,5.346352974,DN14 0AE,D,N,9,Yes,4,3
98C75472-6181-72E9-E053-6B04A8C042F0,24/10/2019,2019,490000,5.69019608,DN7 6PJ,D,N,9,Yes,4,3
5A9D8B55-39AE-68EB-E053-6B04A8C0D293,08/08/2017 00:00,2017,285000,5.45484486,DN9 1JT,D,N,,,4,3
98C75472-62DB-72E9-E053-6B04A8C042F0,09/10/2019,2019,235000,5.371067862,DN7 6PJ,D,N,9,Yes,4,3
9A36CC0F-FBFB-4700-8516-9D5617D1B769,28/03/2013,2013,249950,5.397853141,DN14 8LQ,D,N,9,Yes,3,1
9B361206-BA3D-1904-E053-6B04A8C0EEB5,06/12/2019,2019,152000,5.181843588,DN7 4HF,D,N,9,Yes,4,3
9C8797DE-CD91-4BE4-8614-96474D667A24,19/04/2013,2013,210000,5.322219295,DN14 8QQ,D,N,9,Yes,3,1
9DBAD221-C833-6EB3-E053-6B04A8C0F257,18/12/2019,2019,140000,5.146128036,DN14 0AE,D,N,9,Yes,4,3
9DBAD221-C8B5-6EB3-E053-6B04A8C0F257,13/12/2019,2019,185000,5.267171728,DN15 8PL,D,N,9,Yes,4,3
9E929181-09DF-4B4B-8BF8-F3EA3D09CBDB,24/06/2015,2015,97500,4.989004616,DN7 4HF,D,N,9,Yes,4,2
A17349F5-50A7-42D6-A045-1155C54897D9,14/02/2014,2014,100000,5,DN14 8DF,D,N,9,Yes,2,2
A4B83F8A-CB5D-4759-9B6B-BCC1BE933826,01/07/2011,2011,195000,5.290034611,DN14 8LQ,D,N,9,Yes,3,1
A4EA8975-806E-441B-BCAD-0E9BDD82D594,12/03/2015,2015,162000,5.209515015,DN7 5NF,D,N,9,Yes,4,2
AC01A79F-A8CA-430C-9BF3-6F12DDA77C07,28/09/2012,2012,188000,5.274157849,DN14 7SW,D,N,9,Yes,4,1
B5C87539-87F9-40CC-A60F-52325326F1B8,14/12/2012,2012,205000,5.311753861,DN17 4JD,D,N,9,Yes,3,1
BA45E499-E238-42CF-8CBB-6D15B6F1596B,09/09/2014,2014,285000,5.45484486,DN14 9TD,D,N,9,Yes,4,2
BFD0F3B0-03B9-44C7-893A-3052A3ECD429,01/06/2011,2011,105000,5.021189299,DN7 4JY,D,N,9,Yes,4,1
C170970E-77A4-4878-BE2B-2AD70C528B62,20/06/2013,2013,212500,5.327358934,DN14 8LN,D,N,9,Yes,3,1
CA4651F4-A291-4BB8-BA35-2632502DDC78,26/08/2015,2015,200000,5.301029996,HU15 2UT,D,Y,9,Yes,4,2
CA4A6C76-C74B-4E80-96B2-4C5B7D1FEC41,16/01/2015,2015,290000,5.462397998,DN7 6PJ,D,N,9,Yes,4,2
CE4674F1-1A3A-45E6-AB90-1DFC43256249,17/12/2013,2013,152500,5.183269844,DN15 8PL,D,N,9,Yes,4,1
D092BA74-AE15-4CFE-9BE3-0145E706162E,16/10/2013,2013,111000,5.045322979,DN7 4BQ,D,N,9,Yes,4,1
D505CE2D-4575-407D-9368-54708BF60304,29/08/2012,2012,359995,5.556296469,DN14 7GT,D,N,9,Yes,4,1
DE0CAAD4-8CDF-4C89-AD9E-D2F29C3DB5C9,12/09/2014,2014,350000,5.544068044,DN14 7XY,D,N,9,Yes,4,2
E157C00B-C464-42CA-82D7-3B30D5CC2638,20/01/2012,2012,320000,5.505149978,DN14 5FG,D,N,9,Yes,3,1
E67557C9-C2F7-4E6A-91AD-78952FC7DC37,07/12/2012,2012,142000,5.152288344,DN15 8PL,D,N,9,Yes,4,1
E98305D5-D04F-4DC1-93B6-990BD062518F,30/06/2015,2015,380000,5.579783597,DN14 7GT,D,N,9,Yes,4,2
EE6C503E-1E6A-44E3-B004-0819EA035188,19/12/2014,2014,248000,5.394451681,DN14 0DQ,D,N,9,Yes,4,2
EEF738B6-58BE-4234-A0E2-56E1EA84CF6D,10/07/2013,2013,85000,4.929418926,DN7 4HF,D,N,9,Yes,4,1
F2886048-A536-40D3-8421-FB72E37A8737,31/08/2011,2011,170000,5.230448921,DN14 0AE,D,N,9,Yes,4,1
FEF4EBA6-BBD1-47FE-998C-3D171C192BAE,13/06/2014,2014,160000,5.204119983,DN7 4DH,D,N,9,Yes,4,2
018C0C53-B30C-4E79-9EA5-5933FF5EEAFC,03/03/2015,2015,248000,5.394451681,DN14 7HB,D,N,8,Yes,3,2
030C3777-D58A-4577-AB49-61A53419AB04,28/02/2014,2014,183000,5.26245109,DN14 7SP,D,N,8,Yes,4,2
04289E96-A561-4222-BE75-D6D7B4083FE6,30/03/2012,2012,250000,5.397940009,DN14 7HT,D,N,8,Yes,4,1
04C37E04-4898-4999-BD40-8298B31235D0,06/06/2014,2014,180000,5.255272505,HU15 2XH,D,N,8,Yes,4,2
050615EA-E2CA-4287-A7DA-4FC1FCFC7752,30/10/2014,2014,188000,5.274157849,DN14 7SP,D,N,8,Yes,4,2
0515BAC6-2185-4E08-9937-98B9501AD9BA,16/03/2012,2012,167500,5.224014811,DN14 0QB,D,N,8,Yes,4,1
05622E36-CA18-4E34-AD4A-BF2E029C6B03,20/11/2013,2013,117000,5.068185862,DN14 5XX,D,N,8,Yes,3,1
0DC15911-DAD8-438C-9050-B13A38B6063A,11/09/2015,2015,132500,5.122215878,DN14 9JX,D,N,8,Yes,4,2
0ED7CC78-1860-4710-97F7-225877B83726,12/12/2013,2013,170000,5.230448921,YO8 6QS,D,N,8,Yes,4,1
10823929-A4A0-4F1C-8553-6EC91383E57F,17/01/2014,2014,157000,5.195899652,DN17 4ED,D,N,8,Yes,3,2
1192F9A7-F994-4D97-BB6D-4AAE1976FACC,08/09/2014,2014,119000,5.075546961,DN7 4HN,D,N,8,Yes,4,2
15091800-65FA-4BD2-816C-D91BBB3F0330,17/04/2014,2014,240000,5.380211242,DN14 7HB,D,N,8,Yes,3,2
15B1498C-6C36-4E45-8123-F7761D96991D,21/06/2013,2013,279995,5.447150276,DN14 5AG,D,Y,8,Yes,3,1
16E76C9F-8EFD-49C2-B217-9A3CD7D1863F,28/09/2012,2012,170000,5.230448921,DN14 7HT,D,N,8,Yes,4,1
1C82F9D5-CD8E-41C0-8059-D8F4C55040CB,07/03/2014,2014,143000,5.155336037,DN17 3BD,D,N,8,Yes,4,2
1CE516FD-67AB-4617-9088-2A018C408F98,10/07/2015,2015,373494,5.572283629,YO8 6QS,D,N,8,Yes,4,2
202FB24C-6884-4032-83F1-3CC80C557CE9,08/06/2012,2012,139000,5.1430148,DN17 3BD,D,N,8,Yes,4,1
23B6165E-5F32-FCF4-E050-A8C0620577FA,23/10/2015,2015,212500,5.327358934,DN17 4ED,D,N,8,Yes,3,2
23BB5E84-2E13-4812-9231-DABBE10638D8,27/05/2014,2014,285000,5.45484486,DN9 1WG,D,N,8,Yes,4,2
25EA59FA-1062-4D50-E050-A8C0630562D0,17/11/2015,2015,182500,5.261262869,YO8 6QS,D,N,8,Yes,4,2
25EA59FA-343D-4D50-E050-A8C0630562D0,09/11/2015,2015,115000,5.06069784,DN7 4HN,D,N,8,Yes,4,2
288DCE29-3A73-E510-E050-A8C06205480E,20/11/2015,2015,375000,5.574031268,DN9 1WG,D,N,8,Yes,4,2
288DCE29-8E20-E510-E050-A8C06205480E,04/12/2015,2015,236000,5.372912003,YO8 6QS,D,N,8,Yes,4,2
288DCE29-BEAA-E510-E050-A8C06205480E,27/11/2015,2015,116000,5.064457989,DN7 4HN,D,N,8,Yes,4,2
2A9655B6-3A85-45AD-88E8-D7AD5E996449,25/11/2011,2011,184000,5.264817823,DN15 9ER,D,N,8,Yes,4,1
2D1E4B26-63E3-FCD1-E050-A8C0630544EC,18/12/2015,2015,307500,5.48784512,DN9 1WG,D,N,8,Yes,4,2
2FD36065-9C47-4BF8-E050-A8C0620562B1,26/02/2016,2016,320000,5.505149978,DN9 1WG,D,N,8,Yes,4,2
30EC4E48-1C00-4A83-8838-7860D2A1A5E6,06/06/2011,2011,115000,5.06069784,DN14 5XX,D,N,8,Yes,3,1
31FB4C17-69FB-57B9-E050-A8C063053436,04/03/2016,2016,210000,5.322219295,DN14 8TD,D,N,8,Yes,3,2
34428D7E-1C5B-B86C-E050-A8C06205059C,17/05/2016,2016,220000,5.342422681,DN17 4JE,D,N,8,Yes,3,2
34428D7E-8855-B86C-E050-A8C06205059C,30/03/2016,2016,225000,5.352182518,DN7 5JJ,D,N,8,Yes,4,2
34C94207-C892-4277-8765-BC85356EDEF4,12/08/2014,2014,135000,5.130333768,DN15 9ER,D,N,8,Yes,4,2
369DFB15-CA5E-3A19-E050-A8C0620518C6,16/06/2016,2016,138000,5.139879086,DN17 3BD,D,N,8,Yes,4,2
369DFB16-155E-3A19-E050-A8C0620518C6,14/01/2016,2016,200000,5.301029996,YO8 6QS,D,N,8,Yes,4,2
39140479-BB8F-3206-E050-A8C063057647,08/07/2016,2016,140000,5.146128036,DN15 9ER,D,N,8,Yes,4,2
3914047A-72E5-3206-E050-A8C063057647,05/06/2015,2015,233000,5.367355921,HU15 2XH,D,N,8,Yes,4,2
3B7E0B8F-F357-EA99-E050-A8C062057E77,12/08/2016,2016,145000,5.161368002,DN14 6NP,D,N,8,Yes,3,2
3B7E0B8F-F4C2-EA99-E050-A8C062057E77,12/08/2016,2016,225000,5.352182518,DN17 4ED,D,N,8,Yes,3,2
3BA670A2-5350-478A-99F8-796D470986BB,30/05/2014,2014,100000,5,HU15 2XH,D,N,8,Yes,4,2
5CCA985D-B564-416E-82D9-0882CDC143AE,25/10/2013 00:00,2013,220000,5.342422681,DN9 1GX,D,N,,,4,1
3CB3EE76-BAD0-450B-ADBC-99A31ED40B21,13/03/2015,2015,95000,4.977723605,DN8 5NS,D,N,8,Yes,3,2
3E0330EF-DBDE-8D89-E050-A8C062052140,31/08/2016,2016,132000,5.120573931,DN14 8TD,D,N,8,Yes,3,2
3E0330EF-DC78-8D89-E050-A8C062052140,01/03/2016,2016,115000,5.06069784,DN17 3BD,D,N,8,Yes,4,2
404A5AF4-08F0-CD2B-E050-A8C063055C7B,17/10/2016,2016,189995,5.278742172,DN8 5NS,D,N,8,Yes,3,2
42A5A709-41D4-56E8-E050-A8C06205331E,28/10/2016,2016,143500,5.156851901,DN14 6NP,D,N,8,Yes,3,2
453D27A3-1A7C-EF91-E050-A8C0630574D7,24/10/2016,2016,172500,5.236789099,DN17 4ED,D,N,8,Yes,3,2
453D27A3-8D16-EF91-E050-A8C0630574D7,17/11/2016,2016,162000,5.209515015,DN7 4HN,D,N,8,Yes,4,2
457451B7-DF05-4946-9C5F-713296EDAE0F,28/04/2011,2011,200000,5.301029996,DN17 4ED,D,N,8,Yes,3,1
5CF9903B-FDBE-7F13-E053-6C04A8C074B1,05/10/2017 00:00,2017,250000,5.397940009,DN9 1JL,D,N,,,4,3
45CCFBF0-92E0-4DA9-B0C8-0067AF9AE32F,04/02/2011,2011,200000,5.301029996,HU15 2XH,D,N,8,Yes,4,1
47844C7F-DBFB-8986-E050-A8C063056488,17/11/2016,2016,135000,5.130333768,DN15 9ER,D,N,8,Yes,4,2
47844C7F-DBFF-8986-E050-A8C063056488,21/12/2016,2016,159000,5.201397124,DN17 4ED,D,N,8,Yes,3,2
47844C80-993C-8986-E050-A8C063056488,21/12/2016,2016,388000,5.588831726,DN14 7XD,D,N,8,Yes,4,2
5CF9903B-FEF0-7F13-E053-6C04A8C074B1,21/09/2017 00:00,2017,250000,5.397940009,DN9 1TL,D,N,,,4,3
47F5E439-0E97-4C62-90CC-2B4963557E1D,27/04/2012,2012,132500,5.122215878,DN14 9JX,D,N,8,Yes,4,1
4870619C-DBFC-4A37-976B-CDA86162763A,07/11/2014,2014,159000,5.201397124,DN17 3BD,D,N,8,Yes,4,2
491F402B-0012-4CA8-9F4E-3E7785508CA8,07/11/2014,2014,128000,5.10720997,DN7 6NE,D,N,8,Yes,4,2
49B7852A-87F6-7921-E050-A8C063056E8D,10/02/2017,2017,245000,5.389166084,DN7 5JZ,D,N,8,Yes,4,3
4B58773C-4DD2-4F22-A42C-3AFE0BC2FA95,30/01/2013,2013,269995,5.431355722,DN14 5AG,D,Y,8,Yes,3,1
4BF8E9B8-296D-4251-A426-CFE166774DB7,23/04/2014,2014,158000,5.198657087,DN17 4ED,D,N,8,Yes,3,2
4C4EDFFF-6CE1-1854-E050-A8C063054F34,28/03/2017,2017,96666,4.985273748,DN17 4JN,D,N,8,Yes,3,3
4E4E27D2-0909-4073-9B6A-952C1961E606,13/02/2015,2015,295000,5.469822016,DN14 7HB,D,N,8,Yes,3,2
4E95D757-7931-EDA1-E050-A8C0630539E2,31/03/2017,2017,216000,5.334453751,DN14 7HB,D,N,8,Yes,3,3
4E95D757-7942-EDA1-E050-A8C0630539E2,07/04/2017,2017,265000,5.423245874,DN14 7SL,D,N,8,Yes,4,3
4E95D757-DB0C-EDA1-E050-A8C0630539E2,10/04/2017,2017,230000,5.361727836,DN7 6NE,D,N,8,Yes,4,3
4E95D758-0C16-EDA1-E050-A8C0630539E2,30/03/2017,2017,199950,5.300921408,HU15 2XH,D,N,8,Yes,4,3
4E95D758-0C1A-EDA1-E050-A8C0630539E2,09/12/2016,2016,350000,5.544068044,HU15 2XH,D,N,8,Yes,4,2
50F18103-1C93-9FD5-E050-A8C063054923,05/05/2017,2017,580000,5.763427994,DN14 5JY,D,N,8,Yes,3,3
50F18103-1D8A-9FD5-E050-A8C063054923,28/04/2017,2017,226000,5.354108439,DN17 4ED,D,N,8,Yes,3,3
50F18103-C719-9FD5-E050-A8C063054923,05/05/2017,2017,180000,5.255272505,DN14 8TD,D,N,8,Yes,3,3
50F18103-C739-9FD5-E050-A8C063054923,05/05/2017,2017,192000,5.283301229,DN14 5LD,D,N,8,Yes,3,3
52694B67-B30A-4271-9C1C-39F6F107C8EB,05/07/2013,2013,115000,5.06069784,DN17 3BD,D,N,8,Yes,4,1
53CE123D-145F-48EC-A066-12176E7D2BEB,08/12/2011,2011,87000,4.939519253,DN17 4NZ,D,N,8,Yes,3,1
5425E4D2-F426-409A-962E-4DCFDA9539E7,30/01/2015,2015,148500,5.171726454,DN17 4ED,D,N,8,Yes,3,2
55BDCAE6-C2C5-521D-E053-6B04A8C0DD7A,20/07/2017,2017,160000,5.204119983,DN14 7SL,D,N,8,Yes,4,3
55BDCAE6-C2F6-521D-E053-6B04A8C0DD7A,14/07/2017,2017,187000,5.271841607,DN14 8TD,D,N,8,Yes,3,3
5A9D8B55-3821-68EB-E053-6B04A8C0D293,21/08/2017,2017,215000,5.33243846,DN9 1NJ,D,N,8,Yes,4,3
5A9D8B55-FD12-68EB-E053-6B04A8C0D293,18/08/2017,2017,520000,5.716003344,HU15 2XH,D,N,8,Yes,4,3
5C4F0CA4-B2D9-48CD-82E3-23E5F25CD820,19/01/2015,2015,130000,5.113943352,DN15 9ER,D,N,8,Yes,4,2
5D2040DA-A181-436E-8094-11902809DD48,16/12/2011,2011,120000,5.079181246,DN17 4NZ,D,Y,8,Yes,3,1
5F54B81D-33E4-2B45-E053-6B04A8C01FB0,27/10/2017,2017,230000,5.361727836,DN17 4ED,D,N,8,Yes,3,3
5F54B81E-08CF-2B45-E053-6B04A8C01FB0,24/10/2017,2017,365000,5.562292864,DN14 5SN,D,N,8,Yes,3,3
61B0A6C2-79BF-4592-A036-9BB3704267AA,17/08/2011,2011,179000,5.252853031,DN17 4ED,D,N,8,Yes,3,1
61D8894D-F677-3DE6-E053-6C04A8C01207,05/12/2017,2017,130000,5.113943352,DN17 3BD,D,N,8,Yes,4,3
65486724-E82A-420A-8176-0630932764E5,01/12/2011,2011,110000,5.041392685,DN17 4NZ,D,Y,8,Yes,3,1
65EEF230-871E-488B-BF31-F096F9C34546,16/12/2011,2011,165000,5.217483944,DN14 5LD,D,N,8,Yes,3,1
666758D6-E1A7-3363-E053-6B04A8C0D74E,29/01/2018,2018,275000,5.439332694,DN14 5LD,D,N,8,Yes,3,3
666758D7-509C-3363-E053-6B04A8C0D74E,22/01/2018,2018,155000,5.190331698,DN8 5NS,D,N,8,Yes,3,3
68FEB20B-8912-38DA-E053-6C04A8C051AE,02/03/2018,2018,279000,5.445604203,DN14 6UH,D,N,8,Yes,2,3
68FEB20B-8A5E-38DA-E053-6C04A8C051AE,02/02/2018,2018,197500,5.2955671,DN17 4GB,D,N,8,Yes,3,3
68FEB20B-8A83-38DA-E053-6C04A8C051AE,17/11/2017,2017,140000,5.146128036,DN17 3BD,D,N,8,Yes,4,3
6DA0844A-9E4E-30F2-E053-6B04A8C05F3B,04/05/2018,2018,250000,5.397940009,DN14 7SL,D,N,8,Yes,4,3
6DA0844A-9F4D-30F2-E053-6B04A8C05F3B,08/03/2018,2018,250000,5.397940009,DN14 5JY,D,N,8,Yes,3,3
7011B109-7093-8ED6-E053-6B04A8C075C1,12/06/2018,2018,345000,5.537819095,DN14 7HB,D,N,8,Yes,3,3
726BF13A-D2F0-0A46-E053-6C04A8C01D0D,08/06/2018,2018,169500,5.229169703,DN15 9ER,D,N,8,Yes,4,3
726BF13B-51BC-0A46-E053-6C04A8C01D0D,31/05/2018,2018,247900,5.394276527,DN7 6NE,D,N,8,Yes,4,3
726BF13B-92A6-0A46-E053-6C04A8C01D0D,23/03/2018,2018,290000,5.462397998,DN14 5AG,D,N,8,Yes,3,3
74BBB75B-5569-4376-9B56-8482BE1E1049,06/07/2012,2012,195500,5.291146762,DN14 7HB,D,N,8,Yes,3,1
75050A85-2CB7-9A88-E053-6B04A8C02390,03/08/2018,2018,150000,5.176091259,DN17 4JN,D,N,8,Yes,3,3
75050A85-F6CA-9A88-E053-6B04A8C02390,03/08/2018,2018,172500,5.236789099,DN14 5LD,D,N,8,Yes,3,3
75050A85-F726-9A88-E053-6B04A8C02390,27/04/2018,2018,315000,5.498310554,DN14 7SL,D,N,8,Yes,4,3
75050A85-F78F-9A88-E053-6B04A8C02390,18/05/2018,2018,285000,5.45484486,DN14 7XD,D,N,8,Yes,4,3
78D2610A-1AB5-4C5B-B639-1487D936F118,16/04/2014,2014,250000,5.397940009,HU15 2XH,D,N,8,Yes,4,2
79480C8B-7EE8-434B-8551-AC474E812A4A,22/07/2011,2011,185000,5.267171728,YO8 6QS,D,N,8,Yes,4,1
79A74E21-A267-1289-E053-6B04A8C01627,11/10/2018,2018,235000,5.371067862,DN15 9ER,D,N,8,Yes,4,3
79A74E21-A405-1289-E053-6B04A8C01627,01/10/2018,2018,233000,5.367355921,DN17 4ED,D,N,8,Yes,3,3
79A74E21-A484-1289-E053-6B04A8C01627,21/09/2018,2018,126500,5.102090526,DN14 5XX,D,N,8,Yes,3,3
79A74E21-FC33-1289-E053-6B04A8C01627,23/10/2018,2018,200000,5.301029996,YO8 6QS,D,N,8,Yes,4,3
7C2D0700-B1B8-4963-E053-6B04A8C07B97,26/10/2018,2018,455000,5.658011397,DN7 5JZ,D,N,8,Yes,4,3
7CE014C1-D944-41C6-9F0E-1DF64A7BBC39,22/08/2014,2014,527500,5.722222464,HU15 2XH,D,N,8,Yes,4,2
7D289186-DE10-4090-9E60-47D378C999BF,04/04/2013,2013,135000,5.130333768,DN17 4QT,D,N,8,Yes,3,1
802D532F-A21F-4388-AF13-378A0E59BABD,07/11/2014,2014,164950,5.21735232,DN17 3BD,D,N,8,Yes,4,2
80E1AA98-2A21-7BF8-E053-6C04A8C00BF2,19/12/2018,2018,190000,5.278753601,DN14 8TD,D,N,8,Yes,3,3
80E1AA98-AB00-7BF8-E053-6C04A8C00BF2,19/12/2018,2018,195000,5.290034611,DN8 5NS,D,N,8,Yes,3,3
85866A64-D167-143F-E053-6B04A8C06A15,11/03/2019,2019,217000,5.336459734,DN17 4ED,D,N,8,Yes,3,3
85866A65-7D50-143F-E053-6B04A8C06A15,31/01/2019,2019,185000,5.267171728,DN14 8TD,D,N,8,Yes,3,3
85E8557D-4C0E-455C-932D-864FEDE0FE5D,19/10/2012,2012,126500,5.102090526,DN14 6NP,D,N,8,Yes,3,1
87AF4F3F-6DAF-4D50-BAE0-9B2FBCC2D7AC,05/05/2015,2015,287500,5.458637849,HU15 2XH,D,N,8,Yes,4,2
87E1551E-3C1A-6405-E053-6C04A8C0B2EE,29/03/2019,2019,156500,5.194514342,DN15 9ER,D,N,8,Yes,4,3
891A7ABF-C0E3-48EB-A345-39A83C402FBC,20/03/2015,2015,225000,5.352182518,HU15 2XH,D,N,8,Yes,4,2
8A78B2AF-A1AA-5CB0-E053-6B04A8C0F504,26/04/2019,2019,337500,5.528273777,DN9 1WG,D,N,8,Yes,4,3
8CE73120-FE25-4A4A-BBC7-2C112E07C778,08/09/2014,2014,440000,5.643452676,DN9 1QL,D,N,8,Yes,4,2
8CF43ACB-86A4-4B4E-A679-6B99A3600A99,27/05/2011,2011,157500,5.197280558,YO8 6QS,D,N,8,Yes,4,1
8F1B26BD-C0BB-53DB-E053-6C04A8C03649,08/07/2019,2019,350000,5.544068044,DN9 1WG,D,N,8,Yes,4,3
919FEC05-4E76-9A90-E053-6C04A8C0A300,05/08/2019,2019,225000,5.352182518,DN17 4ED,D,N,8,Yes,3,3
919FEC05-CBE4-9A90-E053-6C04A8C0A300,06/08/2019,2019,310000,5.491361694,DN7 6NE,D,N,8,Yes,4,3
9251CB7A-1D84-42EE-B0B0-370E02ADCF47,08/05/2015,2015,134000,5.127104798,DN17 3BD,D,N,8,Yes,4,2
93A2340C-CB65-4460-97FB-FAC8734FBF8D,12/02/2015,2015,259995,5.414964996,DN14 5AG,D,Y,8,Yes,3,2
93E6821E-61E0-40FD-E053-6B04A8C0C1DF,05/04/2019,2019,152000,5.181843588,DN17 3BD,D,N,8,Yes,4,3
94D67927-61AE-4853-A579-424E217AE352,20/06/2013,2013,128700,5.109578547,DN14 5XX,D,N,8,Yes,3,1
950828BA-F627-453B-BC3C-232220C12CD9,27/09/2013,2013,189000,5.276461804,DN15 9ER,D,N,8,Yes,4,1
965B6D91-7417-95E4-E053-6C04A8C07729,04/09/2019,2019,175000,5.243038049,DN15 9ER,D,N,8,Yes,4,3
98C75471-E7AA-72E9-E053-6B04A8C042F0,16/08/2019,2019,185000,5.267171728,DN17 3BD,D,N,8,Yes,4,3
99012423-1A75-4649-BCE5-313F7AA91729,30/11/2012,2012,150000,5.176091259,DN17 4JN,D,N,8,Yes,3,1
9BDEFAFA-952A-4708-8DE7-4BC154A09524,09/12/2011,2011,118000,5.071882007,DN14 5XX,D,N,8,Yes,3,1
9C56E6EF-08D8-4AEF-A506-3B3A67704AE3,24/09/2013,2013,274995,5.439324797,DN14 5AG,D,Y,8,Yes,3,1
9DBAD221-C805-6EB3-E053-6B04A8C0F257,05/12/2019,2019,315000,5.498310554,DN14 7XD,D,N,8,Yes,4,3
5F54B81D-31DE-2B45-E053-6B04A8C01FB0,03/11/2017 00:00,2017,345000,5.537819095,DN9 1JZ,D,N,,,4,3
9DBAD221-CAE6-6EB3-E053-6B04A8C0F257,13/12/2019,2019,235000,5.371067862,DN14 7SP,D,N,8,Yes,4,3
A07826B4-8AD7-49AF-B0CB-FE1908BD1662,16/05/2014,2014,121500,5.084576278,DN14 8TD,D,N,8,Yes,3,2
A3E2F39E-CA6F-4905-8DC8-A2225ABFDEB8,20/02/2015,2015,170000,5.230448921,DN9 1NJ,D,N,8,Yes,4,2
A96E4ACC-319D-9205-E053-6C04A8C0DA09,24/10/2019,2019,175000,5.243038049,DN17 3BD,D,N,8,Yes,4,3
B00870B8-4D7B-446C-8ED3-D4D1EEADAEFE,25/05/2012,2012,179950,5.255151851,DN14 5NQ,D,N,8,Yes,3,1
B31CABC0-1EC4-46F8-B129-F4DD836466CF,07/10/2011,2011,245000,5.389166084,DN14 7HB,D,N,8,Yes,3,1
B43678EE-7B6C-43B5-AA76-8CA1119B8795,30/11/2012,2012,165000,5.217483944,DN14 5LD,D,N,8,Yes,3,1
B91ECECC-E6A4-463F-9C3A-961DC89070C1,08/08/2012,2012,220000,5.342422681,YO8 6QS,D,N,8,Yes,4,1
BD52A2E8-F878-46F1-B3AF-8794149D7F39,23/03/2012,2012,165000,5.217483944,DN17 3BD,D,N,8,Yes,4,1
C101CD54-2DE6-4C3E-B943-05AEEA9B28DB,12/06/2014,2014,342750,5.534977463,DN14 7XD,D,N,8,Yes,4,2
C2C34712-F51D-440F-96D1-9855A8BFD579,09/08/2012,2012,375000,5.574031268,DN14 5JY,D,N,8,Yes,3,1
C383B9B4-B5E9-4D15-BECE-6EC84A432688,04/10/2013,2013,325000,5.511883361,DN14 7HB,D,N,8,Yes,3,1
C43414E5-1890-4F38-AD39-0559F730CC0F,23/12/2011,2011,120000,5.079181246,DN17 4NZ,D,N,8,Yes,3,1
C9CB5D29-DA5A-4AB1-A04B-69D398A68E5A,10/01/2014,2014,233000,5.367355921,DN14 7XD,D,N,8,Yes,4,2
CA7E718D-0FBA-44B4-8119-316A7FE8DB8F,20/08/2014,2014,240000,5.380211242,DN14 7HT,D,N,8,Yes,4,2
CC6B9D08-9ED0-45F9-8403-F1108CBB9CF0,23/03/2012,2012,157500,5.197280558,DN17 4ED,D,N,8,Yes,3,1
CD35DC8B-6470-450A-9632-5C22717A94F9,21/02/2012,2012,120000,5.079181246,DN15 9ER,D,N,8,Yes,4,1
D04D66B2-3FC2-40EB-9F0A-A90C06D2D20A,19/06/2013,2013,279995,5.447150276,DN14 5AG,D,N,8,Yes,3,1
D3F6520D-DAF7-4B45-B50F-031110D7EBDC,11/05/2011,2011,235000,5.371067862,DN14 7HT,D,N,8,Yes,4,1
DA706AD7-C76E-4416-9001-977CC0E0FE36,03/10/2014,2014,310000,5.491361694,YO8 6QS,D,N,8,Yes,4,2
DB547B1C-5888-47E0-9FF1-5EDAB3F58FEC,09/01/2015,2015,108000,5.033423755,DN17 3BD,D,N,8,Yes,4,2
DB9DE01C-0A92-4B6E-86CC-F952D1FC3931,03/10/2011,2011,150000,5.176091259,DN9 1NJ,D,N,8,Yes,4,1
DF96C69A-5572-48AE-9EF3-609ACDF08934,28/11/2013,2013,326000,5.5132176,DN14 5SN,D,N,8,Yes,3,1
DFF48DA9-DFB3-44C7-8B65-E25F275C7853,05/05/2011,2011,220000,5.342422681,DN14 7HB,D,N,8,Yes,3,1
E1DF5C77-1357-458B-A34F-2A786C6B24E4,08/12/2011,2011,110000,5.041392685,DN17 4NZ,D,Y,8,Yes,3,1
E33BB3A3-4346-4BDC-862D-894E0346F377,13/05/2013,2013,135000,5.130333768,DN7 6NE,D,N,8,Yes,4,1
E8D56F08-10B2-4A2B-AA1E-2706E3643DB3,08/05/2015,2015,155000,5.190331698,DN14 8TD,D,N,8,Yes,3,2
E98BB918-3B49-4E59-95AF-0B6D845363D5,08/04/2015,2015,205000,5.311753861,DN14 6UH,D,N,8,Yes,2,2
5F54B81D-34F4-2B45-E053-6B04A8C01FB0,14/09/2017 00:00,2017,225000,5.352182518,DN9 1JL,D,N,,,4,3
EC42FB8A-DD85-4CC4-A351-A08809D19B9B,22/12/2011,2011,162500,5.210853365,DN9 1NJ,D,N,8,Yes,4,1
ED3BC55A-37F8-4C39-BD9F-44C9059961AB,01/05/2015,2015,124500,5.095169351,DN14 6NP,D,N,8,Yes,3,2
FC59BA9F-BA94-4661-A964-3220445CA197,01/05/2015,2015,285000,5.45484486,DN9 1WG,D,N,8,Yes,4,2
04FA0023-3F6F-449F-BCDA-1EB2829F6A5D,11/04/2014,2014,160000,5.204119983,DN8 5UL,D,N,7,Yes,3,2
06EB6450-4086-467C-9EEB-75E0C1972B9E,02/02/2015,2015,117000,5.068185862,DN7 6LU,D,N,7,Yes,4,2
0C6FC589-EAA5-4DEF-BF1F-F726D26E896F,27/06/2013,2013,120000,5.079181246,DN8 4SE,D,N,7,Yes,3,1
0EBA7606-999E-4E33-951B-8BE55855BC1E,14/08/2015,2015,195000,5.290034611,DN9 1RY,D,N,7,Yes,4,2
15859B89-47EA-46B5-B82B-A3A686D0F1D3,27/09/2013,2013,250000,5.397940009,DN17 4SA,D,N,7,Yes,4,1
1B87ABC3-3ECA-4243-A6BD-0F36B71D6951,09/11/2012,2012,221300,5.344981414,DN14 8QF,D,N,7,Yes,3,1
1F9C40C3-A5E1-4C61-8C38-125274112D09,08/04/2013,2013,193500,5.286680969,DN17 4SA,D,N,7,Yes,4,1
23B6165E-5F00-FCF4-E050-A8C0620577FA,14/09/2015,2015,195000,5.290034611,DN9 1RY,D,N,7,Yes,4,2
23B6165E-6005-FCF4-E050-A8C0620577FA,24/08/2015,2015,92000,4.963787827,DN17 4SA,D,N,7,Yes,4,2
23B6165E-6031-FCF4-E050-A8C0620577FA,18/09/2015,2015,250000,5.397940009,DN17 4LR,D,N,7,Yes,3,2
25EA59F9-CD95-4D50-E050-A8C0630562D0,30/10/2015,2015,110000,5.041392685,DN9 1TA,D,N,7,Yes,4,2
25EA59FA-0F1D-4D50-E050-A8C0630562D0,12/10/2015,2015,229000,5.359835482,YO8 6RH,D,N,7,Yes,4,2
25EA59FA-103A-4D50-E050-A8C0630562D0,15/10/2015,2015,286000,5.456366033,DN14 0RE,D,N,7,Yes,4,2
288DCE29-39A1-E510-E050-A8C06205480E,27/10/2015,2015,170000,5.230448921,DN9 1RY,D,N,7,Yes,4,2
2A289EA1-200E-CDC8-E050-A8C063054829,16/05/2011,2011,176941,5.247828477,YO8 6NN,D,N,7,Yes,4,1
2A961B17-5F41-4BCD-8D50-F60CDB2BBF40,26/09/2014,2014,207000,5.315970345,DN17 4LR,D,N,7,Yes,3,2
2D1E4B26-AB72-FCD1-E050-A8C0630544EC,18/12/2015,2015,275000,5.439332694,YO8 6RH,D,N,7,Yes,4,2
2FD36065-9BC5-4BF8-E050-A8C0620562B1,02/03/2016,2016,265000,5.423245874,DN9 1WA,D,N,7,Yes,4,2
2FD36066-106A-4BF8-E050-A8C0620562B1,23/02/2016,2016,170000,5.230448921,DN7 4LD,D,N,7,Yes,4,2
30DA7DD9-8BF9-4E17-83C6-C610108AF945,30/05/2014,2014,98000,4.991226076,DN8 4LF,D,N,7,Yes,3,2
31FB4C17-6A29-57B9-E050-A8C063053436,02/03/2016,2016,190000,5.278753601,DN9 1RY,D,N,7,Yes,4,2
31FB4C17-6BDF-57B9-E050-A8C063053436,30/03/2016,2016,205000,5.311753861,DN14 8QF,D,N,7,Yes,3,2
31FB4C18-02F9-57B9-E050-A8C063053436,31/03/2016,2016,130000,5.113943352,DN8 4SE,D,N,7,Yes,3,2
34428D7E-1DE0-B86C-E050-A8C06205059C,29/04/2016,2016,124000,5.093421685,DN17 3BE,D,N,7,Yes,4,2
36DC3D81-004A-4056-91F6-74F0F50D6266,15/07/2011,2011,212000,5.326335861,YO8 6RH,D,N,7,Yes,4,1
38EEDDB8-010B-4D60-AC03-55B664064A0A,21/02/2011,2011,173685,5.239762313,DN17 3NQ,D,N,7,Yes,4,1
39140479-BC52-3206-E050-A8C063057647,04/07/2016,2016,357500,5.553276046,DN17 4LR,D,N,7,Yes,3,2
39140479-BC9E-3206-E050-A8C063057647,16/06/2016,2016,175000,5.243038049,DN17 4LR,D,N,7,Yes,3,2
3914047A-37D0-3206-E050-A8C063057647,09/06/2016,2016,132500,5.122215878,DN8 5RG,D,N,7,Yes,4,2
3B7E0B8F-F47D-EA99-E050-A8C062057E77,08/07/2016,2016,195000,5.290034611,DN9 1RY,D,N,7,Yes,4,2
3E0330EF-DC82-8D89-E050-A8C062052140,19/08/2016,2016,170000,5.230448921,DN17 4LR,D,N,7,Yes,3,2
404A5AF3-DBD6-CD2B-E050-A8C063055C7B,30/09/2016,2016,288000,5.459392488,YO8 6NZ,D,N,7,Yes,4,2
46B155F0-72A0-4F10-B638-DD91DC3BA93A,24/10/2014,2014,220000,5.342422681,DN9 1RY,D,N,7,Yes,4,2
4A20B068-E833-46B6-B468-E8FC0A738A43,14/12/2012,2012,86000,4.934498451,DN8 4SE,D,N,7,Yes,3,1
4C4EDFFF-6EAA-1854-E050-A8C063054F34,24/02/2017,2017,180000,5.255272505,DN9 1RY,D,N,7,Yes,4,3
4C4EDFFF-EDE8-1854-E050-A8C063054F34,24/03/2017,2017,167500,5.224014811,DN7 4DQ,D,N,7,Yes,4,3
4E95D757-DD3B-EDA1-E050-A8C0630539E2,15/02/2017,2017,225000,5.352182518,DN8 5RG,D,N,7,Yes,4,3
50F18103-1E9F-9FD5-E050-A8C063054923,24/03/2017,2017,185000,5.267171728,DN17 4LR,D,N,7,Yes,3,3
52BEB71A-FAFF-4EF0-9DD4-07DDCD4122BA,15/08/2011,2011,117300,5.069298012,DN17 4SA,D,N,7,Yes,4,1
5376B385-804F-34C1-E053-6B04A8C09FF6,06/06/2017,2017,179950,5.255151851,DN9 1RY,D,N,7,Yes,4,3
5376B385-81B0-34C1-E053-6B04A8C09FF6,14/06/2017,2017,150000,5.176091259,DN17 4SA,D,N,7,Yes,4,3
5376B385-FD47-34C1-E053-6B04A8C09FF6,25/05/2017,2017,141000,5.149219113,DN8 4SE,D,N,7,Yes,3,3
546AB8B3-0740-4B24-B825-532065D869C7,16/04/2013,2013,215000,5.33243846,YO8 6RH,D,N,7,Yes,4,1
55BDCAE6-0710-521D-E053-6B04A8C0DD7A,21/06/2017,2017,162000,5.209515015,DN17 4LR,D,N,7,Yes,3,3
582D0637-0C82-8F22-E053-6C04A8C01BAC,31/07/2017,2017,280000,5.447158031,DN17 4LR,D,N,7,Yes,3,3
59D5E748-B0DC-427B-9202-31B54BA2A6F0,27/09/2013,2013,147500,5.16879202,DN17 4SA,D,N,7,Yes,4,1
5A59B6CA-9519-44FE-801F-EC15BE2EAC40,18/03/2015,2015,260000,5.414973348,DN7 6LU,D,N,7,Yes,4,2
5A9D8B55-397B-68EB-E053-6B04A8C0D293,25/08/2017,2017,215000,5.33243846,DN17 4SA,D,N,7,Yes,4,3
5CF9903B-FD78-7F13-E053-6C04A8C074B1,27/09/2017,2017,175000,5.243038049,DN14 6JS,D,N,7,Yes,3,3
61D8894E-8CDF-3DE6-E053-6C04A8C01207,29/09/2017,2017,390000,5.591064607,YO8 6EW,D,N,7,Yes,4,3
654DBCF7-A7C7-421B-B890-69A3443FA49A,09/04/2014,2014,125000,5.096910013,DN9 1TA,D,N,7,Yes,4,2
67A94732-F123-472A-8D22-28533C10AAA9,05/04/2012,2012,210000,5.322219295,DN9 1RY,D,N,7,Yes,4,1
682D1237-4F1F-4922-B443-51404D5CA466,22/07/2011,2011,310000,5.491361694,DN14 8LD,D,N,7,Yes,3,1
6846D956-E3B5-4100-A5D2-E6E6EEE44156,26/08/2011,2011,150000,5.176091259,DN17 3BE,D,N,7,Yes,4,1
68D7952A-4CAC-44E9-B388-C50039B832B1,12/12/2013,2013,235000,5.371067862,DN14 7PG,D,N,7,Yes,3,1
68FEB20C-3991-38DA-E053-6C04A8C051AE,19/12/2017,2017,229000,5.359835482,DN14 8QF,D,N,7,Yes,3,3
6B32222C-E1B7-01F1-E053-6C04A8C0D2C8,28/03/2018,2018,220000,5.342422681,DN14 7DW,D,N,7,Yes,3,3
7011B109-E254-8ED6-E053-6B04A8C075C1,04/05/2018,2018,126000,5.100370545,DN8 4SE,D,N,7,Yes,3,3
7011B109-E2FB-8ED6-E053-6B04A8C075C1,25/05/2018,2018,205000,5.311753861,DN8 5RG,D,N,7,Yes,4,3
714E9E8F-7014-4046-A8FF-B0CE1D02E8AD,01/11/2013,2013,182000,5.260071388,DN8 5RG,D,N,7,Yes,4,1
74A82215-A9F4-4368-B2CA-050DBD13F15B,02/09/2011,2011,175000,5.243038049,DN17 4SA,D,N,7,Yes,4,1
75050A85-2ECB-9A88-E053-6B04A8C02390,30/07/2018,2018,316000,5.499687083,DN9 1WA,D,N,7,Yes,4,3
75050A85-F76E-9A88-E053-6B04A8C02390,21/06/2018,2018,260000,5.414973348,DN14 7DW,D,N,7,Yes,3,3
773788C2-B4A8-2CE4-E053-6C04A8C05E57,15/06/2018,2018,152000,5.181843588,DN17 3BE,D,N,7,Yes,4,3
79284CC2-865A-410A-B563-1B4D686E8A55,15/08/2012,2012,140000,5.146128036,DN9 1TA,D,N,7,Yes,4,1
79A74E22-7806-1289-E053-6B04A8C01627,19/10/2018,2018,190000,5.278753601,DN14 5JR,D,N,7,Yes,3,3
7BA9B503-3763-4FB4-9093-D69FC3AE9269,26/11/2013,2013,100000,5,DN9 1TA,D,N,7,Yes,4,1
7E86B6FA-E4A2-458C-E053-6B04A8C0C84C,06/12/2018,2018,290000,5.462397998,YO8 6EW,D,N,7,Yes,4,3
61D8894D-F71C-3DE6-E053-6C04A8C01207,31/08/2017 00:00,2017,100000,5,DN9 1GJ,D,Y,,,4,3
7E86B6FB-9604-458C-E053-6B04A8C0C84C,18/12/2018,2018,375000,5.574031268,DN14 7DW,D,N,7,Yes,3,3
80E1AA98-291B-7BF8-E053-6C04A8C00BF2,19/12/2018,2018,245000,5.389166084,DN14 7PG,D,N,7,Yes,3,3
814F993D-DC18-417B-AEB1-E4C69F9E1D91,08/12/2014,2014,140000,5.146128036,DN7 6LU,D,N,7,Yes,4,2
85CBB4BE-4E19-433F-8936-3BD0510D519E,23/11/2011,2011,170000,5.230448921,DN9 1RY,D,N,7,Yes,4,1
87E1551E-9CF0-6405-E053-6C04A8C0B2EE,04/04/2019,2019,210000,5.322219295,DN7 6EY,D,N,7,Yes,4,3
8A78B2AF-E770-5CB0-E053-6B04A8C0F504,03/05/2019,2019,327500,5.515211304,YO8 6NN,D,N,7,Yes,4,3
8CAC1318-EF10-0253-E053-6B04A8C08E51,27/03/2019,2019,349950,5.544005998,DN14 7PG,D,Y,7,Yes,3,3
8D03F647-2112-4347-A4B9-D80BD8B8C291,27/11/2013,2013,150000,5.176091259,DN14 5PE,D,N,7,Yes,3,1
8D47FD12-5F1C-4516-82FB-A304EF6878EA,22/02/2013,2013,125000,5.096910013,DN8 4LF,D,N,7,Yes,3,1
8F50C2B3-E148-401E-B76D-2F1E62280212,18/08/2011,2011,305000,5.484299839,DN14 8LD,D,N,7,Yes,3,1
919FEC06-0740-9A90-E053-6C04A8C0A300,16/08/2019,2019,190000,5.278753601,DN14 6JS,D,N,7,Yes,3,3
93E6821E-AD4C-40FD-E053-6B04A8C0C1DF,22/08/2019,2019,315000,5.498310554,YO8 6NR,D,N,7,Yes,4,3
93E6821F-167D-40FD-E053-6B04A8C0C1DF,29/08/2019,2019,415000,5.618048097,DN14 7PG,D,Y,7,Yes,3,3
94C812C1-D020-4C95-8685-E9B274D36ED4,05/02/2014,2014,410000,5.612783857,DN7 6EY,D,N,7,Yes,4,2
965B6D92-2F34-95E4-E053-6C04A8C07729,18/02/2019,2019,330000,5.51851394,DN14 8LD,D,N,7,Yes,3,3
96B55367-379A-4BCB-8F68-AD20BCC1887F,17/01/2012,2012,110000,5.041392685,DN17 3BE,D,N,7,Yes,4,1
98C75471-E751-72E9-E053-6B04A8C042F0,18/10/2019,2019,167000,5.222716471,DN17 3BE,D,N,7,Yes,4,3
9B361206-500C-1904-E053-6B04A8C0EEB5,12/12/2019,2019,115000,5.06069784,DN9 1TA,D,N,7,Yes,4,3
9B361206-5137-1904-E053-6B04A8C0EEB5,06/11/2019,2019,165000,5.217483944,DN17 3BE,D,N,7,Yes,4,3
A72DAEA8-0111-4F55-AF7F-B327793E3A9C,02/05/2013,2013,85000,4.929418926,DN8 4SE,D,N,7,Yes,3,1
A9E0AA19-C168-41DE-BAC2-6D7AFA5C40FE,27/08/2013,2013,230000,5.361727836,DN14 7DW,D,N,7,Yes,3,1
AEB8BC19-8E20-4AE6-9D16-D96ED3ECDFFE,22/06/2015,2015,200000,5.301029996,DN17 4SA,D,N,7,Yes,4,2
B32EBB14-18FD-3C99-E053-6C04A8C09CA1,30/08/2019,2019,530000,5.72427587,DN14 7PG,D,Y,7,Yes,3,3
B5755FFE-4800-7D01-E053-6C04A8C036B6,28/06/2019,2019,332500,5.52179165,YO8 6SZ,D,N,7,Yes,4,3
B5755FFE-4802-7D01-E053-6C04A8C036B6,31/07/2015,2015,307500,5.48784512,YO8 6SZ,D,N,7,Yes,4,2
B5CA5427-672C-4C68-9E73-7E471E92E03A,19/05/2015,2015,250000,5.397940009,DN8 5RG,D,N,7,Yes,4,2
BE90E412-2683-4EC6-A09F-E0D876827F31,21/11/2014,2014,136000,5.133538908,DN9 1TA,D,N,7,Yes,4,2
C4D1F28E-D10D-4959-ABC5-47AF689769F2,09/01/2015,2015,195000,5.290034611,DN9 1RY,D,N,7,Yes,4,2
D27723A0-7480-4CCF-A3BB-37C09A9FB833,24/07/2015,2015,212000,5.326335861,DN17 4SA,D,N,7,Yes,4,2
DB0607E4-15C9-4B95-9143-6EBA0D284117,23/10/2014,2014,135000,5.130333768,DN7 6LU,D,N,7,Yes,4,2
DB5B3CC4-90BF-4276-AED8-CB243F1D8AB5,31/07/2015,2015,216000,5.334453751,DN7 6BG,D,N,7,Yes,4,2
E3E477A5-76B6-4325-B970-EB9E65C2A053,28/03/2014,2014,210000,5.322219295,DN9 1RY,D,N,7,Yes,4,2
E50B23A8-90CD-4AF7-B876-9EE9986F73CC,17/09/2015,2015,192500,5.284430734,DN9 1RY,D,N,7,Yes,4,2
E63330E5-4DB5-4A0A-868C-F6F37F3EBD75,15/11/2012,2012,190000,5.278753601,DN7 4DQ,D,N,7,Yes,4,1
E8B9DF0B-8CDF-4993-BCF0-42B6F8B823C5,05/06/2015,2015,240000,5.380211242,DN17 4LR,D,N,7,Yes,3,2
6272CF66-AFB6-4126-85CF-22094B05B54E,13/05/2015 00:00,2015,218000,5.338456494,DN9 1TL,D,N,,,4,2
E940C0C1-9D58-4537-925F-9F4F336B9867,20/01/2012,2012,187500,5.273001272,DN14 6JS,D,N,7,Yes,3,1
F299635B-AEA0-473F-93F3-28A0ECF0B428,07/12/2012,2012,282000,5.450249108,DN7 6NL,D,N,7,Yes,4,1
F2FE56F9-5139-4DD5-9692-12803F771465,04/03/2011,2011,300000,5.477121255,DN9 1WA,D,N,7,Yes,4,1
F47AA3A0-D337-4B36-A567-E10B3904EA03,01/09/2015,2015,170000,5.230448921,DN14 5PE,D,N,7,Yes,3,2
F5D4655A-4A34-47DC-A275-93E9213042D4,01/05/2015,2015,160000,5.204119983,DN9 1RY,D,N,7,Yes,4,2
FAFCD515-8D1C-4630-B9E5-4DC962D021A7,17/01/2012,2012,110000,5.041392685,DN17 3BE,D,N,7,Yes,4,1
01B88127-9950-46C8-9978-98C6ACDCB777,20/03/2015,2015,270000,5.431363764,DN17 4NR,D,N,6,Yes,3,2
0399FCA8-2B42-4231-939E-B938E4CBC3E8,23/08/2013,2013,190000,5.278753601,DN17 4NR,D,N,6,Yes,3,1
0437BFC1-120A-4204-9765-C98DB263661D,14/02/2014,2014,113950,5.05671433,DN7 6AL,D,N,6,Yes,4,2
073953CD-326C-4222-87A8-8368002B3F94,10/10/2014,2014,170000,5.230448921,DN17 3UT,D,N,6,Yes,4,2
0F10A51F-AE82-458D-9178-A79CEA068CDF,21/04/2011,2011,125000,5.096910013,DN7 6RJ,D,N,6,Yes,4,1
159CC59E-04A4-4805-859B-E5CC656AF991,11/11/2013,2013,275000,5.439332694,DN14 9TG,D,N,6,Yes,4,1
173DBABD-B593-4F82-A451-7B898853D497,26/09/2014,2014,200000,5.301029996,DN14 0DX,D,N,6,Yes,4,2
1A22D747-A316-446E-92E9-E38DAC9F3932,27/10/2011,2011,155000,5.190331698,DN7 4BN,D,N,6,Yes,4,1
21BAA32F-81DA-4289-B532-814AC709E1F4,27/03/2015,2015,80000,4.903089987,DN7 6SN,D,N,6,Yes,4,2
23B6165E-5D36-FCF4-E050-A8C0620577FA,28/09/2015,2015,165000,5.217483944,DN17 4NR,D,N,6,Yes,3,2
24F8610B-834C-4FEE-8460-E77E768016BD,14/05/2012,2012,210000,5.322219295,DN14 0DW,D,N,6,Yes,4,1
25EA59FA-6B00-4D50-E050-A8C0630562D0,16/10/2015,2015,314000,5.496929648,DN14 0DW,D,N,6,Yes,4,2
288DCE29-39E5-E510-E050-A8C06205480E,13/11/2015,2015,225000,5.352182518,DN8 5TB,D,N,6,Yes,4,2
288DCE2A-032B-E510-E050-A8C06205480E,03/12/2015,2015,156000,5.193124598,DN14 8FB,D,N,6,Yes,2,2
2A9BD5A8-1143-4303-B057-BCA4FC1D5032,26/06/2015,2015,355000,5.550228353,DN14 5NZ,D,N,6,Yes,3,2
2AC10E50-500B-1AF6-E050-A8C063052BA1,08/01/2016,2016,240000,5.380211242,DN14 0DX,D,N,6,Yes,4,2
2D1E4B26-AAA7-FCD1-E050-A8C0630544EC,12/02/2016,2016,382500,5.582631439,YO8 6NU,D,N,6,Yes,4,2
2D1E4B27-10B2-FCD1-E050-A8C0630544EC,15/02/2016,2016,236000,5.372912003,DN14 8RX,D,N,6,Yes,3,2
2FD36066-4AE7-4BF8-E050-A8C0620562B1,26/02/2016,2016,155000,5.190331698,DN14 0EZ,D,N,6,Yes,4,2
2FE05582-24AF-4D91-B101-9038C093A900,16/01/2015,2015,166000,5.220108088,DN14 0RA,D,N,6,Yes,4,2
30DCEF12-96F8-43DC-BA04-6A28342CADBB,30/07/2012,2012,200000,5.301029996,DN14 8RX,D,N,6,Yes,3,1
31D512E8-43AA-4EFC-B9D3-A8A217AE9537,23/07/2015,2015,480000,5.681241237,YO8 6PF,D,N,6,Yes,4,2
31FB4C17-CB54-57B9-E050-A8C063053436,31/03/2016,2016,200000,5.301029996,DN14 0QU,D,N,6,Yes,4,2
33C06A70-BB00-43D7-8579-59598F86624C,17/11/2011,2011,290000,5.462397998,DN17 4NR,D,N,6,Yes,3,1
34428D7E-1C51-B86C-E050-A8C06205059C,22/04/2016,2016,199000,5.298853076,DN17 4NR,D,N,6,Yes,3,2
34428D7E-8980-B86C-E050-A8C06205059C,15/04/2016,2016,95000,4.977723605,DN8 4SW,D,N,6,Yes,3,2
369DFB16-125E-3A19-E050-A8C0620518C6,26/05/2016,2016,155000,5.190331698,DN14 0RA,D,N,6,Yes,4,2
390C55D9-8ADB-42AF-9AA2-C139E4214878,07/10/2013,2013,390000,5.591064607,YO8 8PW,D,N,6,Yes,3,1
39140479-BD5B-3206-E050-A8C063057647,14/10/2015,2015,250000,5.397940009,DN8 5TB,D,N,6,Yes,4,2
3914047A-0798-3206-E050-A8C063057647,30/06/2016,2016,425000,5.62838893,YO8 6NU,D,N,6,Yes,4,2
3A652868-6DA6-45AB-8147-59229D4CE932,26/09/2014,2014,270000,5.431363764,DN14 7DS,D,N,6,Yes,3,2
3B7E0B8F-F2AC-EA99-E050-A8C062057E77,28/06/2016,2016,234000,5.369215857,DN14 9RG,D,N,6,Yes,4,2
3B7E0B8F-F2C0-EA99-E050-A8C062057E77,28/07/2016,2016,210000,5.322219295,DN14 0DW,D,N,6,Yes,4,2
3B7E0B90-B4E3-EA99-E050-A8C062057E77,02/08/2016,2016,255000,5.40654018,DN14 5SL,D,N,6,Yes,3,2
3B7E0B90-B52B-EA99-E050-A8C062057E77,15/07/2016,2016,237500,5.375663614,DN14 8RX,D,N,6,Yes,3,2
3E0330EF-DA29-8D89-E050-A8C062052140,19/08/2016,2016,190000,5.278753601,DN17 4NR,D,N,6,Yes,3,2
3E0330F0-6021-8D89-E050-A8C062052140,14/09/2016,2016,225000,5.352182518,DN8 4SS,D,N,6,Yes,3,2
3EF6F289-047A-48AC-9DE8-772D0F3FA356,04/02/2011,2011,250000,5.397940009,YO8 6NU,D,N,6,Yes,4,1
4032EAA7-24A4-4299-9CDD-2CF2C6BE2E86,29/07/2011,2011,133000,5.123851641,DN14 0EZ,D,N,6,Yes,4,1
404A5AF3-DEFA-CD2B-E050-A8C063055C7B,21/10/2016,2016,326500,5.513883186,YO8 6NU,D,N,6,Yes,4,2
404A5AF4-0A32-CD2B-E050-A8C063055C7B,30/09/2016,2016,100000,5,DN8 4AQ,D,N,6,Yes,3,2
43DD7270-FEFF-46EA-AC67-A2B36E93BC1A,04/07/2014,2014,225000,5.352182518,DN14 0DW,D,N,6,Yes,4,2
442FBF62-91C0-4C34-832F-AEBC81EDD444,16/01/2015,2015,242500,5.384711743,YO8 6NU,D,N,6,Yes,4,2
453D27A3-6447-EF91-E050-A8C0630574D7,16/12/2016,2016,225000,5.352182518,YO8 6NU,D,N,6,Yes,4,2
453D27A3-CAB6-EF91-E050-A8C0630574D7,21/11/2016,2016,275000,5.439332694,DN14 5SL,D,N,6,Yes,3,2
47844C7F-DB37-8986-E050-A8C063056488,15/12/2016,2016,255000,5.40654018,DN14 0DX,D,N,6,Yes,4,2
47844C80-5A42-8986-E050-A8C063056488,20/01/2017,2017,250000,5.397940009,DN8 4SS,D,N,6,Yes,3,3
487959C3-97D4-44D9-B3EE-3221D91AB510,30/01/2012,2012,114000,5.056904851,DN14 8FB,D,N,6,Yes,2,1
48EE858C-AD55-4574-839F-2BEED1E6CB2B,25/09/2013,2013,70000,4.84509804,DN7 5DY,D,N,6,Yes,4,1
49B7852A-14A1-7921-E050-A8C063056E8D,03/02/2017,2017,180000,5.255272505,DN9 1LT,D,N,6,Yes,4,3
49B7852A-14B8-7921-E050-A8C063056E8D,24/01/2017,2017,212500,5.327358934,DN14 7BL,D,N,6,Yes,4,3
49B7852A-BCC4-7921-E050-A8C063056E8D,31/01/2017,2017,150000,5.176091259,DN14 8FB,D,N,6,Yes,2,3
4A279EA7-2D50-49DC-B9FF-A4985D9BDD1A,05/12/2014,2014,124500,5.095169351,DN7 4LH,D,N,6,Yes,4,2
4BD9193C-D9E8-4807-AFE4-3574D5ADB602,17/07/2015,2015,225000,5.352182518,DN14 0RA,D,N,6,Yes,4,2
4DCBE3F2-4EA2-4ED7-AB09-2542FECEE003,13/04/2015,2015,126000,5.100370545,DN7 4JR,D,N,6,Yes,4,2
50F18103-1C97-9FD5-E050-A8C063054923,18/05/2017,2017,195000,5.290034611,DN14 0EZ,D,N,6,Yes,4,3
50F18103-1E3F-9FD5-E050-A8C063054923,16/01/2017,2017,205000,5.311753861,DN8 5TB,D,N,6,Yes,4,3
55BDCAE6-06E4-521D-E053-6B04A8C0DD7A,14/07/2017,2017,178000,5.250420002,DN17 3DR,D,N,6,Yes,4,3
55BDCAE6-5628-521D-E053-6B04A8C0DD7A,19/06/2017,2017,477500,5.678973376,YO8 6NU,D,N,6,Yes,4,3
55BDCAE6-84AF-521D-E053-6B04A8C0DD7A,30/06/2017,2017,180000,5.255272505,DN8 4SS,D,N,6,Yes,3,3
55BDCAE6-C2A5-521D-E053-6B04A8C0DD7A,20/07/2017,2017,236000,5.372912003,DN14 8RX,D,N,6,Yes,3,3
55BDCAE6-C35A-521D-E053-6B04A8C0DD7A,13/07/2017,2017,245000,5.389166084,DN14 7DS,D,N,6,Yes,3,3
582D0637-0B6F-8F22-E053-6C04A8C01BAC,04/08/2017,2017,295000,5.469822016,DN9 1LT,D,N,6,Yes,4,3
582D0637-608F-8F22-E053-6C04A8C01BAC,27/07/2017,2017,245000,5.389166084,DN14 0RA,D,N,6,Yes,4,3
58ECD30E-69F9-4F26-940D-7AB7661AEDF1,03/06/2011,2011,140000,5.146128036,DN14 8FB,D,N,6,Yes,2,1
59A04795-C569-4C07-AC2F-B02F9570FA7C,03/10/2014,2014,213000,5.328379603,HU15 2UP,D,N,6,Yes,4,2
5A9D8B55-3851-68EB-E053-6B04A8C0D293,22/09/2017,2017,210000,5.322219295,DN15 8ER,D,N,6,Yes,4,3
5A9D8B55-397D-68EB-E053-6B04A8C0D293,11/08/2017,2017,225000,5.352182518,DN17 4NR,D,N,6,Yes,3,3
5A9D8B55-8981-68EB-E053-6B04A8C0D293,26/07/2017,2017,400000,5.602059991,YO8 6NU,D,N,6,Yes,4,3
5C63654C-E58D-4BCC-A49E-A21500133158,17/10/2012,2012,120000,5.079181246,DN7 4LH,D,N,6,Yes,4,1
5CF9903C-53CF-7F13-E053-6C04A8C074B1,29/09/2017,2017,295000,5.469822016,YO8 6NU,D,N,6,Yes,4,3
5DB5842D-A4FC-4A73-B18C-9ED6EED75BAB,17/09/2014,2014,290000,5.462397998,DN14 0DW,D,N,6,Yes,4,2
5E66A802-3240-4CCA-927E-1CB0E8B6EA35,16/02/2012,2012,105000,5.021189299,DN7 4LH,D,N,6,Yes,4,1
5F54B81D-8C73-2B45-E053-6B04A8C01FB0,10/10/2017,2017,357000,5.552668216,YO8 8JF,D,N,6,Yes,4,3
5F54B81D-C44E-2B45-E053-6B04A8C01FB0,02/11/2017,2017,156000,5.193124598,DN8 4HN,D,N,6,Yes,3,3
61D8894E-8CB8-3DE6-E053-6C04A8C01207,01/12/2017,2017,184500,5.26599637,HU15 2UP,D,N,6,Yes,4,3
628F0243-0BBF-4713-AE42-154B676FDBA4,01/06/2011,2011,325000,5.511883361,DN14 0RA,D,N,6,Yes,4,1
62CDEEE6-05B9-441E-A750-2674466DA001,17/04/2014,2014,290000,5.462397998,DN14 9TG,D,N,6,Yes,4,2
666758D6-E152-3363-E053-6B04A8C0D74E,14/02/2018,2018,254500,5.405687787,DN14 7JA,D,N,6,Yes,4,3
666758D7-8ACF-3363-E053-6B04A8C0D74E,01/11/2017,2017,268000,5.428134794,DN14 0DX,D,N,6,Yes,4,3
67568A7B-3E84-41DD-A60C-0D190450720C,28/03/2014,2014,185000,5.267171728,DN14 0EZ,D,N,6,Yes,4,2
68FEB20B-D5A4-38DA-E053-6C04A8C051AE,16/02/2018,2018,160000,5.204119983,DN14 0QU,D,N,6,Yes,4,3
6B32222C-8B08-01F1-E053-6C04A8C0D2C8,15/12/2017,2017,324950,5.511816541,YO8 8GU,D,Y,6,Yes,3,3
6B32222C-8BA0-01F1-E053-6C04A8C0D2C8,28/03/2018,2018,264950,5.423163924,YO8 8GU,D,Y,6,Yes,3,3
6DA08449-F995-30F2-E053-6B04A8C05F3B,27/04/2018,2018,230000,5.361727836,DN14 7JA,D,N,6,Yes,4,3
6DA0844A-408D-30F2-E053-6B04A8C05F3B,19/03/2018,2018,497500,5.696793085,DN14 9LN,D,N,6,Yes,4,3
6DA0844A-42B2-30F2-E053-6B04A8C05F3B,27/04/2018,2018,180000,5.255272505,DN14 0RA,D,N,6,Yes,4,3
6E8105B7-C343-42AD-AF8A-035E4DC4C961,24/06/2011,2011,120000,5.079181246,DN14 8FB,D,N,6,Yes,2,1
7011B109-BAF8-8ED6-E053-6B04A8C075C1,03/09/2015,2015,195000,5.290034611,YO8 6NU,D,N,6,Yes,4,2
7011B109-DF4E-8ED6-E053-6B04A8C075C1,30/05/2018,2018,183000,5.26245109,DN8 4SS,D,N,6,Yes,3,3
7011B10A-1975-8ED6-E053-6B04A8C075C1,01/06/2018,2018,265000,5.423245874,DN14 0DX,D,N,6,Yes,4,3
7011B10A-1A16-8ED6-E053-6B04A8C075C1,25/05/2018,2018,173000,5.238046103,DN7 6AL,D,N,6,Yes,4,3
726BF13B-247F-0A46-E053-6C04A8C01D0D,25/06/2018,2018,317000,5.501059262,YO8 6NU,D,N,6,Yes,4,3
726BF13B-254E-0A46-E053-6C04A8C01D0D,18/05/2018,2018,264950,5.423163924,YO8 8GU,D,Y,6,Yes,3,3
726BF13B-255E-0A46-E053-6C04A8C01D0D,31/05/2018,2018,289950,5.462323113,YO8 8GU,D,Y,6,Yes,3,3
726BF13B-4FA0-0A46-E053-6C04A8C01D0D,02/07/2018,2018,185000,5.267171728,DN7 6RJ,D,N,6,Yes,4,3
726BF13B-9224-0A46-E053-6C04A8C01D0D,29/06/2018,2018,320000,5.505149978,DN14 9TG,D,N,6,Yes,4,3
726BF13B-92FE-0A46-E053-6C04A8C01D0D,22/06/2018,2018,175000,5.243038049,DN14 0EZ,D,N,6,Yes,4,3
75050A85-2C7F-9A88-E053-6B04A8C02390,26/07/2018,2018,173000,5.238046103,DN14 9RG,D,N,6,Yes,4,3
75050A85-2E5E-9A88-E053-6B04A8C02390,20/07/2018,2018,415000,5.618048097,DN8 5TB,D,N,6,Yes,4,3
75050A85-2EFB-9A88-E053-6B04A8C02390,31/07/2018,2018,177500,5.249198357,DN17 4EA,D,N,6,Yes,3,3
75050A85-829F-9A88-E053-6B04A8C02390,14/08/2018,2018,425000,5.62838893,YO8 6NU,D,N,6,Yes,4,3
75050A85-83E3-9A88-E053-6B04A8C02390,01/08/2018,2018,410000,5.612783857,YO8 8BQ,D,N,6,Yes,4,3
75050A85-B7DF-9A88-E053-6B04A8C02390,29/06/2018,2018,148995,5.173171695,DN7 5PX,D,Y,6,Yes,4,3
7511D564-36A7-45E8-A99A-2D925DDC0B60,15/07/2015,2015,272000,5.434568904,DN14 8LE,D,N,6,Yes,3,2
7606F0AD-0619-4BE7-81B2-7594A6C1F9DB,10/03/2011,2011,140000,5.146128036,DN14 0EZ,D,N,6,Yes,4,1
773788C3-06D7-2CE4-E053-6C04A8C05E57,17/08/2018,2018,264950,5.423163924,YO8 8GU,D,Y,6,Yes,3,3
773788C3-06E3-2CE4-E053-6C04A8C05E57,18/05/2018,2018,289950,5.462323113,YO8 8GU,D,Y,6,Yes,3,3
773788C3-06EC-2CE4-E053-6C04A8C05E57,10/08/2018,2018,349950,5.544005998,YO8 8GU,D,Y,6,Yes,3,3
773788C3-0707-2CE4-E053-6C04A8C05E57,13/07/2018,2018,274950,5.439253724,YO8 8GU,D,Y,6,Yes,3,3
773788C3-75F8-2CE4-E053-6C04A8C05E57,24/08/2018,2018,330000,5.51851394,DN14 8LE,D,N,6,Yes,3,3
79A74E21-A249-1289-E053-6B04A8C01627,28/09/2018,2018,185000,5.267171728,DN17 4EA,D,N,6,Yes,3,3
79A74E21-FD81-1289-E053-6B04A8C01627,21/09/2018,2018,299950,5.477048866,YO8 8GU,D,Y,6,Yes,3,3
79A74E21-FDA4-1289-E053-6B04A8C01627,02/10/2018,2018,315000,5.498310554,YO8 8GU,D,Y,6,Yes,3,3
79A74E21-FDBC-1289-E053-6B04A8C01627,28/09/2018,2018,299950,5.477048866,YO8 8GU,D,Y,6,Yes,3,3
7C2D0700-2736-4963-E053-6B04A8C07B97,22/10/2018,2018,134995,5.130317683,DN17 4EA,D,N,6,Yes,3,3
7C2D0700-8142-4963-E053-6B04A8C07B97,26/10/2018,2018,235000,5.371067862,DN14 0QU,D,N,6,Yes,4,3
7C2D0700-B338-4963-E053-6B04A8C07B97,17/08/2018,2018,148995,5.173171695,DN7 5PX,D,Y,6,Yes,4,3
7E86B6FA-E48F-458C-E053-6B04A8C0C84C,30/11/2018,2018,300000,5.477121255,DN8 5TB,D,N,6,Yes,4,3
7EEC4A44-A7F7-41BA-A542-BA78B595B98F,19/06/2015,2015,118500,5.07371835,DN7 4LH,D,N,6,Yes,4,2
7F2B4DEA-F09C-4AAA-8DD3-0E06699BECBF,31/01/2014,2014,114000,5.056904851,DN14 9RG,D,N,6,Yes,4,2
80E1AA98-7C67-7BF8-E053-6C04A8C00BF2,14/01/2019,2019,230000,5.361727836,YO8 6NU,D,N,6,Yes,4,3
80E1AA98-AE5E-7BF8-E053-6C04A8C00BF2,06/12/2018,2018,123995,5.093404173,DN7 5PX,D,Y,6,Yes,4,3
822DDEF0-4CF0-4A7C-BFAD-A224366FAB92,17/05/2013,2013,97500,4.989004616,YO8 6NU,D,Y,6,Yes,4,1
82D22E74-0EAB-4DD2-8FC9-15857D50D6F8,24/06/2011,2011,700000,5.84509804,YO8 6NU,D,N,6,Yes,4,1
8355F009-51D0-55C5-E053-6B04A8C0D090,01/02/2019,2019,320000,5.505149978,YO8 8BQ,D,N,6,Yes,4,3
8355F009-52D0-55C5-E053-6B04A8C0D090,25/01/2019,2019,349950,5.544005998,YO8 8GU,D,Y,6,Yes,3,3
854D12CB-B124-4074-BB7B-F4481E3C2B8A,30/11/2012,2012,330000,5.51851394,DN14 7HU,D,N,6,Yes,4,1
85866A64-CF84-143F-E053-6B04A8C06A15,18/10/2018,2018,135000,5.130333768,DN17 4EA,D,N,6,Yes,3,3
85866A65-1BB7-143F-E053-6B04A8C06A15,22/02/2019,2019,302500,5.480725379,YO8 6NU,D,N,6,Yes,4,3
89C95AC3-CD33-4F06-82BA-A48210BECB89,30/07/2014,2014,320000,5.505149978,DN14 0DW,D,N,6,Yes,4,2
8A78B2AF-E86A-5CB0-E053-6B04A8C0F504,29/03/2019,2019,349950,5.544005998,YO8 8GU,D,Y,6,Yes,3,3
8A78B2AF-E878-5CB0-E053-6B04A8C0F504,03/05/2019,2019,264950,5.423163924,YO8 8GU,D,Y,6,Yes,3,3
8A78B2B0-1217-5CB0-E053-6B04A8C0F504,10/04/2019,2019,150995,5.178962566,DN7 5PX,D,Y,6,Yes,4,3
8A78B2B0-460A-5CB0-E053-6B04A8C0F504,12/04/2019,2019,270000,5.431363764,DN14 8RX,D,N,6,Yes,3,3
8AE925AE-1476-4DAE-A14F-E42CCD6CAA6C,08/06/2012,2012,345000,5.537819095,YO8 6NU,D,Y,6,Yes,4,1
8C232FCF-FFFB-4354-A872-6582486D4166,11/05/2015,2015,240000,5.380211242,YO8 8BQ,D,Y,6,Yes,4,2
8C7161FA-DAB4-40E2-B537-57611D29A068,29/11/2013,2013,187500,5.273001272,DN14 7JA,D,N,6,Yes,4,1
8CAC1318-4C90-0253-E053-6B04A8C08E51,03/05/2019,2019,290000,5.462397998,DN15 9EA,D,N,6,Yes,4,3
8CAC1318-B859-0253-E053-6B04A8C08E51,03/05/2019,2019,158000,5.198657087,DN7 6AL,D,N,6,Yes,4,3
8CAC1318-BBB4-0253-E053-6B04A8C08E51,17/08/2018,2018,121995,5.086342031,DN7 5PX,D,Y,6,Yes,4,3
8CAC1318-BBDB-0253-E053-6B04A8C08E51,26/04/2019,2019,125995,5.100353311,DN7 5PX,D,Y,6,Yes,4,3
8D4052C5-20E9-492C-82DC-1B7AFEDE8D7B,04/07/2014,2014,40000,4.602059991,DN7 5DY,D,N,6,Yes,4,2
8F1B26BD-BF78-53DB-E053-6C04A8C03649,11/07/2019,2019,250000,5.397940009,DN15 9EA,D,N,6,Yes,4,3
8F1B26BE-76BA-53DB-E053-6C04A8C03649,27/06/2019,2019,153000,5.184691431,DN14 8FB,D,N,6,Yes,2,3
919FEC05-4DD0-9A90-E053-6C04A8C0A300,28/06/2019,2019,760496,5.881096934,DN14 7NP,D,N,6,Yes,4,3
933578C9-2D08-4036-A820-C7DE586663AA,05/03/2015,2015,229950,5.361633414,DN15 8ER,D,N,6,Yes,4,2
93E6821E-AC40-40FD-E053-6B04A8C0C1DF,12/09/2019,2019,435000,5.638489257,YO8 6NU,D,N,6,Yes,4,3
93E6821E-DCDF-40FD-E053-6B04A8C0C1DF,10/07/2019,2019,151995,5.181829302,DN7 5PX,D,Y,6,Yes,4,3
965B6D91-F01A-95E4-E053-6C04A8C07729,18/10/2019,2019,160000,5.204119983,DN8 4HN,D,N,6,Yes,3,3
965B6D91-F121-95E4-E053-6C04A8C07729,13/09/2019,2019,110000,5.041392685,DN7 4LH,D,N,6,Yes,4,3
965B6D91-F364-95E4-E053-6C04A8C07729,12/09/2019,2019,150995,5.178962566,DN7 5PX,D,Y,6,Yes,4,3
97446775-60E2-4941-B3F2-5C500485E9BF,22/07/2015,2015,270000,5.431363764,DN14 7DS,D,N,6,Yes,3,2
983951F0-6798-4A56-9F99-A60A57063CA9,19/10/2012,2012,340000,5.531478917,YO8 6NU,D,N,6,Yes,4,1
98C75471-E612-72E9-E053-6B04A8C042F0,15/11/2019,2019,250000,5.397940009,DN8 5TB,D,N,6,Yes,4,3
98C75472-6308-72E9-E053-6B04A8C042F0,18/12/2018,2018,124995,5.096892641,DN7 5PX,D,Y,6,Yes,4,3
98C75472-9AB6-72E9-E053-6B04A8C042F0,25/10/2019,2019,341000,5.532754379,DN14 0DW,D,N,6,Yes,4,3
98C75472-9AEF-72E9-E053-6B04A8C042F0,27/09/2019,2019,242000,5.383815366,DN14 8RX,D,N,6,Yes,3,3
98C75472-9AF5-72E9-E053-6B04A8C042F0,08/11/2019,2019,282500,5.451018452,DN14 5SL,D,N,6,Yes,3,3
9B361206-BD39-1904-E053-6B04A8C0EEB5,25/11/2019,2019,165000,5.217483944,DN8 4HN,D,N,6,Yes,3,3
9B361206-F26A-1904-E053-6B04A8C0EEB5,10/10/2019,2019,160000,5.204119983,DN14 8FB,D,N,6,Yes,2,3
9DBAD222-1684-6EB3-E053-6B04A8C0F257,13/12/2019,2019,285000,5.45484486,DN14 0RA,D,N,6,Yes,4,3
9E0CDFA7-F6CA-4572-A13C-0ED373DBA3B6,25/04/2014,2014,135000,5.130333768,DN14 8FB,D,N,6,Yes,2,2
9EC1C4F4-B309-4832-BFB7-23627399F278,22/07/2011,2011,230000,5.361727836,DN17 4NR,D,N,6,Yes,3,1
A2479555-C12D-74C7-E053-6B04A8C0887D,16/12/2019,2019,125000,5.096910013,DN14 0DX,D,N,6,Yes,4,3
A3B42662-0EFF-433D-ABCC-EFB0E729FC6F,04/07/2011,2011,105000,5.021189299,YO8 6NU,D,N,6,Yes,4,1
A3CE8E0E-A12B-4094-8735-E9996DC57810,27/03/2015,2015,220000,5.342422681,DN14 5SL,D,N,6,Yes,3,2
A5492A2C-0B30-41DB-BAE5-AA78B1D79264,30/03/2012,2012,249999,5.397938271,DN14 5SL,D,N,6,Yes,3,1
AEB622F6-0EF6-45F6-A46B-A16CCD26C699,03/03/2015,2015,230000,5.361727836,DN14 8LE,D,N,6,Yes,3,2
BE9B83EF-7F0A-411F-9406-A9C3B41496CC,05/06/2015,2015,150000,5.176091259,DN7 4BN,D,N,6,Yes,4,2
C72C8D93-03E1-4B2B-BA78-ACA8FFEE2212,18/02/2011,2011,289000,5.460897843,DN14 0DW,D,N,6,Yes,4,1
CA6E3E62-C830-41B6-BF0D-8E3D24916BF2,14/12/2012,2012,265000,5.423245874,DN14 9TG,D,N,6,Yes,4,1
D44BE4B0-4371-485D-A5E4-BEC1166AED8C,08/08/2012,2012,208000,5.318063335,DN14 8RX,D,N,6,Yes,3,1
DCFB0BFE-6ED2-401E-A594-137745573A9E,01/05/2013,2013,206000,5.31386722,DN14 7HU,D,N,6,Yes,4,1
DEFA2B12-9845-4AF2-AC0D-318303E1CEB9,02/11/2012,2012,220000,5.342422681,DN14 8LE,D,N,6,Yes,3,1
E2025666-2BF2-480D-A45A-4FC3AF0CD538,27/06/2014,2014,145000,5.161368002,DN17 4EA,D,N,6,Yes,3,2
E208837D-6B67-41DF-BEE5-786723A98594,09/11/2012,2012,236000,5.372912003,DN14 0RA,D,N,6,Yes,4,1
E39F5470-4ED9-48B2-9F70-CBD1E045E0E9,15/08/2012,2012,215000,5.33243846,DN14 0RA,D,N,6,Yes,4,1
EA255F76-994D-47AF-BE7B-E7D9317700AF,07/08/2015,2015,192000,5.283301229,DN14 0DW,D,N,6,Yes,4,2
EB93CE15-62C0-4B5C-BF1C-7A8609F0342D,01/11/2011,2011,290000,5.462397998,DN14 9TG,D,N,6,Yes,4,1
F6519EFB-25F2-4488-8A5B-2F38BDBF577D,03/02/2014,2014,185000,5.267171728,DN14 0RA,D,N,6,Yes,4,2
F6F43E58-153F-48F3-87D7-DE811485A482,07/03/2014,2014,225000,5.352182518,DN8 5TB,D,N,6,Yes,4,2
FD082060-A707-4A88-8F8E-11EA3992F8E2,16/11/2012,2012,220000,5.342422681,DN14 7JA,D,N,6,Yes,4,1
07FA15E2-EFAE-4470-B296-A1211FDD5D26,27/07/2011,2011,330000,5.51851394,DN7 6PL,D,N,5,Yes,4,1
09352CE5-82DC-43C5-BEF7-378EC9339B69,25/02/2011,2011,400000,5.602059991,DN14 0DE,D,N,5,Yes,4,1
104A69AD-7B89-4B4D-B196-551CB21BA141,11/11/2014,2014,356000,5.551449998,DN14 8QH,D,N,5,Yes,3,2
10D44252-58D8-4926-A401-6AE46230F44F,29/04/2014,2014,120000,5.079181246,DN15 9HL,D,N,5,Yes,4,2
119CD585-D999-4627-99E0-4220CDDC1260,31/05/2012,2012,159950,5.203984244,YO8 8GN,D,N,5,Yes,4,1
12CBD177-66A2-42D2-83DD-CE5DB9A4CEF4,21/07/2015,2015,180000,5.255272505,DN17 4NX,D,N,5,Yes,3,2
133805F7-FBE5-443C-82D7-A273CF5CEE64,18/09/2014,2014,96000,4.982271233,DN15 8DT,D,N,5,Yes,4,2
167BD82A-F80B-44B8-AF71-24C3C746C03B,17/07/2013,2013,325000,5.511883361,DN14 0BY,D,N,5,Yes,4,1
19C5C215-A855-4DD3-B561-5602D4A443DB,15/09/2014,2014,131000,5.117271296,DN15 9HL,D,N,5,Yes,4,2
1CE9E768-1A7E-4159-80CA-0F53C4110C01,11/08/2014,2014,180000,5.255272505,DN14 8RL,D,N,5,Yes,3,2
1E866C41-FE79-48D7-A306-8C2250FD3D83,27/02/2015,2015,349950,5.544005998,DN14 7FU,D,Y,5,Yes,3,2
2078CCDD-10ED-4D24-85E3-736E24AA2D24,20/09/2013,2013,88000,4.944482672,DN7 4BF,D,N,5,Yes,4,1
20FEE867-0163-4207-9036-5D036E3FB52A,30/06/2011,2011,160000,5.204119983,DN14 0BQ,D,N,5,Yes,4,1
241A4A53-AD55-706B-E050-A8C06205638B,02/10/2015,2015,130000,5.113943352,DN15 8TL,D,N,5,Yes,4,2
254DBBB5-CC46-4B96-B589-836963DDB247,29/06/2015,2015,229950,5.361633414,DN7 6ER,D,N,5,Yes,4,2
25EA59F9-CDB8-4D50-E050-A8C0630562D0,06/11/2015,2015,165000,5.217483944,DN9 1QB,D,N,5,Yes,4,2
25EA59FA-6B3A-4D50-E050-A8C0630562D0,21/08/2015,2015,360000,5.556302501,DN14 7FU,D,N,5,Yes,3,2
272E8600-FC3B-482D-86FC-3D17F422EA01,20/04/2012,2012,132500,5.122215878,DN14 7SS,D,N,5,Yes,4,1
288DCE29-37B3-E510-E050-A8C06205480E,15/12/2015,2015,107500,5.031408464,DN17 4HS,D,N,5,Yes,3,2
288DCE29-37F7-E510-E050-A8C06205480E,18/11/2015,2015,395000,5.596597096,DN15 9DH,D,N,5,Yes,4,2
288DCE29-3846-E510-E050-A8C06205480E,14/12/2015,2015,252000,5.401400541,DN15 9DT,D,N,5,Yes,4,2
288DCE2A-03AC-E510-E050-A8C06205480E,06/08/2015,2015,322000,5.507855872,DN14 7FU,D,Y,5,Yes,3,2
28C8F3EA-C3D0-43EA-9014-48D65E38E6A7,12/07/2013,2013,135000,5.130333768,DN17 4NX,D,N,5,Yes,3,1
2AC10E4F-9317-1AF6-E050-A8C063052BA1,24/11/2015,2015,170000,5.230448921,DN17 3EL,D,N,5,Yes,4,2
2AC10E4F-95AA-1AF6-E050-A8C063052BA1,17/07/2015,2015,143000,5.155336037,DN15 8UG,D,N,5,Yes,4,2
2B339C31-5281-4ADB-A65E-107A1D77C442,19/12/2014,2014,238000,5.376576957,DN17 4JG,D,N,5,Yes,3,2
2B3A2883-EDC9-4B6E-AE98-4E81021BCA0C,16/01/2015,2015,110000,5.041392685,DN7 4LF,D,N,5,Yes,4,2
2D1E4B26-62B2-FCD1-E050-A8C0630544EC,29/01/2016,2016,217000,5.336459734,DN14 7SS,D,N,5,Yes,4,2
2D1E4B26-D856-FCD1-E050-A8C0630544EC,16/09/2015,2015,87500,4.942008053,DN8 4SP,D,N,5,Yes,3,2
2D1E4B27-10A4-FCD1-E050-A8C0630544EC,05/01/2016,2016,269950,5.431283332,DN14 9TH,D,N,5,Yes,4,2
2EF86B0E-E888-461E-8881-0BBC4BE8B0A5,02/04/2013,2013,182500,5.261262869,DN15 9DT,D,N,5,Yes,4,1
2FD36065-E5C2-4BF8-E050-A8C0620562B1,26/02/2016,2016,426000,5.629409599,YO8 6PE,D,N,5,Yes,4,2
31734DAF-1706-40D6-95AB-840953354708,27/11/2014,2014,490000,5.69019608,DN14 7HL,D,N,5,Yes,4,2
31FB4C17-6934-57B9-E050-A8C063053436,11/03/2016,2016,149000,5.173186268,DN14 7SS,D,N,5,Yes,4,2
31FB4C17-6A33-57B9-E050-A8C063053436,23/03/2016,2016,140000,5.146128036,DN15 8UG,D,N,5,Yes,4,2
31FB4C17-CA79-57B9-E050-A8C063053436,31/03/2016,2016,430000,5.633468456,DN14 0BQ,D,N,5,Yes,4,2
31FB4C17-CCF1-57B9-E050-A8C063053436,08/01/2016,2016,169500,5.229169703,YO8 6TA,D,N,5,Yes,4,2
31FB4C18-4E7C-57B9-E050-A8C063053436,31/03/2016,2016,187000,5.271841607,HU15 2FE,D,N,5,Yes,4,2
332138E3-C146-4706-A638-07CB550D9B91,21/08/2015,2015,125000,5.096910013,DN8 5JS,D,N,5,Yes,3,2
68FEB20B-8ABE-38DA-E053-6C04A8C051AE,08/03/2018 00:00,2018,290000,5.462397998,DN9 1LH,D,N,,,4,3
34428D7E-BDF2-B86C-E050-A8C06205059C,18/05/2016,2016,235000,5.371067862,HU15 2FE,D,N,5,Yes,4,2
68FEB20B-8ADD-38DA-E053-6C04A8C051AE,01/03/2018 00:00,2018,255000,5.40654018,DN9 1GX,D,N,,,4,3
369DFB15-C9B7-3A19-E050-A8C0620518C6,20/05/2016,2016,200000,5.301029996,DN14 7HL,D,N,5,Yes,4,2
372D0ECC-7B29-4BA9-8B8F-0FEC3AC0572D,18/06/2015,2015,255050,5.406625328,DN14 0BQ,D,N,5,Yes,4,2
375383BA-740D-4D20-ADB3-815840EE739F,16/03/2012,2012,226000,5.354108439,DN14 0BQ,D,N,5,Yes,4,1
3912AD10-5565-4844-9422-A7D437E8F41B,01/03/2013,2013,268000,5.428134794,DN14 7AF,D,Y,5,Yes,4,1
39140479-BC61-3206-E050-A8C063057647,13/07/2016,2016,275000,5.439332694,DN17 4JG,D,N,5,Yes,3,2
39140479-BCC0-3206-E050-A8C063057647,11/07/2016,2016,190000,5.278753601,DN14 7SS,D,N,5,Yes,4,2
3B7E0B8F-F2CC-EA99-E050-A8C062057E77,27/04/2016,2016,303000,5.481442629,DN15 8RL,D,N,5,Yes,4,2
3B7E0B90-B534-EA99-E050-A8C062057E77,02/08/2016,2016,325000,5.511883361,DN14 8QH,D,N,5,Yes,3,2
3BB53849-0E05-47EC-92A1-63A71A4A770E,29/02/2012,2012,100000,5,DN14 5NY,D,N,5,Yes,3,1
3CEAF775-3848-49C9-A47D-8A0FF0658071,22/07/2011,2011,129000,5.11058971,DN17 4HS,D,N,5,Yes,3,1
3E0330F0-A672-8D89-E050-A8C062052140,19/08/2016,2016,122500,5.088136089,DN14 8RR,D,N,5,Yes,3,2
42A5A709-442C-56E8-E050-A8C06205331E,28/10/2016,2016,168000,5.225309282,DN14 7SS,D,N,5,Yes,4,2
437F9517-BCD0-421E-BCFF-C23E05204D29,18/10/2013,2013,115000,5.06069784,DN7 6SW,D,N,5,Yes,4,1
440E18A6-1E48-4188-86E5-B8F02144C643,26/11/2014,2014,330000,5.51851394,DN14 5NY,D,N,5,Yes,3,2
453D27A3-1B24-EF91-E050-A8C0630574D7,08/07/2016,2016,135000,5.130333768,DN9 1QB,D,N,5,Yes,4,2
453D27A3-CB4F-EF91-E050-A8C0630574D7,18/11/2016,2016,267000,5.426511261,DN14 5NY,D,N,5,Yes,3,2
45C67F56-3F1B-40BE-B3A8-01F3D71D2FB0,05/03/2012,2012,249999,5.397938271,DN14 5PQ,D,N,5,Yes,3,1
47844C7F-DB28-8986-E050-A8C063056488,09/12/2016,2016,247000,5.392696953,DN17 4RU,D,N,5,Yes,4,2
47844C7F-DC88-8986-E050-A8C063056488,07/11/2016,2016,210000,5.322219295,DN15 9JZ,D,N,5,Yes,4,2
49FD81B0-B69E-49F6-A2C4-072D573F7F4D,24/01/2014,2014,95000,4.977723605,DN14 5NY,D,N,5,Yes,3,2
4C4EDFFF-6D89-1854-E050-A8C063054F34,25/11/2016,2016,310000,5.491361694,DN14 7HL,D,N,5,Yes,4,2
4C4EDFFF-6E2D-1854-E050-A8C063054F34,21/02/2017,2017,565000,5.752048448,DN14 7HL,D,N,5,Yes,4,3
4C4EE000-2DE8-1854-E050-A8C063054F34,24/11/2016,2016,186000,5.269512944,DN14 7HL,D,N,5,Yes,4,2
4C65193F-EC49-41DA-A8B2-597A8A47BC8D,13/05/2011,2011,110000,5.041392685,DN8 5YN,D,N,5,Yes,3,1
4E67EBAF-4BDC-4615-BE3A-A4381BC53F19,04/05/2012,2012,215000,5.33243846,DN14 9TH,D,N,5,Yes,4,1
4E7083DF-A6C7-4F7D-BB00-4265E3FABDE7,31/10/2014,2014,145000,5.161368002,DN14 7SS,D,N,5,Yes,4,2
50F18103-1CCC-9FD5-E050-A8C063054923,17/05/2017,2017,285000,5.45484486,DN14 7EL,D,N,5,Yes,3,3
50F18103-1D03-9FD5-E050-A8C063054923,23/05/2017,2017,280000,5.447158031,DN15 9JZ,D,N,5,Yes,4,3
50F18103-1D7F-9FD5-E050-A8C063054923,19/05/2017,2017,137000,5.136720567,DN17 4JG,D,N,5,Yes,3,3
50F18103-8C15-9FD5-E050-A8C063054923,07/04/2017,2017,103000,5.012837225,DN7 4LF,D,N,5,Yes,4,3
50F18103-C790-9FD5-E050-A8C063054923,20/04/2017,2017,162000,5.209515015,DN14 5NY,D,N,5,Yes,3,3
50F18103-C80E-9FD5-E050-A8C063054923,22/03/2017,2017,205000,5.311753861,DN14 7SS,D,N,5,Yes,4,3
5376B385-7EE1-34C1-E053-6B04A8C09FF6,26/05/2017,2017,140000,5.146128036,DN17 4JG,D,N,5,Yes,3,3
5376B385-8038-34C1-E053-6B04A8C09FF6,15/05/2017,2017,133000,5.123851641,DN15 8AN,D,N,5,Yes,4,3
5376B385-FB9E-34C1-E053-6B04A8C09FF6,19/05/2017,2017,239000,5.378397901,DN7 6ER,D,N,5,Yes,4,3
5376B386-3874-34C1-E053-6B04A8C09FF6,09/06/2017,2017,340000,5.531478917,DN14 8QE,D,N,5,Yes,3,3
54D38568-DCF3-488E-8866-9E081A45BE92,03/03/2011,2011,235000,5.371067862,DN14 5NY,D,N,5,Yes,3,1
550030C1-4B68-46A8-9A9D-3D6C2735BEBC,30/11/2012,2012,320000,5.505149978,DN7 6ER,D,N,5,Yes,4,1
55BDCAE6-060B-521D-E053-6B04A8C0DD7A,07/07/2017,2017,220000,5.342422681,DN15 9DH,D,N,5,Yes,4,3
55BDCAE6-072F-521D-E053-6B04A8C0DD7A,19/07/2017,2017,338000,5.5289167,DN15 9DH,D,N,5,Yes,4,3
6957AA4E-1792-414C-8E91-F16B1EEAC4A4,13/06/2014 00:00,2014,290000,5.462397998,DN9 1FR,D,N,,,4,2
56D84459-AF5B-43BD-B5C2-BC7188E9F930,02/11/2012,2012,219950,5.342323966,DN14 9TH,D,N,5,Yes,4,1
56DF8CD1-163F-4CBF-A7C9-41CCAAC30FFD,27/07/2012,2012,146500,5.165837625,DN14 7SS,D,N,5,Yes,4,1
582D0637-0A53-8F22-E053-6C04A8C01BAC,18/07/2017,2017,160000,5.204119983,DN17 4HS,D,N,5,Yes,3,3
582D0637-0C6F-8F22-E053-6C04A8C01BAC,28/07/2017,2017,140000,5.146128036,DN14 7SS,D,N,5,Yes,4,3
582D0637-D4AB-8F22-E053-6C04A8C01BAC,03/08/2017,2017,270000,5.431363764,DN14 7HL,D,N,5,Yes,4,3
5A9D8B55-3817-68EB-E053-6B04A8C0D293,08/09/2017,2017,192000,5.283301229,DN15 9DH,D,N,5,Yes,4,3
5A9D8B55-39F9-68EB-E053-6B04A8C0D293,21/08/2017,2017,450000,5.653212514,DN15 9DH,D,N,5,Yes,4,3
5A9D8B55-8BF1-68EB-E053-6B04A8C0D293,25/08/2017,2017,318000,5.50242712,DN14 0BQ,D,N,5,Yes,4,3
5B7994AF-45DB-41DC-9BC8-179DD802BDE9,04/07/2014,2014,175000,5.243038049,DN17 4RU,D,N,5,Yes,4,2
5CF9903B-FF46-7F13-E053-6C04A8C074B1,05/10/2017,2017,205000,5.311753861,DN9 1QB,D,N,5,Yes,4,3
5CF9903C-53FD-7F13-E053-6C04A8C074B1,26/09/2017,2017,307000,5.487138375,DN14 0BQ,D,N,5,Yes,4,3
5CF9903C-8431-7F13-E053-6C04A8C074B1,08/09/2017,2017,230000,5.361727836,DN8 4DE,D,N,5,Yes,3,3
5CFCAF5B-6016-4215-B05C-0ACBB0432F7E,05/09/2013,2013,266750,5.426104428,DN14 7AF,D,Y,5,Yes,4,1
5F54B81D-3436-2B45-E053-6B04A8C01FB0,23/10/2017,2017,267000,5.426511261,DN9 1QB,D,N,5,Yes,4,3
60EA1AF8-B20F-46BF-ADC1-3E0C54AB7905,21/01/2013,2013,153000,5.184691431,DN14 9RN,D,N,5,Yes,4,1
613336FE-C41A-477D-9DEC-C1546D400B91,06/06/2013,2013,100000,5,DN14 7RX,D,N,5,Yes,3,1
61946378-274D-43EE-B602-CD6EBA780575,07/08/2012,2012,372500,5.571126277,DN14 7HL,D,N,5,Yes,4,1
61D8894D-F4E2-3DE6-E053-6C04A8C01207,04/12/2017,2017,175000,5.243038049,DN15 9EL,D,N,5,Yes,4,3
61D8894E-8C87-3DE6-E053-6C04A8C01207,24/11/2017,2017,257500,5.410777233,DN14 9TH,D,N,5,Yes,4,3
62481E7B-E715-4DBE-82EB-6EF616146412,26/09/2014,2014,187000,5.271841607,DN14 8RL,D,N,5,Yes,3,2
63DBDAC9-BF16-4CF8-B062-FA614B279BE9,27/11/2014,2014,385750,5.586305935,DN14 7AF,D,N,5,Yes,4,2
64342BFE-4A2A-422C-E053-6C04A8C0FB8A,05/01/2018,2018,105000,5.021189299,DN15 8UG,D,N,5,Yes,4,3
64342BFE-AAD9-422C-E053-6C04A8C0FB8A,15/12/2017,2017,190000,5.278753601,DN14 0BQ,D,N,5,Yes,4,3
64342BFF-3279-422C-E053-6C04A8C0FB8A,30/11/2017,2017,284995,5.454837241,DN14 9FF,D,Y,5,Yes,3,3
666758D7-8B26-3363-E053-6B04A8C0D74E,15/01/2018,2018,267995,5.428126691,DN14 9FF,D,Y,5,Yes,3,3
666758D7-8B2C-3363-E053-6B04A8C0D74E,15/01/2018,2018,321095,5.506633543,DN14 9FF,D,Y,5,Yes,3,3
68D5AED6-A9CF-49EF-877E-4CA658E73915,07/12/2011,2011,157000,5.195899652,DN8 4DE,D,N,5,Yes,3,1
68FEB20B-88AB-38DA-E053-6C04A8C051AE,05/03/2018,2018,249950,5.397853141,DN9 1QB,D,N,5,Yes,4,3
68FEB20B-8931-38DA-E053-6C04A8C051AE,16/03/2018,2018,149950,5.17594647,DN17 4NX,D,N,5,Yes,3,3
68FEB20B-FFE1-38DA-E053-6C04A8C051AE,03/11/2017,2017,205000,5.311753861,DN8 4SP,D,N,5,Yes,3,3
6B32222C-E226-01F1-E053-6C04A8C0D2C8,13/04/2018,2018,150000,5.176091259,DN14 8RR,D,N,5,Yes,3,3
6DA08449-F9D8-30F2-E053-6B04A8C05F3B,09/04/2018,2018,238000,5.376576957,DN15 9DT,D,N,5,Yes,4,3
6DA0844A-3FC8-30F2-E053-6B04A8C05F3B,20/04/2018,2018,460000,5.662757832,YO8 6TA,D,N,5,Yes,4,3
7011B109-7081-8ED6-E053-6B04A8C075C1,01/06/2018,2018,400000,5.602059991,DN14 8QH,D,N,5,Yes,3,3
7011B10A-19B3-8ED6-E053-6B04A8C075C1,19/01/2018,2018,322045,5.507916561,DN14 9FF,D,Y,5,Yes,3,3
71EBBE04-1C5B-45ED-BF63-7250BCADF8E7,19/12/2013,2013,129950,5.113776284,DN15 8UG,D,N,5,Yes,4,1
726BF13A-D3FA-0A46-E053-6C04A8C01D0D,26/06/2018,2018,165000,5.217483944,DN17 4NF,D,N,5,Yes,3,3
7275B079-35CC-4C41-B2ED-88F8859761B8,18/03/2015,2015,163000,5.212187604,DN15 9DH,D,N,5,Yes,4,2
75050A85-2FD8-9A88-E053-6B04A8C02390,10/08/2018,2018,183000,5.26245109,DN9 1QB,D,N,5,Yes,4,3
7557CECE-6A89-4868-A6A4-A3C5F408CF29,26/05/2015,2015,435000,5.638489257,DN14 0BQ,D,N,5,Yes,4,2
7588692E-C8D8-4E71-881B-402862AF26B6,07/06/2012,2012,212000,5.326335861,DN14 5NY,D,N,5,Yes,3,1
79A74E21-A23A-1289-E053-6B04A8C01627,30/05/2018,2018,130000,5.113943352,DN15 8TL,D,N,5,Yes,4,3
79A74E21-A338-1289-E053-6B04A8C01627,14/09/2018,2018,280000,5.447158031,DN9 1QB,D,N,5,Yes,4,3
7C2D0700-2731-4963-E053-6B04A8C07B97,19/10/2018,2018,262500,5.419129308,DN17 4JG,D,N,5,Yes,3,3
7C2D0700-278B-4963-E053-6B04A8C07B97,16/11/2018,2018,170000,5.230448921,DN14 8RL,D,N,5,Yes,3,3
7C2D0700-F4A6-4963-E053-6B04A8C07B97,01/10/2018,2018,310000,5.491361694,DN14 9TH,D,N,5,Yes,4,3
7E86B6FA-E3AC-458C-E053-6B04A8C0C84C,30/11/2018,2018,475000,5.67669361,DN15 9DH,D,N,5,Yes,4,3
7E86B6FA-E4BF-458C-E053-6B04A8C0C84C,27/11/2018,2018,275000,5.439332694,DN9 1QB,D,N,5,Yes,4,3
7E86B6FB-5BBC-458C-E053-6B04A8C0C84C,10/12/2018,2018,285000,5.45484486,DN7 6ER,D,N,5,Yes,4,3
7E86B6FB-95E3-458C-E053-6B04A8C0C84C,09/11/2018,2018,305000,5.484299839,DN14 9TH,D,N,5,Yes,4,3
7F64EA0C-03D9-4AD1-8CDF-3FDADA460BAA,15/10/2014,2014,140000,5.146128036,DN17 4NX,D,N,5,Yes,3,2
7F6F7ECF-D7A6-45B9-A782-176D210A2452,14/12/2012,2012,282000,5.450249108,DN14 0UB,D,N,5,Yes,4,1
80E1AA98-2A6C-7BF8-E053-6C04A8C00BF2,21/12/2018,2018,200000,5.301029996,DN9 1QB,D,N,5,Yes,4,3
815BFF4D-DF1A-4C0A-BF8E-14108A2BCFBF,23/07/2013,2013,225000,5.352182518,DN8 4SP,D,N,5,Yes,3,1
8227638F-7D50-4B10-8AF6-314D8C112507,13/12/2013,2013,205000,5.311753861,DN14 5NY,D,N,5,Yes,3,1
8355F009-0C85-55C5-E053-6B04A8C0D090,04/01/2019,2019,365000,5.562292864,DN14 7HL,D,N,5,Yes,4,3
85866A64-CFA4-143F-E053-6B04A8C06A15,11/03/2019,2019,161000,5.206825876,DN14 9RN,D,N,5,Yes,4,3
85866A64-D007-143F-E053-6B04A8C06A15,28/02/2019,2019,101000,5.004321374,DN15 8UG,D,N,5,Yes,4,3
85866A64-D115-143F-E053-6B04A8C06A15,07/03/2019,2019,207000,5.315970345,DN15 9DH,D,N,5,Yes,4,3
85866A64-D218-143F-E053-6B04A8C06A15,30/11/2018,2018,370000,5.568201724,DN17 4HS,D,N,5,Yes,3,3
85866A65-468D-143F-E053-6B04A8C06A15,19/10/2018,2018,252500,5.402261382,DN8 4SP,D,N,5,Yes,3,3
85B65D4D-9E8F-4628-B818-1D62EF1752EC,15/02/2013,2013,97500,4.989004616,DN15 8RL,D,N,5,Yes,4,1
87E1551E-3B09-6405-E053-6C04A8C0B2EE,29/03/2019,2019,175000,5.243038049,DN17 4NF,D,N,5,Yes,3,3
87E1551E-3B0C-6405-E053-6C04A8C0B2EE,15/03/2019,2019,154000,5.187520721,DN15 8UG,D,N,5,Yes,4,3
87E1551E-9ACB-6405-E053-6C04A8C0B2EE,22/03/2019,2019,89000,4.949390007,DN7 4BF,D,N,5,Yes,4,3
87E1551E-CA8C-6405-E053-6C04A8C0B2EE,17/04/2019,2019,291000,5.463892989,DN14 7AF,D,N,5,Yes,4,3
88155126-6394-4E63-BE55-90BD1C3B6E6C,03/06/2015,2015,160000,5.204119983,DN17 4NX,D,N,5,Yes,3,2
8A78B2B0-10EF-5CB0-E053-6B04A8C0F504,24/04/2019,2019,216000,5.334453751,DN8 4SP,D,N,5,Yes,3,3
8CAC1318-4C6B-0253-E053-6B04A8C08E51,06/06/2019,2019,290000,5.462397998,DN14 7EL,D,N,5,Yes,3,3
8CAC1318-EE84-0253-E053-6B04A8C08E51,21/06/2019,2019,305000,5.484299839,DN14 9TH,D,N,5,Yes,4,3
8CD9BDFD-6EF8-4300-8BF6-4F8D4D4539D5,05/06/2015,2015,105000,5.021189299,DN7 4LF,D,N,5,Yes,4,2
8D807810-2828-4940-A43F-46AD0224A232,20/11/2013,2013,145000,5.161368002,DN15 8UG,D,N,5,Yes,4,1
8EC69001-E453-49E9-9B2D-D4F9F270D7D4,10/07/2015,2015,270000,5.431363764,DN7 6ER,D,N,5,Yes,4,2
8F0C9FE2-D2FA-4304-AE8A-707E2A46B937,24/10/2014,2014,235000,5.371067862,DN14 9TH,D,N,5,Yes,4,2
8F1B26BD-BF8B-53DB-E053-6C04A8C03649,28/05/2019,2019,277500,5.443262987,DN14 5NY,D,N,5,Yes,3,3
8F1B26BE-76AA-53DB-E053-6C04A8C03649,11/07/2019,2019,355000,5.550228353,DN14 9TH,D,N,5,Yes,4,3
919FEC06-070A-9A90-E053-6C04A8C0A300,29/07/2019,2019,251000,5.399673721,HU15 2FE,D,N,5,Yes,4,3
93E6821E-62E0-40FD-E053-6B04A8C0C1DF,23/08/2019,2019,140500,5.147676324,DN15 8UG,D,N,5,Yes,4,3
93E6821E-B00A-40FD-E053-6B04A8C0C1DF,20/09/2019,2019,305000,5.484299839,DN14 0BQ,D,N,5,Yes,4,3
93E6821F-156A-40FD-E053-6B04A8C0C1DF,19/08/2019,2019,465000,5.667452953,DN14 8QH,D,N,5,Yes,3,3
965B6D91-71C1-95E4-E053-6C04A8C07729,27/09/2019,2019,159000,5.201397124,DN15 8UG,D,N,5,Yes,4,3
965B6D91-72F0-95E4-E053-6C04A8C07729,18/10/2019,2019,305000,5.484299839,DN17 4JG,D,N,5,Yes,3,3
965B6D91-7311-95E4-E053-6C04A8C07729,25/09/2019,2019,167000,5.222716471,DN15 9HL,D,N,5,Yes,4,3
98C75471-E7C8-72E9-E053-6B04A8C042F0,18/09/2019,2019,425000,5.62838893,DN15 9DH,D,N,5,Yes,4,3
9B361206-51E1-1904-E053-6B04A8C0EEB5,25/11/2019,2019,140500,5.147676324,DN15 8UG,D,N,5,Yes,4,3
9B361206-9419-1904-E053-6B04A8C0EEB5,02/12/2019,2019,380000,5.579783597,YO8 6TA,D,N,5,Yes,4,3
9C516906-1C7D-4AB3-8E86-A0399F738724,24/06/2011,2011,245000,5.389166084,DN14 0BQ,D,N,5,Yes,4,1
9DBAD222-475E-6EB3-E053-6B04A8C0F257,16/12/2019,2019,188000,5.274157849,DN8 5JS,D,N,5,Yes,3,3
9FDB5701-F9BC-4D0C-BFD5-873CDFE097D8,22/10/2014,2014,160000,5.204119983,DN14 0BQ,D,N,5,Yes,4,2
A0A60A3E-8A70-41F4-89F7-6F4E1326C8FF,21/08/2015,2015,149000,5.173186268,DN14 7SS,D,N,5,Yes,4,2
A2439AFF-E948-45AE-B3D0-FCAE61F04B59,18/12/2014,2014,235000,5.371067862,DN14 9TH,D,N,5,Yes,4,2
A5AA1594-3214-4E0B-AB2B-1E170F223220,08/11/2013,2013,183000,5.26245109,DN14 9DD,D,N,5,Yes,3,1
A8328F4C-4DD5-4C6B-8577-3F928A9E1D4E,05/06/2015,2015,122500,5.088136089,HU15 2XL,D,N,5,Yes,4,2
B24CBB80-854E-46F2-925F-01D0F065E4AC,14/03/2011,2011,190000,5.278753601,DN9 1QB,D,N,5,Yes,4,1
B366C652-999D-488D-8BB3-10FF7C0F88CC,18/05/2012,2012,212000,5.326335861,DN14 8RN,D,N,5,Yes,3,1
B3AD698C-B30E-46A9-8CCD-501674B987AB,17/05/2013,2013,243999,5.387388046,DN14 7HL,D,N,5,Yes,4,1
B3D2BBB9-B37D-4619-840F-73841004ACAB,24/08/2012,2012,286000,5.456366033,DN14 9TH,D,N,5,Yes,4,1
B78D80B4-5BD2-4707-B28A-96D8AF5223DC,02/04/2014,2014,120000,5.079181246,DN14 7HL,D,N,5,Yes,4,2
BC422278-DE38-4218-91E7-F2FCB631AE57,18/10/2011,2011,145000,5.161368002,DN14 9RN,D,N,5,Yes,4,1
BC5E3EA4-3A7D-4641-A468-FC81F2EE95CF,03/08/2012,2012,150000,5.176091259,DN14 9RN,D,N,5,Yes,4,1
BDCD63DF-6E81-49D8-BD0E-9E24BC455AC8,25/08/2011,2011,99000,4.995635195,DN14 7HL,D,N,5,Yes,4,1
C28E1A26-1D9A-4FAE-A5C3-A25CECAD2B51,31/03/2015,2015,122000,5.086359831,DN15 8TL,D,N,5,Yes,4,2
C7D40DC8-C05E-4C97-B19F-2387B6992BF1,14/07/2014,2014,158000,5.198657087,DN17 4NF,D,N,5,Yes,3,2
CA9D53F1-34FF-450C-950F-24A3AA3D5691,14/11/2014,2014,155000,5.190331698,DN14 7HL,D,N,5,Yes,4,2
CBDEB1B4-FB9A-4EAE-B64D-A44263ED9D7E,12/12/2011,2011,107000,5.029383778,DN8 5YN,D,N,5,Yes,3,1
D03AB413-FABD-464B-BDE4-DD11BAA46439,09/04/2015,2015,198000,5.29666519,DN9 1QB,D,N,5,Yes,4,2
D2D9CBAD-EFBC-4766-8CFB-7EB22BF5747E,04/07/2014,2014,219950,5.342323966,DN14 9DR,D,N,5,Yes,4,2
DCBA3301-E789-47EA-A6E2-4684A5D814D8,12/06/2015,2015,260000,5.414973348,DN14 0BQ,D,N,5,Yes,4,2
DDA7D3D6-0D27-40F9-86A4-65C7FC31E4B6,25/09/2014,2014,140000,5.146128036,DN17 4RU,D,N,5,Yes,4,2
DE61625B-7619-4D76-9332-DD7BC111CDD5,24/06/2011,2011,205000,5.311753861,DN14 9TH,D,N,5,Yes,4,1
E117031F-E36C-40FC-ACB5-A4D807580E41,01/11/2013,2013,245000,5.389166084,DN7 5TE,D,N,5,Yes,4,1
E136551C-724E-49B7-817C-FE7520BDDA95,10/04/2015,2015,236250,5.373371817,DN7 6AD,D,N,5,Yes,4,2
E3D639F8-490C-4803-AE33-1820F18B05D9,20/02/2015,2015,210000,5.322219295,DN14 9DR,D,N,5,Yes,4,2
E42526BB-DCC7-42F5-B13A-3C94D286C5E3,25/03/2014,2014,210000,5.322219295,DN17 4HS,D,N,5,Yes,3,2
E8C3E5ED-11EE-4895-90A5-3B8EC4412986,06/06/2013,2013,123000,5.089905111,DN14 7SS,D,N,5,Yes,4,1
E9A97683-1FFF-4BE2-86F8-CAB93875562F,21/11/2013,2013,226000,5.354108439,DN14 9TH,D,N,5,Yes,4,1
EC98CF2B-93D5-49D5-B1C8-CB92109556D3,16/05/2014,2014,137500,5.138302698,DN15 8AN,D,N,5,Yes,4,2
EEAD8633-9DAC-442C-9686-3C9991215586,12/10/2012,2012,240000,5.380211242,DN15 9JZ,D,N,5,Yes,4,1
EF17D831-AFAA-45DC-AE53-584CC1BEB6D9,27/04/2015,2015,258000,5.411619706,DN14 9TH,D,N,5,Yes,4,2
F0F07049-4263-40D0-8FBF-7CB8034C6F6C,11/04/2014,2014,180000,5.255272505,DN17 4HS,D,N,5,Yes,3,2
F279F581-219D-4FF3-9B2C-473797F8BC98,11/04/2014,2014,146000,5.164352856,DN14 7SS,D,N,5,Yes,4,2
F3095806-45A4-47C5-85ED-5D8278379EF1,30/06/2015,2015,225000,5.352182518,DN14 9TH,D,N,5,Yes,4,2
F335D391-F7E0-4994-8435-BDBD03E4A7D2,31/10/2014,2014,334950,5.524979982,DN14 7FU,D,Y,5,Yes,3,2
F3945D9A-3479-4AAA-B986-1BE93ADABC91,11/10/2013,2013,248000,5.394451681,DN17 4RU,D,N,5,Yes,4,1
F89AACA0-9053-4BE3-A4A7-F7799AD82460,10/04/2015,2015,299950,5.477048866,DN14 7FU,D,N,5,Yes,3,2
FD33F520-4C2D-4007-8AAE-1106154AE67E,05/09/2014,2014,172500,5.236789099,DN14 7SS,D,N,5,Yes,4,2
FF53A306-04A1-4603-A1AF-62D50BED9816,05/05/2015,2015,227000,5.356025857,DN14 9TH,D,N,5,Yes,4,2
01AED76C-3506-4CFE-BDB8-623420D82EBD,26/01/2011,2011,110000,5.041392685,DN7 4LJ,D,N,4,Yes,4,1
0306060E-93E5-4EBD-896B-AF274C2B6F00,05/08/2014,2014,210000,5.322219295,DN8 4BS,D,N,4,Yes,3,2
0477AD59-6BEF-457A-ADC3-35E3A26DEFDB,03/07/2012,2012,329000,5.517195898,YO8 8NT,D,N,4,Yes,3,1
0F56F7BA-874A-491B-B230-779B5D528DA8,18/03/2011,2011,72000,4.857332496,DN17 4HH,D,N,4,Yes,3,1
13A5ADBB-545D-425B-BA2C-CFF85E49B3F2,14/02/2014,2014,135000,5.130333768,DN15 9DU,D,N,4,Yes,4,2
14245F15-FF3B-4FFE-BAFD-9D484241A4E3,03/07/2015,2015,212500,5.327358934,DN14 5FJ,D,N,4,Yes,3,2
22D725D8-30A9-41CE-B2E9-19EC666F8D01,05/07/2013,2013,136950,5.136562037,DN15 9DU,D,N,4,Yes,4,1
241A4A53-AD5D-706B-E050-A8C06205638B,08/10/2015,2015,121000,5.08278537,DN17 4HH,D,N,4,Yes,3,2
2525156D-D37A-4D5D-A1B6-5931106EFCDC,15/12/2014,2014,143000,5.155336037,DN15 9DU,D,N,4,Yes,4,2
25EA59FA-0FEB-4D50-E050-A8C0630562D0,28/10/2015,2015,185000,5.267171728,YO8 6RB,D,N,4,Yes,4,2
276FFA52-F48D-45C1-8176-D4947C6AAB5B,04/04/2014,2014,205000,5.311753861,DN8 5QU,D,N,4,Yes,3,2
288DCE29-8F6B-E510-E050-A8C06205480E,14/08/2015,2015,288000,5.459392488,YO8 8NT,D,Y,4,Yes,3,2
2A289E9D-F3E6-CDC8-E050-A8C063054829,01/06/2011,2011,269650,5.430800425,DN8 5QU,D,N,4,Yes,3,1
2AC10E4F-92D4-1AF6-E050-A8C063052BA1,21/12/2015,2015,175000,5.243038049,DN14 6PJ,D,N,4,Yes,3,2
2AC10E4F-9524-1AF6-E050-A8C063052BA1,31/10/2013,2013,85000,4.929418926,DN9 1NR,D,N,4,Yes,4,1
2D1E4B26-AAF2-FCD1-E050-A8C0630544EC,12/02/2016,2016,200000,5.301029996,YO8 6YY,D,N,4,Yes,4,2
31FB4C17-68EB-57B9-E050-A8C063053436,30/03/2016,2016,156000,5.193124598,DN14 6SJ,D,N,4,Yes,2,2
31FB4C18-4F34-57B9-E050-A8C063053436,11/01/2016,2016,300000,5.477121255,DN14 7DN,D,N,4,Yes,3,2
34428D7E-1D9E-B86C-E050-A8C06205059C,11/05/2016,2016,110000,5.041392685,DN9 1LR,D,N,4,Yes,4,2
34428D7E-BE81-B86C-E050-A8C06205059C,15/01/2016,2016,185000,5.267171728,DN14 8HS,D,N,4,Yes,4,2
365F8774-BD88-470F-B9F1-BC976D189A5F,31/07/2013,2013,195000,5.290034611,DN9 1NR,D,N,4,Yes,4,1
369DFB16-145B-3A19-E050-A8C0620518C6,03/06/2016,2016,273000,5.436162647,YO8 8HE,D,N,4,Yes,4,2
369DFB16-3FB1-3A19-E050-A8C0620518C6,26/05/2016,2016,290000,5.462397998,DN7 5SJ,D,N,4,Yes,4,2
37584C68-7CDF-45BD-97F0-85C8F5707E7F,21/02/2014,2014,240000,5.380211242,DN14 5FJ,D,N,4,Yes,3,2
37FFD065-C3DF-4547-BA24-55E2AFB9F382,27/10/2014,2014,315000,5.498310554,DN14 7DN,D,N,4,Yes,3,2
39140479-BB8B-3206-E050-A8C063057647,04/07/2016,2016,252500,5.402261382,DN9 1NR,D,N,4,Yes,4,2
3914047A-06C4-3206-E050-A8C063057647,15/07/2016,2016,243000,5.385606274,YO8 8NT,D,N,4,Yes,3,2
39C32D6E-6DE7-4663-9C8B-6C9760C11FDD,20/08/2013,2013,221000,5.344392274,YO8 8NT,D,N,4,Yes,3,1
3B7E0B90-718F-EA99-E050-A8C062057E77,04/08/2016,2016,80000,4.903089987,DN7 5BA,D,N,4,Yes,4,2
3B7E0B90-71D4-EA99-E050-A8C062057E77,22/07/2016,2016,415000,5.618048097,DN14 9AR,D,N,4,Yes,4,2
3BBAC997-8CFC-4D9B-B2EF-05C736AA1442,14/05/2012,2012,285000,5.45484486,DN14 9AQ,D,N,4,Yes,3,1
3D895F73-61F5-46FD-B978-124D4E282CE1,07/06/2012,2012,120000,5.079181246,DN9 1LR,D,N,4,Yes,4,1
404A5AF3-8D8D-CD2B-E050-A8C063055C7B,19/10/2016,2016,175000,5.243038049,DN14 9DP,D,N,4,Yes,4,2
404A5AF3-DF24-CD2B-E050-A8C063055C7B,03/10/2016,2016,161000,5.206825876,YO8 6YY,D,N,4,Yes,4,2
42780906-507A-4710-A22A-ED21ACACCD50,01/07/2011,2011,250000,5.397940009,DN14 8LP,D,N,4,Yes,3,1
42A5A709-4266-56E8-E050-A8C06205331E,14/10/2016,2016,240000,5.380211242,DN14 8LP,D,N,4,Yes,3,2
442F189B-F31D-42AE-B196-A3E2B606F269,30/05/2014,2014,245000,5.389166084,DN14 7BA,D,N,4,Yes,4,2
4493BB70-2723-4A3F-AE4C-5012EAA89F46,20/07/2012,2012,140000,5.146128036,YO8 8NT,D,N,4,Yes,3,1
453D27A3-1A43-EF91-E050-A8C0630574D7,25/11/2016,2016,155000,5.190331698,DN17 4HH,D,N,4,Yes,3,2
453D27A3-1B01-EF91-E050-A8C0630574D7,02/12/2016,2016,262500,5.419129308,DN9 1NR,D,N,4,Yes,4,2
453D27A3-8E37-EF91-E050-A8C0630574D7,21/11/2016,2016,145000,5.161368002,DN7 5BA,D,N,4,Yes,4,2
47844C80-98FB-8986-E050-A8C063056488,09/01/2017,2017,485000,5.685741739,DN14 7DN,D,N,4,Yes,3,3
49B7852A-8295-7921-E050-A8C063056E8D,31/01/2017,2017,135000,5.130333768,DN7 5BA,D,N,4,Yes,4,3
4AB7D8A0-81F6-4E76-AF46-402D09025A91,04/01/2013,2013,242500,5.384711743,YO8 8HE,D,N,4,Yes,4,1
4E95D757-78EB-EDA1-E050-A8C0630539E2,17/03/2017,2017,260000,5.414973348,DN14 7BA,D,N,4,Yes,4,3
4E95D757-7A5F-EDA1-E050-A8C0630539E2,31/10/2013,2013,100000,5,DN9 1NR,D,N,4,Yes,4,1
5376B385-8024-34C1-E053-6B04A8C09FF6,26/05/2017,2017,245000,5.389166084,DN9 1NR,D,N,4,Yes,4,3
5376B385-8067-34C1-E053-6B04A8C09FF6,09/06/2017,2017,120000,5.079181246,DN17 4HH,D,N,4,Yes,3,3
5376B385-CDBE-34C1-E053-6B04A8C09FF6,02/06/2017,2017,179000,5.252853031,YO8 8NT,D,N,4,Yes,3,3
5376B385-CFEA-34C1-E053-6B04A8C09FF6,24/05/2017,2017,220000,5.342422681,YO8 8NT,D,N,4,Yes,3,3
5376B385-D00A-34C1-E053-6B04A8C09FF6,19/05/2017,2017,249000,5.396199347,YO8 6QA,D,N,4,Yes,4,3
5668A2D9-6117-46DD-8B68-E5A859EE0C30,22/10/2012,2012,249999,5.397938271,DN7 5SJ,D,N,4,Yes,4,1
582D0637-5F84-8F22-E053-6C04A8C01BAC,14/08/2017,2017,236000,5.372912003,YO8 6YY,D,N,4,Yes,4,3
5A9D8B55-BF00-68EB-E053-6B04A8C0D293,08/08/2017,2017,130000,5.113943352,DN7 4LJ,D,N,4,Yes,4,3
5A9D8B55-FD44-68EB-E053-6B04A8C0D293,30/08/2017,2017,525000,5.720159303,DN14 7DN,D,N,4,Yes,3,3
5CF9903C-0052-7F13-E053-6C04A8C074B1,07/07/2017,2017,250000,5.397940009,DN9 1NR,D,N,4,Yes,4,3
5CF9903C-888F-7F13-E053-6C04A8C074B1,07/04/2017,2017,220000,5.342422681,DN8 5LB,D,N,4,Yes,3,3
5D3BF1D9-434A-4B7E-8047-9245FA5A5ADB,03/04/2013,2013,240000,5.380211242,DN14 5FJ,D,N,4,Yes,3,1
5FEAA567-A650-403F-9CAE-8D8A854681F3,26/06/2015,2015,295000,5.469822016,DN9 1NR,D,N,4,Yes,4,2
61C20591-0FA0-48D9-AF34-4B13E3D8667D,30/08/2013,2013,109000,5.037426498,DN9 1NR,D,N,4,Yes,4,1
6DA08449-FAB1-30F2-E053-6B04A8C05F3B,08/05/2018,2018,145000,5.161368002,DN14 6JW,D,N,4,Yes,3,3
6DA0844A-3F81-30F2-E053-6B04A8C05F3B,10/05/2018,2018,500000,5.698970004,YO8 8NT,D,N,4,Yes,3,3
7011B109-71CF-8ED6-E053-6B04A8C075C1,23/03/2018,2018,185000,5.267171728,DN9 1NR,D,N,4,Yes,4,3
7011B109-71D9-8ED6-E053-6B04A8C075C1,26/03/2018,2018,220000,5.342422681,DN9 1NR,D,N,4,Yes,4,3
7011B109-B910-8ED6-E053-6B04A8C075C1,25/05/2018,2018,245000,5.389166084,YO8 8NT,D,N,4,Yes,3,3
7011B109-BB6B-8ED6-E053-6B04A8C075C1,11/05/2018,2018,235000,5.371067862,YO8 8NT,D,N,4,Yes,3,3
7011B109-E351-8ED6-E053-6B04A8C075C1,31/05/2018,2018,215000,5.33243846,DN8 4SB,D,N,4,Yes,3,3
748C3ADA-8D06-488A-8744-34FAC485194B,26/06/2014,2014,202400,5.306210508,DN8 5LB,D,N,4,Yes,3,2
75050A85-B5BE-9A88-E053-6B04A8C02390,20/07/2018,2018,265000,5.423245874,DN7 5SJ,D,N,4,Yes,4,3
773788C2-B5D7-2CE4-E053-6C04A8C05E57,27/07/2018,2018,122000,5.086359831,DN14 5XY,D,N,4,Yes,3,3
773788C3-375F-2CE4-E053-6C04A8C05E57,21/12/2016,2016,220000,5.342422681,DN8 5LB,D,N,4,Yes,3,2
79A74E21-A3AE-1289-E053-6B04A8C01627,19/10/2018,2018,300000,5.477121255,DN9 1NR,D,N,4,Yes,4,3
7F70694D-589A-412E-9401-28F3D033E5DB,08/03/2013,2013,203000,5.307496038,YO8 6RB,D,N,4,Yes,4,1
80E1AA98-7CDC-7BF8-E053-6C04A8C00BF2,14/12/2018,2018,267500,5.427323786,YO8 6RB,D,N,4,Yes,4,3
80E1AA98-AB66-7BF8-E053-6C04A8C00BF2,13/12/2018,2018,202500,5.306425028,DN8 5LB,D,N,4,Yes,3,3
83AB5FE0-61EA-4088-AA75-51AE27B16EDA,30/09/2014,2014,262950,5.419873175,DN14 7DN,D,N,4,Yes,3,2
83DE2537-965A-443A-8491-17111EE5883C,17/06/2013,2013,95000,4.977723605,DN9 1NR,D,N,4,Yes,4,1
85866A64-D214-143F-E053-6B04A8C06A15,18/10/2018,2018,220000,5.342422681,DN9 1NR,D,N,4,Yes,4,3
86282235-BA6F-4325-865F-B04BC42A122F,06/05/2011,2011,200000,5.301029996,DN14 9AQ,D,N,4,Yes,3,1
86BE104F-BD8D-4385-AEA6-7CE3E7BE9C9B,06/02/2015,2015,165000,5.217483944,YO8 8NT,D,N,4,Yes,3,2
87E1551E-3AED-6405-E053-6C04A8C0B2EE,15/02/2019,2019,212500,5.327358934,DN9 1LR,D,N,4,Yes,4,3
8CAC1318-BCC7-0253-E053-6B04A8C08E51,07/06/2019,2019,188000,5.274157849,DN8 5QU,D,N,4,Yes,3,3
8F1B26BD-C15B-53DB-E053-6C04A8C03649,28/06/2019,2019,368500,5.566437492,DN9 1NR,D,N,4,Yes,4,3
90655B9B-F062-420F-AEC2-66CCB40D92F4,28/04/2011,2011,145000,5.161368002,DN7 4LJ,D,N,4,Yes,4,1
919FEC05-4D95-9A90-E053-6C04A8C0A300,19/07/2019,2019,290000,5.462397998,DN9 1NR,D,N,4,Yes,4,3
919FEC05-4FAF-9A90-E053-6C04A8C0A300,12/07/2019,2019,215000,5.33243846,DN9 1LR,D,N,4,Yes,4,3
919FEC05-C89A-9A90-E053-6C04A8C0A300,31/07/2019,2019,309000,5.489958479,DN7 5SJ,D,N,4,Yes,4,3
93E6821F-15CC-40FD-E053-6B04A8C0C1DF,19/07/2019,2019,242500,5.384711743,DN14 8QA,D,N,4,Yes,3,3
97927740-0281-476F-BD8E-58B8C90798BC,27/11/2013,2013,304500,5.483587297,DN14 8QW,D,N,4,Yes,3,1
9B361206-97E2-1904-E053-6B04A8C0EEB5,09/12/2019,2019,260000,5.414973348,YO8 8NT,D,N,4,Yes,3,3
9B361206-F28C-1904-E053-6B04A8C0EEB5,13/12/2019,2019,250000,5.397940009,DN14 8LP,D,N,4,Yes,3,3
A70CE166-51FC-43E0-AA54-B03DE376E9E7,22/11/2013,2013,227000,5.356025857,DN14 9DP,D,N,4,Yes,4,1
ACFACDAD-4DD6-4490-91A4-C37D32BE6FF3,25/10/2012,2012,177500,5.249198357,YO8 6RB,D,N,4,Yes,4,1
B8FE8CF1-0F24-4A5F-9D5E-951CCB38D164,09/07/2015,2015,465000,5.667452953,DN14 9AW,D,N,4,Yes,4,2
B9176E43-513C-43AB-985F-3BEDF0363DEC,28/11/2014,2014,380000,5.579783597,DN9 1NR,D,N,4,Yes,4,2
BD6B583F-0A6F-4187-B143-B83FA41F195A,24/02/2012,2012,205000,5.311753861,YO8 8NT,D,N,4,Yes,3,1
C44E5EF3-5CE5-4314-A544-0E2FA5D5CC85,21/02/2014,2014,215000,5.33243846,YO8 6QA,D,N,4,Yes,4,2
C7A1F466-2386-47E4-8A41-111F92AF9684,28/08/2015,2015,286500,5.457124626,DN14 7DN,D,N,4,Yes,3,2
C8952C8D-86A7-4B83-996D-2382D739B152,14/12/2012,2012,120000,5.079181246,DN7 5BA,D,N,4,Yes,4,1
C94D0AB9-8DB2-4CA1-9CE0-540D1CF55F76,28/01/2014,2014,215000,5.33243846,DN9 1NR,D,N,4,Yes,4,2
D21705F9-B8BA-44D1-9151-42D477F953DE,12/05/2015,2015,170000,5.230448921,DN8 5QU,D,N,4,Yes,3,2
D34CEEB4-6563-41EB-9BEA-B06B54212204,10/12/2014,2014,280000,5.447158031,YO8 8NT,D,N,4,Yes,3,2
DB723170-76D7-4C09-8F5F-AE6F6A6747B2,29/07/2011,2011,239950,5.380120754,YO8 8NT,D,N,4,Yes,3,1
DCA52A4D-6956-41D1-AB81-71E9708A4BF1,01/11/2013,2013,175000,5.243038049,YO8 6QA,D,N,4,Yes,4,1
E3B49E5C-FFBA-4866-80AE-42FEE51C947D,29/05/2015,2015,340000,5.531478917,DN14 7DN,D,N,4,Yes,3,2
EA25497F-6E74-45D6-B362-EE831872302B,02/10/2014,2014,165000,5.217483944,YO8 8NT,D,N,4,Yes,3,2
EED6FCB9-1E65-4CF7-84F0-33272BF03CCF,31/10/2013,2013,220000,5.342422681,DN9 1NR,D,Y,4,Yes,4,1
F0BE3C9E-226D-417F-A6E9-73F238597F58,20/04/2015,2015,165000,5.217483944,DN14 9DP,D,N,4,Yes,4,2
FAE1F7A6-7D92-4273-81AA-3FE07AE2DD6D,28/10/2013,2013,90000,4.954242509,DN8 4BS,D,N,4,Yes,3,1
FB97836F-BB58-4AAA-BF91-2024443DF9D7,07/03/2014,2014,240000,5.380211242,DN8 5LB,D,N,4,Yes,3,2
FDD8A912-F533-4AAA-BC88-4230A1528C3C,11/05/2011,2011,120000,5.079181246,DN14 9AR,D,N,4,Yes,4,1
01AF440C-35F4-49F9-9C49-4BB1E522D7B3,03/07/2012,2012,147500,5.16879202,DN7 4DN,D,N,3,Yes,4,1
0A639575-ABD3-4EC1-8FEF-66F62B07D409,08/07/2011,2011,205000,5.311753861,DN17 4JF,D,N,3,Yes,3,1
0B564252-F07C-4E23-BE02-A883A9268BA3,13/11/2013,2013,249995,5.397931323,DN7 6AX,D,N,3,Yes,4,1
0ECA00CF-5C32-452C-B3C0-3DF4BF590FE6,07/08/2015,2015,242500,5.384711743,DN7 6ET,D,N,3,Yes,4,2
13055290-04F5-444A-A21F-A407A7B1961F,11/07/2014,2014,320000,5.505149978,DN14 7HS,D,N,3,Yes,4,2
178037EB-D924-4EEB-B14C-4D634586D65B,26/06/2013,2013,175000,5.243038049,DN17 4NT,D,N,3,Yes,3,1
19D2902C-D3A9-4375-AE22-BE5A61950627,11/03/2011,2011,94000,4.973127854,DN7 4HW,D,N,3,Yes,4,1
1AF29BDF-AEB2-4521-8F88-2E989438955D,25/07/2014,2014,118000,5.071882007,DN7 4HW,D,N,3,Yes,4,2
1EF5B9AE-15BC-4531-9FB3-D8804D8A4BFE,03/08/2012,2012,229950,5.361633414,DN17 3HJ,D,N,3,Yes,4,1
2161F454-C682-4786-9715-01EBF031D3B9,26/09/2012,2012,210000,5.322219295,DN17 4LT,D,N,3,Yes,3,1
23440D52-31B7-453E-B57D-89B3C4C2BDB2,31/03/2011,2011,263334,5.420506936,DN14 9RW,D,N,3,Yes,4,1
23B6165E-5E34-FCF4-E050-A8C0620577FA,11/09/2015,2015,235000,5.371067862,DN14 7HS,D,N,3,Yes,4,2
23B6165E-602B-FCF4-E050-A8C0620577FA,28/09/2015,2015,155000,5.190331698,DN17 4PH,D,N,3,Yes,3,2
25107FF0-07B4-44F3-ABBD-27AE4D4C874F,28/06/2012,2012,164000,5.214843848,DN8 5TS,D,N,3,Yes,3,1
25EA59FA-33E1-4D50-E050-A8C0630562D0,26/08/2015,2015,159000,5.201397124,DN7 4HW,D,N,3,Yes,4,2
288DCE29-3806-E510-E050-A8C06205480E,10/11/2015,2015,108000,5.033423755,DN15 8TS,D,N,3,Yes,4,2
288DCE29-3BA2-E510-E050-A8C06205480E,09/12/2015,2015,152000,5.181843588,DN17 4NT,D,N,3,Yes,3,2
288DCE29-8C03-E510-E050-A8C06205480E,26/11/2015,2015,440000,5.643452676,YO8 8NP,D,N,3,Yes,3,2
2AC10E4F-9399-1AF6-E050-A8C063052BA1,18/01/2016,2016,185000,5.267171728,DN17 4LT,D,N,3,Yes,3,2
726BF13A-D5C4-0A46-E053-6C04A8C01D0D,21/06/2018 00:00,2018,225000,5.352182518,DN9 1GX,D,N,,,4,3
2AC10E50-50B4-1AF6-E050-A8C063052BA1,07/01/2016,2016,260000,5.414973348,DN14 8LF,D,N,3,Yes,3,2
2D1E4B26-6222-FCD1-E050-A8C0630544EC,08/01/2016,2016,350000,5.544068044,DN14 0DN,D,N,3,Yes,4,2
2D1E4B26-D5A9-FCD1-E050-A8C0630544EC,25/02/2016,2016,170000,5.230448921,DN8 5TS,D,N,3,Yes,3,2
2FD36066-1249-4BF8-E050-A8C0620562B1,03/03/2016,2016,179700,5.254548077,DN7 6BN,D,N,3,Yes,4,2
308AD206-1039-4E5C-8AAB-16B75EC7DC9B,20/11/2012,2012,168000,5.225309282,DN17 4LT,D,N,3,Yes,3,1
31FB4C17-6956-57B9-E050-A8C063053436,11/03/2016,2016,250000,5.397940009,DN14 6XN,D,N,3,Yes,3,2
31FB4C17-6BA8-57B9-E050-A8C063053436,30/03/2016,2016,155000,5.190331698,DN17 4HU,D,N,3,Yes,3,2
32446788-299F-4F84-8179-73037DB4D0BD,23/10/2013,2013,195000,5.290034611,DN7 5LW,D,N,3,Yes,4,1
35D362DF-8CAC-4B8B-8D9E-000E8061D842,05/09/2014,2014,148000,5.170261715,DN14 7SR,D,N,3,Yes,4,2
369DFB16-409D-3A19-E050-A8C0620518C6,16/05/2016,2016,144500,5.159867847,DN7 5SS,D,N,3,Yes,4,2
369DFB16-41DD-3A19-E050-A8C0620518C6,13/05/2016,2016,96000,4.982271233,DN8 5YW,D,N,3,Yes,3,2
369DFB16-7874-3A19-E050-A8C0620518C6,29/04/2016,2016,295500,5.470557485,DN14 9RW,D,N,3,Yes,4,2
3AF53F42-2345-465C-AD54-66DF5824EEC7,26/03/2014,2014,215000,5.33243846,DN14 6XN,D,N,3,Yes,3,2
3B7E0B90-7235-EA99-E050-A8C062057E77,24/06/2016,2016,135000,5.130333768,DN8 5TS,D,N,3,Yes,3,2
3B7E0B90-7246-EA99-E050-A8C062057E77,18/07/2016,2016,165000,5.217483944,DN8 5TS,D,N,3,Yes,3,2
3B7E0B90-B4B3-EA99-E050-A8C062057E77,22/07/2016,2016,225000,5.352182518,DN14 7HS,D,N,3,Yes,4,2
3C7745DF-BBF5-4661-8A36-7E0CCF34C079,19/04/2012,2012,90000,4.954242509,DN14 6NT,D,N,3,Yes,2,1
3D334C9E-3DAC-40BD-9B5C-0FAD66BB8468,22/01/2014,2014,158000,5.198657087,DN7 4HW,D,N,3,Yes,4,2
3D429DD4-29D8-4EE1-9AC2-EE471E2623A1,28/03/2014,2014,297500,5.47348697,DN14 0DN,D,N,3,Yes,4,2
404A5AF3-8E63-CD2B-E050-A8C063055C7B,30/09/2016,2016,258000,5.411619706,DN14 6XN,D,N,3,Yes,3,2
404A5AF3-8FA0-CD2B-E050-A8C063055C7B,12/10/2016,2016,130000,5.113943352,DN17 3NG,D,N,3,Yes,4,2
404A5AF3-DD05-CD2B-E050-A8C063055C7B,20/09/2016,2016,179950,5.255151851,YO8 8NP,D,N,3,Yes,3,2
4451C74B-56BC-46C3-9A21-7F0D2860781C,20/07/2012,2012,180000,5.255272505,DN14 6XN,D,N,3,Yes,3,1
453D27A3-1A7D-EF91-E050-A8C0630574D7,04/11/2016,2016,275000,5.439332694,DN17 4HU,D,N,3,Yes,3,2
453D27A3-1A7E-EF91-E050-A8C0630574D7,02/12/2016,2016,226000,5.354108439,DN17 4PH,D,N,3,Yes,3,2
453D27A3-92BB-EF91-E050-A8C0630574D7,14/12/2016,2016,132500,5.122215878,DN8 5YW,D,N,3,Yes,3,2
453D27A3-CA80-EF91-E050-A8C0630574D7,02/12/2016,2016,235000,5.371067862,DN14 7HS,D,N,3,Yes,4,2
47844C7F-DB4A-8986-E050-A8C063056488,09/01/2017,2017,302500,5.480725379,DN17 4PH,D,N,3,Yes,3,3
47844C80-59C2-8986-E050-A8C063056488,02/09/2016,2016,186000,5.269512944,DN7 5SS,D,N,3,Yes,4,2
48177217-444B-486F-B6C6-49E7D2C61939,22/06/2012,2012,108250,5.034427905,DN17 4NT,D,N,3,Yes,3,1
48F5002A-2AD3-475C-AF69-D6C97B476572,04/03/2011,2011,228000,5.357934847,DN14 6XN,D,N,3,Yes,3,1
49B7852A-1737-7921-E050-A8C063056E8D,09/12/2016,2016,480000,5.681241237,DN17 4LT,D,N,3,Yes,3,2
49C2A58B-A7F4-466E-9558-20C53EDFAB4E,31/01/2013,2013,155000,5.190331698,DN14 0DB,D,N,3,Yes,4,1
4B2F8753-7071-47F3-83A6-476A2F3C5A82,28/02/2014,2014,260000,5.414973348,DN14 9RW,D,N,3,Yes,4,2
4C4EDFFF-6DDB-1854-E050-A8C063054F34,10/03/2017,2017,280000,5.447158031,DN14 6XN,D,N,3,Yes,3,3
4DC8AF6D-365A-434D-8DCE-796D041D68C0,17/07/2015,2015,230000,5.361727836,DN14 7RA,D,N,3,Yes,3,2
4E95D757-7818-EDA1-E050-A8C0630539E2,24/03/2017,2017,157000,5.195899652,DN17 4PH,D,N,3,Yes,3,3
4E95D757-D9CE-EDA1-E050-A8C0630539E2,26/08/2016,2016,114950,5.060508976,DN7 4HW,D,N,3,Yes,4,2
4E95D758-0BA4-EDA1-E050-A8C0630539E2,24/03/2017,2017,240000,5.380211242,DN14 7HS,D,N,3,Yes,4,3
50F18103-1DA1-9FD5-E050-A8C063054923,24/03/2017,2017,180000,5.255272505,DN17 4LT,D,N,3,Yes,3,3
50F18103-8F09-9FD5-E050-A8C063054923,29/03/2017,2017,275000,5.439332694,DN7 6AX,D,N,3,Yes,4,3
5376B385-8001-34C1-E053-6B04A8C09FF6,31/05/2017,2017,220000,5.342422681,DN14 0DB,D,N,3,Yes,4,3
5376B385-8099-34C1-E053-6B04A8C09FF6,16/05/2017,2017,215000,5.33243846,DN17 4JF,D,N,3,Yes,3,3
5376B386-3867-34C1-E053-6B04A8C09FF6,26/05/2017,2017,175000,5.243038049,DN14 6UT,D,N,3,Yes,2,3
538FE88A-C739-47BE-96DA-687D72DAA666,14/03/2011,2011,165000,5.217483944,DN7 4DN,D,N,3,Yes,4,1
53A6A1A9-BDC2-44EE-9055-93BDBFA95BB6,19/12/2013,2013,184000,5.264817823,DN14 7SR,D,N,3,Yes,4,1
54E8099B-3911-4DCE-9DCB-ED7CF81F78DD,28/10/2011,2011,75000,4.875061263,DN7 4HW,D,N,3,Yes,4,1
557D29AF-BFC5-4AD7-8051-EBE7C7EAE1D2,25/07/2014,2014,215000,5.33243846,DN7 5SS,D,N,3,Yes,4,2
55BDCAE6-055D-521D-E053-6B04A8C0DD7A,14/07/2017,2017,355000,5.550228353,DN15 9EX,D,N,3,Yes,4,3
55BDCAE6-06B9-521D-E053-6B04A8C0DD7A,03/07/2017,2017,210000,5.322219295,DN17 4NT,D,N,3,Yes,3,3
55BDCAE6-C29A-521D-E053-6B04A8C0DD7A,13/07/2017,2017,282000,5.450249108,DN14 9RW,D,N,3,Yes,4,3
582D0637-0B3C-8F22-E053-6C04A8C01BAC,31/07/2017,2017,200000,5.301029996,DN17 4NT,D,N,3,Yes,3,3
7403BD02-7AE1-42B5-B15B-8ED84FB1E87B,24/11/2011 00:00,2011,222995,5.348295125,DN9 1GX,D,Y,,,4,1
582D0637-8FF7-8F22-E053-6C04A8C01BAC,11/08/2017,2017,390000,5.591064607,DN7 5SS,D,N,3,Yes,4,3
582D0637-954D-8F22-E053-6C04A8C01BAC,21/07/2017,2017,115000,5.06069784,DN8 5YW,D,N,3,Yes,3,3
5C675B78-22F3-4A0C-9474-AD5A79F2B89F,11/04/2013,2013,165000,5.217483944,DN17 4LT,D,N,3,Yes,3,1
5CF9903B-FDF7-7F13-E053-6C04A8C074B1,25/09/2017,2017,162000,5.209515015,DN17 4HU,D,N,3,Yes,3,3
5CF9903C-007F-7F13-E053-6C04A8C074B1,29/09/2017,2017,200000,5.301029996,DN17 4HU,D,N,3,Yes,3,3
5CF9903C-839C-7F13-E053-6C04A8C074B1,13/10/2017,2017,160000,5.204119983,DN7 6LF,D,N,3,Yes,4,3
5E7352C8-175E-4C7A-AB7B-89763E0D6B42,04/05/2012,2012,213000,5.328379603,DN17 4JF,D,N,3,Yes,3,1
5EFB3E16-6995-49A8-A917-EC69950F53AF,19/07/2013,2013,250000,5.397940009,DN7 5SS,D,N,3,Yes,4,1
61D36C02-58E2-4117-8623-7E8B11FE259D,09/01/2015,2015,500000,5.698970004,DN17 3HJ,D,N,3,Yes,4,2
61D8894D-F604-3DE6-E053-6C04A8C01207,24/11/2017,2017,175000,5.243038049,DN17 4HU,D,N,3,Yes,3,3
61FC5945-CC55-4C3C-A15D-0C3D6F79516E,24/10/2011,2011,134000,5.127104798,DN15 8TS,D,N,3,Yes,4,1
64342BFE-E042-422C-E053-6C04A8C0FB8A,15/12/2017,2017,154000,5.187520721,DN7 4HW,D,N,3,Yes,4,3
68397EBC-1158-4050-8E11-5CB405653633,08/09/2015,2015,130000,5.113943352,DN14 6NT,D,N,3,Yes,2,2
68FEB20B-8942-38DA-E053-6C04A8C051AE,02/03/2018,2018,325000,5.511883361,DN14 7RA,D,N,3,Yes,3,3
68FEB20B-895C-38DA-E053-6C04A8C051AE,12/03/2018,2018,190000,5.278753601,DN17 4NT,D,N,3,Yes,3,3
68FEB20B-8B95-38DA-E053-6C04A8C051AE,02/03/2018,2018,169000,5.227886705,DN14 7SR,D,N,3,Yes,4,3
69A897DD-93D4-4B0B-A316-613A6C971143,27/11/2013,2013,115000,5.06069784,DN7 4HW,D,N,3,Yes,4,1
6B32222C-B089-01F1-E053-6C04A8C0D2C8,26/03/2018,2018,340000,5.531478917,DN7 5SS,D,N,3,Yes,4,3
6B9ECEB1-6CC0-426C-B3C0-740C328D117B,13/03/2015,2015,127000,5.103803721,DN17 4HU,D,N,3,Yes,3,2
6DA08449-FA9E-30F2-E053-6B04A8C05F3B,20/04/2018,2018,230000,5.361727836,DN17 4NT,D,N,3,Yes,3,3
6DA08449-FC2B-30F2-E053-6B04A8C05F3B,04/05/2018,2018,220000,5.342422681,DN17 3HJ,D,N,3,Yes,4,3
6DA0844A-651C-30F2-E053-6B04A8C05F3B,04/05/2018,2018,165000,5.217483944,DN7 4HW,D,N,3,Yes,4,3
726BF13A-D338-0A46-E053-6C04A8C01D0D,14/02/2018,2018,325000,5.511883361,DN14 7HS,D,N,3,Yes,4,3
738985C5-B23F-4410-BAD1-6A1EF0064FC5,17/05/2013,2013,125000,5.096910013,DN9 1TG,D,N,3,Yes,4,1
743AD718-7066-41D1-A680-655D63DE92D9,28/09/2012,2012,168000,5.225309282,DN17 4JF,D,N,3,Yes,3,1
75050A85-30E0-9A88-E053-6B04A8C02390,20/07/2018,2018,230000,5.361727836,DN17 4NT,D,N,3,Yes,3,3
75050A85-F807-9A88-E053-6B04A8C02390,03/08/2018,2018,230500,5.36267093,DN7 6AP,D,N,3,Yes,4,3
75050A85-2DAA-9A88-E053-6B04A8C02390,02/08/2018 00:00,2018,197500,5.2955671,DN9 1LJ,D,N,,,4,3
75AF74F3-C02D-4FA2-8D35-36268887F620,04/07/2014,2014,148500,5.171726454,DN7 4HW,D,N,3,Yes,4,2
76730485-53A3-43A4-8CCE-DACC938F5DA4,13/01/2014,2014,215000,5.33243846,DN14 9QU,D,N,3,Yes,4,2
773788C2-B226-2CE4-E053-6C04A8C05E57,31/08/2018,2018,175000,5.243038049,DN14 6UT,D,N,3,Yes,2,3
773788C2-B3FD-2CE4-E053-6C04A8C05E57,05/09/2018,2018,247000,5.392696953,DN14 6XN,D,N,3,Yes,3,3
773788C2-B459-2CE4-E053-6C04A8C05E57,09/08/2018,2018,237500,5.375663614,DN17 4JF,D,N,3,Yes,3,3
773788C3-328E-2CE4-E053-6C04A8C05E57,20/07/2018,2018,140000,5.146128036,DN7 4HW,D,N,3,Yes,4,3
773788C3-7600-2CE4-E053-6C04A8C05E57,08/06/2018,2018,450000,5.653212514,DN14 7ZF,D,N,3,Yes,4,3
79A74E21-A3DA-1289-E053-6B04A8C01627,27/09/2018,2018,185000,5.267171728,DN17 4NT,D,N,3,Yes,3,3
79A74E22-7716-1289-E053-6B04A8C01627,20/09/2018,2018,260000,5.414973348,DN14 0DN,D,N,3,Yes,4,3
7BE00B44-FE22-41B1-828C-B5F3BAC9E056,23/05/2014,2014,225000,5.352182518,DN7 6AX,D,N,3,Yes,4,2
7C90D30A-46B4-464C-AE04-B272EEDB945B,17/04/2015,2015,137500,5.138302698,DN8 5YW,D,N,3,Yes,3,2
80E1AA98-2AC5-7BF8-E053-6C04A8C00BF2,18/12/2018,2018,265000,5.423245874,DN15 9EX,D,N,3,Yes,4,3
8355F009-0D17-55C5-E053-6B04A8C0D090,08/02/2019,2019,250000,5.397940009,DN17 4NT,D,N,3,Yes,3,3
8393957F-1B75-414B-91C5-35D24768C6B3,14/08/2015,2015,190000,5.278753601,DN17 4PH,D,N,3,Yes,3,2
86546123-48C4-4EB9-903B-6D37B60E0BB4,26/08/2011,2011,205000,5.311753861,DN17 4JF,D,N,3,Yes,3,1
87452132-E6B1-4E9B-9D27-2C91C113617E,04/09/2015,2015,200000,5.301029996,DN7 5LL,D,N,3,Yes,4,2
87E1551E-3B60-6405-E053-6C04A8C0B2EE,01/03/2019,2019,235000,5.371067862,DN17 4NT,D,N,3,Yes,3,3
8CAC1318-B7B6-0253-E053-6B04A8C08E51,31/05/2019,2019,155000,5.190331698,DN8 5TS,D,N,3,Yes,3,3
919FEC05-4E1A-9A90-E053-6C04A8C0A300,31/07/2019,2019,174000,5.240549248,DN17 4HU,D,N,3,Yes,3,3
919FEC05-CDAC-9A90-E053-6C04A8C0A300,26/07/2019,2019,115000,5.06069784,DN8 5YW,D,N,3,Yes,3,3
919FEC06-07D3-9A90-E053-6C04A8C0A300,04/07/2019,2019,299995,5.477114016,DN14 7ZH,D,Y,3,Yes,4,3
919FEC06-07D4-9A90-E053-6C04A8C0A300,05/07/2019,2019,239995,5.380202194,DN14 7ZH,D,Y,3,Yes,4,3
919FEC06-07D5-9A90-E053-6C04A8C0A300,28/06/2019,2019,224995,5.352172867,DN14 7ZH,D,Y,3,Yes,4,3
93E6821E-5F92-40FD-E053-6B04A8C0C1DF,10/09/2019,2019,220000,5.342422681,DN14 0DN,D,N,3,Yes,4,3
93E6821E-5FE5-40FD-E053-6B04A8C0C1DF,06/09/2019,2019,250000,5.397940009,DN14 9QU,D,N,3,Yes,4,3
93E6821E-605A-40FD-E053-6B04A8C0C1DF,30/08/2019,2019,200000,5.301029996,DN17 4HU,D,N,3,Yes,3,3
93E6821E-D6E2-40FD-E053-6B04A8C0C1DF,23/08/2019,2019,127500,5.105510185,DN7 4HW,D,N,3,Yes,4,3
93F25D3E-05B0-4BD7-B02A-83036BCC374F,18/07/2011,2011,280000,5.447158031,DN17 4JF,D,N,3,Yes,3,1
965B6D91-EDA7-95E4-E053-6C04A8C07729,30/08/2019,2019,362000,5.558708571,DN7 5SS,D,N,3,Yes,4,3
965B6D92-2EDB-95E4-E053-6C04A8C07729,27/09/2019,2019,230000,5.361727836,DN14 6UT,D,N,3,Yes,2,3
965B6D92-2EEC-95E4-E053-6C04A8C07729,30/08/2019,2019,355000,5.550228353,DN14 0FQ,D,N,3,Yes,4,3
98C75472-5E40-72E9-E053-6B04A8C042F0,15/10/2019,2019,158000,5.198657087,DN8 5TS,D,N,3,Yes,3,3
98C75472-61D5-72E9-E053-6B04A8C042F0,15/11/2019,2019,238000,5.376576957,DN7 6BN,D,N,3,Yes,4,3
98C75472-6337-72E9-E053-6B04A8C042F0,17/10/2019,2019,115000,5.06069784,DN8 5YW,D,N,3,Yes,3,3
98C75472-9BB9-72E9-E053-6B04A8C042F0,28/06/2019,2019,299995,5.477114016,DN14 7ZH,D,Y,3,Yes,4,3
9B361206-50FE-1904-E053-6B04A8C0EEB5,28/11/2019,2019,250000,5.397940009,DN17 4NT,D,N,3,Yes,3,3
9DBAD221-CA92-6EB3-E053-6B04A8C0F257,29/11/2019,2019,290000,5.462397998,DN17 4LT,D,N,3,Yes,3,3
9EC099C7-787F-48CB-ADFC-97E2E6BB65D5,26/03/2014,2014,270000,5.431363764,DN14 6XN,D,N,3,Yes,3,2
A2120592-BF52-4E50-9E17-CDA886F576B0,03/03/2014,2014,202500,5.306425028,DN14 0DN,D,N,3,Yes,4,2
A31F6663-1DF8-4869-87A8-2B9D4890C76C,18/08/2011,2011,135000,5.130333768,DN7 6LA,D,N,3,Yes,4,1
A4A30D5A-230A-2D0D-E053-6C04A8C00191,31/10/2018,2018,320000,5.505149978,DN14 0FQ,D,N,3,Yes,4,3
A96E4ACC-C637-9205-E053-6C04A8C0DA09,11/07/2019,2019,299995,5.477114016,DN14 7ZH,D,Y,3,Yes,4,3
A99A708C-2859-4B11-BE50-4363A3E8D150,07/02/2013,2013,205000,5.311753861,DN14 6XN,D,N,3,Yes,3,1
AACBB5D1-8270-4062-B379-F8B71022DF5F,21/06/2012,2012,175000,5.243038049,DN14 7SR,D,N,3,Yes,4,1
ACB154F3-77B1-4656-9AD7-1D0E708A65E2,08/05/2015,2015,157500,5.197280558,DN17 4HU,D,N,3,Yes,3,2
B0ECF426-78E2-43A8-A014-57F6F9956CE2,16/03/2012,2012,154000,5.187520721,DN14 0DB,D,N,3,Yes,4,1
B4695388-AF2D-45AA-BE7A-0C5CB477B3B7,21/02/2011,2011,121000,5.08278537,DN7 4HW,D,N,3,Yes,4,1
BBC272F9-723D-4CB8-9D29-F1256420C78D,22/05/2012,2012,77000,4.886490725,DN7 4HW,D,N,3,Yes,4,1
BBD4C003-61B8-4FDD-A0D3-02DC5FAE144D,17/02/2015,2015,215000,5.33243846,DN14 9QU,D,N,3,Yes,4,2
BC186049-12A8-4D8A-84F1-105433F4C15C,26/11/2012,2012,215000,5.33243846,DN14 7HS,D,N,3,Yes,4,1
C12595EA-FF9B-4075-8244-C108FA4F8D2A,19/09/2014,2014,170000,5.230448921,DN14 6UT,D,N,3,Yes,2,2
C24B0214-110B-4FF4-8320-A04A56AF3ADF,29/11/2012,2012,240000,5.380211242,DN17 4PH,D,N,3,Yes,3,1
C7FB0EA4-0A36-4646-8C71-32E034C653FA,15/05/2015,2015,230000,5.361727836,DN14 6XN,D,N,3,Yes,3,2
C850BB52-7870-4396-9758-0DB72FABAF03,12/04/2013,2013,250000,5.397940009,DN17 4PH,D,N,3,Yes,3,1
C98D4D99-AD9C-4301-9DC2-8B1425A40954,17/04/2014,2014,145000,5.161368002,DN7 5SS,D,N,3,Yes,4,2
D3835B67-3BA7-48F8-A859-2D68719CE84F,27/09/2013,2013,180000,5.255272505,DN17 4JF,D,N,3,Yes,3,1
D7F496EA-FE11-4E31-B298-1B83202611F0,06/11/2012,2012,95000,4.977723605,DN17 4PH,D,N,3,Yes,3,1
DD8F0E23-3692-4124-A94D-DF7CB6C71C0D,23/03/2012,2012,130000,5.113943352,DN7 5SS,D,N,3,Yes,4,1
E6009A1E-823F-464A-8B74-C0975B3A6A53,06/12/2013,2013,250000,5.397940009,DN14 8LF,D,N,3,Yes,3,1
E61E2156-A3E2-485F-B70E-244E34E9A732,17/05/2012,2012,249000,5.396199347,DN7 6AX,D,N,3,Yes,4,1
E85CA837-3353-47CB-93B7-02AD4ACFA78A,05/09/2012,2012,150000,5.176091259,DN17 4LT,D,N,3,Yes,3,1
757DA1DF-4D0A-4F66-B364-E898714C9524,22/05/2012 00:00,2012,258000,5.411619706,DN9 1EB,D,N,,,4,1
ED906D58-93C6-4CDC-B44D-526885894C36,07/07/2015,2015,190000,5.278753601,DN17 4NT,D,N,3,Yes,3,2
EDEE1621-46C8-44A4-91D0-803B76ACFA02,27/07/2015,2015,225000,5.352182518,DN14 0DB,D,N,3,Yes,4,2
F1D346B5-7C1C-451B-BC18-B13D8C000AD4,20/07/2012,2012,305000,5.484299839,DN17 3HJ,D,N,3,Yes,4,1
F449F812-413B-4946-B234-79ABBB6C02E0,01/09/2014,2014,146500,5.165837625,DN14 7SR,D,N,3,Yes,4,2
F5C7343E-9B16-4D44-AD59-33DF1605BD1A,20/03/2015,2015,95000,4.977723605,DN7 4HW,D,N,3,Yes,4,2
F5CFC579-5A0B-45B8-948F-A57C3765BA4B,22/02/2012,2012,201000,5.303196057,DN15 9EX,D,N,3,Yes,4,1
FF61AE90-73C6-4FAE-866D-F8D945E98F7D,12/07/2011,2011,275000,5.439332694,YO8 8NP,D,N,3,Yes,3,1
7612A7ED-1538-4BA6-A4B7-FE5B4E29D8DA,23/06/2015 00:00,2015,365000,5.562292864,DN9 1JR,D,N,,,4,2
03EBAE39-2A0D-4865-8AF4-95A1F2C27F29,19/02/2015,2015,180000,5.255272505,DN15 9EZ,D,N,2,Yes,4,2
04CC560D-8520-40DC-90AF-6A09E3AF3713,07/02/2012,2012,185000,5.267171728,DN14 9HA,D,N,2,Yes,3,1
09451D6B-D653-44F4-9984-3EF10027D9E2,12/03/2013,2013,232000,5.365487985,DN14 9HA,D,N,2,Yes,3,1
0BC54890-6C46-48E5-A785-0818B4DC5BB4,31/10/2013,2013,125000,5.096910013,DN14 7TJ,D,N,2,Yes,3,1
0F56AC49-13A0-4AF3-8F23-9289DB61EA9F,13/11/2014,2014,217500,5.337459261,DN9 1LA,D,N,2,Yes,4,2
15F9746F-3AB0-4419-9122-EF3C074ED017,28/07/2015,2015,330000,5.51851394,DN14 7GE,D,N,2,Yes,4,2
1F78E9BA-8F1E-4052-9BC0-9FA6347DECCE,05/12/2011,2011,265000,5.423245874,DN14 7GE,D,N,2,Yes,4,1
23B6165E-B8F5-FCF4-E050-A8C0620577FA,11/09/2015,2015,175000,5.243038049,YO8 6RE,D,N,2,Yes,4,2
23B6165E-EA44-FCF4-E050-A8C0620577FA,23/09/2015,2015,167000,5.222716471,DN8 5BU,D,N,2,Yes,3,2
23B6165F-2DA2-FCF4-E050-A8C0620577FA,25/09/2015,2015,323000,5.509202522,DN14 7BG,D,N,2,Yes,3,2
25EA59F9-CCE1-4D50-E050-A8C0630562D0,05/11/2015,2015,190000,5.278753601,DN9 1LA,D,N,2,Yes,4,2
25EA59F9-CDBE-4D50-E050-A8C0630562D0,23/10/2015,2015,335000,5.525044807,DN9 1PH,D,N,2,Yes,4,2
25EA59FA-3632-4D50-E050-A8C0630562D0,20/11/2015,2015,168000,5.225309282,DN7 4QA,D,N,2,Yes,4,2
288DCE29-3845-E510-E050-A8C06205480E,16/12/2015,2015,148000,5.170261715,DN14 5XS,D,N,2,Yes,3,2
2BE05C9F-6D97-4867-A8C8-CDBD638388E2,30/06/2014,2014,350000,5.544068044,DN9 1LA,D,N,2,Yes,4,2
2FD36065-9B15-4BF8-E050-A8C0620562B1,24/03/2016,2016,250000,5.397940009,DN9 1PH,D,N,2,Yes,4,2
2FD36066-10FE-4BF8-E050-A8C0620562B1,08/02/2016,2016,153000,5.184691431,DN7 4QA,D,N,2,Yes,4,2
3132A74A-49EC-485B-ADE3-F68496514DCC,21/07/2011,2011,215000,5.33243846,DN14 9AS,D,N,2,Yes,4,1
31FB4C18-04A9-57B9-E050-A8C063053436,24/03/2016,2016,120000,5.079181246,DN14 9AY,D,N,2,Yes,4,2
369DFB15-C7EC-3A19-E050-A8C0620518C6,08/06/2016,2016,235000,5.371067862,DN14 8JB,D,N,2,Yes,4,2
369DFB16-3E21-3A19-E050-A8C0620518C6,24/06/2016,2016,245000,5.389166084,DN14 9AS,D,N,2,Yes,4,2
39140479-BA99-3206-E050-A8C063057647,08/07/2016,2016,145000,5.161368002,DN9 1PH,D,N,2,Yes,4,2
773788C2-B435-2CE4-E053-6C04A8C05E57,07/09/2018 00:00,2018,215000,5.33243846,DN9 1GG,D,N,,,4,3
39140479-BC11-3206-E050-A8C063057647,11/07/2016,2016,159950,5.203984244,DN14 5XS,D,N,2,Yes,3,2
39140479-BD1A-3206-E050-A8C063057647,02/11/2015,2015,146000,5.164352856,DN17 4LP,D,N,2,Yes,3,2
3914047A-735F-3206-E050-A8C063057647,22/03/2016,2016,289770,5.462053421,DN14 9HA,D,N,2,Yes,3,2
3914047A-73BA-3206-E050-A8C063057647,22/07/2016,2016,155000,5.190331698,DN14 8QP,D,N,2,Yes,3,2
3B7E0B90-B4A6-EA99-E050-A8C062057E77,10/08/2016,2016,312000,5.494154594,DN14 7GE,D,N,2,Yes,4,2
3C696566-D5BB-46F0-803F-22F2EADC2746,10/09/2015,2015,115000,5.06069784,DN7 4HE,D,N,2,Yes,4,2
3E0330EF-DB2F-8D89-E050-A8C062052140,02/09/2016,2016,189000,5.276461804,DN14 5XS,D,N,2,Yes,3,2
773788C2-B4F6-2CE4-E053-6C04A8C05E57,30/08/2018 00:00,2018,238000,5.376576957,DN9 1GX,D,N,,,4,3
3E0330F0-31CF-8D89-E050-A8C062052140,18/08/2016,2016,340000,5.531478917,YO8 6NQ,D,N,2,Yes,4,2
3E0330F0-63EF-8D89-E050-A8C062052140,20/11/2013,2013,145000,5.161368002,DN8 4AU,D,N,2,Yes,3,1
404A5AF3-DF54-CD2B-E050-A8C063055C7B,16/09/2016,2016,139950,5.145972903,YO8 6RE,D,N,2,Yes,4,2
414FE556-8892-426B-BDE3-1D82AEEA54E0,10/06/2011,2011,135950,5.133379212,DN7 6JX,D,N,2,Yes,4,1
43E18498-398C-417E-A092-0E8B57766E80,18/03/2014,2014,250000,5.397940009,DN6 0HA,D,N,2,Yes,4,2
441AA6AE-20BD-4FFC-9729-9FE631B7B2EE,30/11/2012,2012,132000,5.120573931,DN14 8QP,D,N,2,Yes,3,1
453D27A3-197E-EF91-E050-A8C0630574D7,25/11/2016,2016,249995,5.397931323,DN9 1PH,D,N,2,Yes,4,2
453D27A3-63CD-EF91-E050-A8C0630574D7,23/11/2016,2016,255000,5.40654018,YO8 8QT,D,N,2,Yes,4,2
473F34C3-25AE-407D-899C-5EECA5D9BF33,22/10/2012,2012,118000,5.071882007,DN7 6NY,D,N,2,Yes,4,1
47844C7F-DCCD-8986-E050-A8C063056488,25/11/2016,2016,212500,5.327358934,DN9 1LA,D,N,2,Yes,4,2
47844C80-2C2C-8986-E050-A8C063056488,06/01/2017,2017,182500,5.261262869,YO8 8PE,D,N,2,Yes,3,3
47844C80-5E25-8986-E050-A8C063056488,14/10/2016,2016,135000,5.130333768,DN8 4SH,D,N,2,Yes,3,2
496F93D3-9FBB-4B72-A258-C73351ED859D,14/03/2013,2013,138000,5.139879086,DN9 1LA,D,N,2,Yes,4,1
4CBB446E-E469-4B3B-A61C-13F3FE6359A9,30/07/2015,2015,123000,5.089905111,DN7 4HE,D,N,2,Yes,4,2
4CF5ED99-E50C-4C36-A81A-EF31FC33C5BE,26/06/2015,2015,85000,4.929418926,DN14 8QP,D,N,2,Yes,3,2
4EFE6B26-1007-4842-947A-FAFF73AA0479,26/06/2012,2012,280000,5.447158031,DN14 8EL,D,N,2,Yes,2,1
50F18103-65A9-9FD5-E050-A8C063054923,19/05/2017,2017,280000,5.447158031,YO8 8PA,D,N,2,Yes,3,3
50F18103-C712-9FD5-E050-A8C063054923,19/04/2017,2017,327500,5.515211304,DN14 7GE,D,N,2,Yes,4,3
5376B385-CB30-34C1-E053-6B04A8C09FF6,20/06/2017,2017,400000,5.602059991,YO8 8QT,D,N,2,Yes,4,3
5376B385-F72E-34C1-E053-6B04A8C09FF6,23/06/2017,2017,100000,5,DN8 4SH,D,N,2,Yes,3,3
55A7C087-D629-4C6F-8A07-37864EA6B990,14/09/2015,2015,125000,5.096910013,DN14 8AB,D,N,2,Yes,2,2
55BDCAE6-8396-521D-E053-6B04A8C0DD7A,07/07/2017,2017,270000,5.431363764,DN8 5BE,D,N,2,Yes,3,3
582D0637-0CC2-8F22-E053-6C04A8C01BAC,14/08/2017,2017,122500,5.088136089,DN17 4RP,D,N,2,Yes,4,3
582D0637-D40C-8F22-E053-6C04A8C01BAC,11/08/2017,2017,345000,5.537819095,DN14 7GE,D,N,2,Yes,4,3
58499C04-D5F1-4A72-BA75-44CB6F43CC24,03/10/2014,2014,143000,5.155336037,DN15 9EZ,D,N,2,Yes,4,2
5945DD46-A8B3-4972-A7C6-6A92DBCD35E7,07/10/2013,2013,122000,5.086359831,DN8 4SH,D,N,2,Yes,3,1
5A9D8B55-38F8-68EB-E053-6B04A8C0D293,31/08/2017,2017,282500,5.451018452,DN9 1PH,D,N,2,Yes,4,3
5A9D8B55-8938-68EB-E053-6B04A8C0D293,04/08/2017,2017,170000,5.230448921,YO8 6RE,D,N,2,Yes,4,3
5A9D8B55-BBB3-68EB-E053-6B04A8C0D293,07/09/2017,2017,160000,5.204119983,DN7 6HZ,D,N,2,Yes,4,3
5CF9903C-855F-7F13-E053-6C04A8C074B1,15/09/2017,2017,210000,5.322219295,DN7 6BD,D,N,2,Yes,4,3
5F54B81D-32F3-2B45-E053-6B04A8C01FB0,30/10/2017,2017,300000,5.477121255,DN9 1PH,D,N,2,Yes,4,3
5F54B81D-340C-2B45-E053-6B04A8C01FB0,27/10/2017,2017,300000,5.477121255,DN9 1LA,D,N,2,Yes,4,3
5F9E7CE7-E8AE-4E64-A56D-69344B29F3A7,01/05/2015,2015,235000,5.371067862,DN14 9AS,D,N,2,Yes,4,2
61D8894D-F754-3DE6-E053-6C04A8C01207,01/12/2017,2017,100000,5,DN9 1PH,D,N,2,Yes,4,3
61D8894E-35C6-3DE6-E053-6C04A8C01207,30/11/2017,2017,310000,5.491361694,YO8 8QT,D,N,2,Yes,4,3
61D8894E-3874-3DE6-E053-6C04A8C01207,22/11/2017,2017,225000,5.352182518,YO8 6RE,D,N,2,Yes,4,3
63171ED9-0293-49BD-8EA1-9AC23FE269BA,03/07/2014,2014,145000,5.161368002,YO8 6RE,D,N,2,Yes,4,2
64342BFE-4B0D-422C-E053-6C04A8C0FB8A,27/11/2017,2017,267000,5.426511261,DN9 1LA,D,N,2,Yes,4,3
65AE92B7-876F-498F-A13E-28D0041768F5,19/10/2012,2012,122000,5.086359831,DN8 4SH,D,N,2,Yes,3,1
68FEB20B-8B73-38DA-E053-6C04A8C051AE,27/02/2018,2018,365000,5.562292864,DN9 1PH,D,N,2,Yes,4,3
68FEB20B-D702-38DA-E053-6C04A8C051AE,15/02/2018,2018,237500,5.375663614,YO8 6RE,D,N,2,Yes,4,3
68FEB20B-FD4C-38DA-E053-6C04A8C051AE,09/03/2018,2018,230000,5.361727836,DN7 4QA,D,N,2,Yes,4,3
6D1B4F70-4E67-4B7D-9369-8E8427D7C757,15/04/2011,2011,240000,5.380211242,DN14 7GE,D,N,2,Yes,4,1
6DA0844A-6408-30F2-E053-6B04A8C05F3B,11/05/2018,2018,215000,5.33243846,DN7 4HE,D,N,2,Yes,4,3
6DA0844A-66A6-30F2-E053-6B04A8C05F3B,06/04/2018,2018,210000,5.322219295,DN7 4QA,D,N,2,Yes,4,3
6E402209-C937-4FE0-9B65-B77A2113B3D0,24/01/2011,2011,390000,5.591064607,DN9 1PL,D,N,2,Yes,4,1
7011B109-6FD6-8ED6-E053-6B04A8C075C1,18/05/2018,2018,268000,5.428134794,DN9 1PH,D,N,2,Yes,4,3
7011B10A-19AB-8ED6-E053-6B04A8C075C1,09/05/2018,2018,249995,5.397931323,DN14 9FA,D,Y,2,Yes,3,3
71FB951A-21D5-4259-B198-B7A53E70C3CE,15/07/2014,2014,195000,5.290034611,DN9 1TE,D,N,2,Yes,4,2
726BF13A-D440-0A46-E053-6C04A8C01D0D,06/07/2018,2018,275000,5.439332694,DN9 1PH,D,N,2,Yes,4,3
726BF13B-4F48-0A46-E053-6C04A8C01D0D,18/07/2018,2018,305000,5.484299839,DN14 9AU,D,N,2,Yes,4,3
726BF13B-9326-0A46-E053-6C04A8C01D0D,27/06/2018,2018,294995,5.469814655,DN14 9FA,D,Y,2,Yes,3,3
75050A85-2CA6-9A88-E053-6B04A8C02390,10/08/2018,2018,250000,5.397940009,DN15 9EZ,D,N,2,Yes,4,3
75050A85-2D5D-9A88-E053-6B04A8C02390,25/05/2018,2018,193000,5.285557309,DN14 5XS,D,N,2,Yes,3,3
75050A85-F7AC-9A88-E053-6B04A8C02390,29/06/2018,2018,284995,5.454837241,DN14 9FA,D,Y,2,Yes,3,3
75050A85-F7D3-9A88-E053-6B04A8C02390,29/06/2018,2018,329995,5.51850736,DN14 9FA,D,Y,2,Yes,3,3
75050A85-F7F4-9A88-E053-6B04A8C02390,12/04/2018,2018,324950,5.511816541,DN14 7AB,D,N,2,Yes,4,3
773788C3-0371-2CE4-E053-6C04A8C05E57,17/08/2018,2018,422000,5.625312451,YO8 6EH,D,N,2,Yes,4,3
773788C3-75FC-2CE4-E053-6C04A8C05E57,11/05/2018,2018,375000,5.574031268,DN14 9HA,D,N,2,Yes,3,3
773788C3-7645-2CE4-E053-6C04A8C05E57,17/08/2018,2018,344995,5.537812801,DN14 9FA,D,Y,2,Yes,3,3
784E25D8-5D92-446C-8FCF-83557B459828,15/03/2013,2013,150000,5.176091259,DN14 9HA,D,N,2,Yes,3,1
784F914F-2AE1-4289-A25D-77098707E096,05/06/2015,2015,133000,5.123851641,DN14 5XS,D,N,2,Yes,3,2
79A74E22-30F6-1289-E053-6B04A8C01627,24/09/2018,2018,239950,5.380120754,DN7 6ED,D,N,2,Yes,4,3
79A74E22-328E-1289-E053-6B04A8C01627,13/07/2018,2018,123995,5.093404173,DN7 5PY,D,Y,2,Yes,4,3
79A74E22-76B9-1289-E053-6B04A8C01627,07/09/2018,2018,312500,5.494850022,DN14 8EL,D,N,2,Yes,2,3
79A74E22-77F1-1289-E053-6B04A8C01627,21/09/2018,2018,349995,5.54406184,DN14 9FA,D,Y,2,Yes,3,3
7BF93D19-6BDA-4BD7-B664-5DF7CE669891,27/11/2013,2013,125000,5.096910013,DN8 5AU,D,N,2,Yes,3,1
7C2D0700-7C72-4963-E053-6B04A8C07B97,11/10/2018,2018,167500,5.224014811,YO8 6RE,D,N,2,Yes,4,3
7C2D0700-7F70-4963-E053-6B04A8C07B97,06/11/2018,2018,250000,5.397940009,YO8 8QT,D,N,2,Yes,4,3
7C2D0700-F571-4963-E053-6B04A8C07B97,21/09/2018,2018,279995,5.447150276,DN14 9FA,D,Y,2,Yes,3,3
7D7580F4-FBC2-42C1-88F5-3DE7694AD8EE,12/11/2012,2012,187500,5.273001272,DN14 9AY,D,N,2,Yes,4,1
7E86B6FA-E436-458C-E053-6B04A8C0C84C,14/11/2018,2018,239995,5.380202194,DN14 9HA,D,N,2,Yes,3,3
7E86B6FB-95A9-458C-E053-6B04A8C0C84C,05/09/2018,2018,250000,5.397940009,DN14 8EL,D,N,2,Yes,2,3
7E86B6FB-969B-458C-E053-6B04A8C0C84C,28/09/2018,2018,314995,5.49830366,DN14 9FA,D,Y,2,Yes,3,3
7E86B6FB-96A1-458C-E053-6B04A8C0C84C,28/09/2018,2018,269995,5.431355722,DN14 9FA,D,Y,2,Yes,3,3
7E86B6FB-96AD-458C-E053-6B04A8C0C84C,02/11/2018,2018,289995,5.46239051,DN14 9FA,D,Y,2,Yes,3,3
7E86B6FB-96B0-458C-E053-6B04A8C0C84C,30/10/2018,2018,307995,5.488543666,DN14 9FA,D,Y,2,Yes,3,3
7E86B6FB-96D5-458C-E053-6B04A8C0C84C,19/11/2018,2018,289995,5.46239051,DN14 9FA,D,Y,2,Yes,3,3
7E86B6FB-96DD-458C-E053-6B04A8C0C84C,14/12/2018,2018,274995,5.439324797,DN14 9FA,D,Y,2,Yes,3,3
80781DA1-CB54-4D57-A39C-4D288650216C,29/11/2012,2012,232500,5.366422957,DN9 1PH,D,N,2,Yes,4,1
80E1AA98-AEFE-7BF8-E053-6C04A8C00BF2,20/12/2018,2018,152995,5.184677238,DN7 5PY,D,Y,2,Yes,4,3
80E1AA98-ED41-7BF8-E053-6C04A8C00BF2,14/12/2018,2018,249370,5.396844205,DN14 9FA,D,Y,2,Yes,3,3
815658F4-69EA-4224-A3EA-B76265D308EF,07/10/2014,2014,277000,5.442479769,DN14 7GE,D,N,2,Yes,4,2
819DF124-1A05-4DA0-85C9-91B547F5BBF5,24/01/2014,2014,70000,4.84509804,DN7 6HZ,D,N,2,Yes,4,2
8355F009-0D26-55C5-E053-6B04A8C0D090,31/01/2019,2019,174000,5.240549248,DN9 1LA,D,N,2,Yes,4,3
8355F009-7A94-55C5-E053-6B04A8C0D090,01/02/2019,2019,125000,5.096910013,DN8 4SH,D,N,2,Yes,3,3
8355F009-AE8B-55C5-E053-6B04A8C0D090,21/01/2019,2019,180000,5.255272505,DN14 5XS,D,N,2,Yes,3,3
8355F009-AEF7-55C5-E053-6B04A8C0D090,04/01/2019,2019,352995,5.547768554,DN14 9FA,D,Y,2,Yes,3,3
85662C14-1B40-442A-8214-E6F83AE90AA3,26/08/2011,2011,152000,5.181843588,DN14 9DT,D,N,2,Yes,4,1
85866A64-D124-143F-E053-6B04A8C06A15,25/01/2019,2019,215000,5.33243846,DN9 1LA,D,N,2,Yes,4,3
85866A65-19F1-143F-E053-6B04A8C06A15,25/02/2019,2019,161000,5.206825876,YO8 6RE,D,N,2,Yes,4,3
85866A65-7DA6-143F-E053-6B04A8C06A15,13/12/2018,2018,274995,5.439324797,DN14 9FA,D,Y,2,Yes,3,3
87E1551E-7A18-6405-E053-6C04A8C0B2EE,25/03/2019,2019,210000,5.322219295,YO8 6RE,D,N,2,Yes,4,3
87E1551E-99DD-6405-E053-6C04A8C0B2EE,29/03/2019,2019,175000,5.243038049,DN7 6JX,D,N,2,Yes,4,3
87E1551E-CB06-6405-E053-6C04A8C0B2EE,29/03/2019,2019,294995,5.469814655,DN14 9FA,D,Y,2,Yes,3,3
87E1551E-CB07-6405-E053-6C04A8C0B2EE,29/03/2019,2019,332995,5.522437713,DN14 9FA,D,Y,2,Yes,3,3
8A78B2AF-A0AC-5CB0-E053-6B04A8C0F504,15/02/2019,2019,295000,5.469822016,DN9 1PH,D,N,2,Yes,4,3
8A78B2AF-E713-5CB0-E053-6B04A8C0F504,03/05/2019,2019,285500,5.455606113,YO8 8PA,D,N,2,Yes,3,3
8A78B2AF-E95E-5CB0-E053-6B04A8C0F504,08/05/2019,2019,170000,5.230448921,YO8 8PA,D,N,2,Yes,3,3
8CAC1318-BD01-0253-E053-6B04A8C08E51,31/05/2019,2019,160500,5.205475037,DN7 6JX,D,N,2,Yes,4,3
8F1B26BD-C014-53DB-E053-6C04A8C03649,28/06/2019,2019,286000,5.456366033,DN9 1PH,D,N,2,Yes,4,3
8F1B26BE-36C7-53DB-E053-6C04A8C03649,07/06/2019,2019,140000,5.146128036,DN8 4SH,D,N,2,Yes,3,3
8F1B26BE-3752-53DB-E053-6C04A8C03649,12/04/2019,2019,250000,5.397940009,DN7 6BD,D,N,2,Yes,4,3
8F1B26BE-3A87-53DB-E053-6C04A8C03649,28/06/2019,2019,230000,5.361727836,DN7 6ED,D,N,2,Yes,4,3
91B177DD-6C9C-4CDC-BD15-B674D5869871,08/10/2012,2012,118000,5.071882007,DN17 4TB,D,N,2,Yes,3,1
92727CAC-2345-4ECB-BD4D-794A5046C7C7,10/07/2014,2014,385000,5.58546073,DN9 1LA,D,N,2,Yes,4,2
966A1126-9E6B-4C61-B103-D9D29C4198DC,18/02/2011,2011,280000,5.447158031,DN9 1PH,D,N,2,Yes,4,1
98C75471-E555-72E9-E053-6B04A8C042F0,26/04/2019,2019,360000,5.556302501,DN14 8EL,D,N,2,Yes,2,3
9949733A-F2A5-484A-BDEE-65098A12BDBC,15/06/2012,2012,162500,5.210853365,DN14 5XS,D,N,2,Yes,3,1
9B361206-4FB4-1904-E053-6B04A8C0EEB5,06/12/2019,2019,340000,5.531478917,DN9 1PH,D,N,2,Yes,4,3
9B361206-BC36-1904-E053-6B04A8C0EEB5,29/11/2019,2019,105000,5.021189299,DN7 4PD,D,N,2,Yes,4,3
9D4D6766-5A67-4CFA-8C24-E787AE79BE88,07/05/2013,2013,129000,5.11058971,DN14 5XS,D,N,2,Yes,3,1
9F3A7BDA-E858-4FED-8B63-DD8C79CD1F3D,18/01/2013,2013,275000,5.439332694,DN9 1PH,D,N,2,Yes,4,1
9F6A79E3-4CBE-43A3-8DD9-028E4A891B5A,03/07/2015,2015,250000,5.397940009,DN9 1PH,D,N,2,Yes,4,2
A63CD378-3A3E-45DC-B608-3FFE07F2BFC4,10/07/2015,2015,213000,5.328379603,YO8 6RE,D,N,2,Yes,4,2
A93E8BCC-D1F0-4C71-BB94-52FF9BD8874F,20/12/2013,2013,161500,5.208172527,DN7 4HE,D,N,2,Yes,4,1
AC58C820-C44B-41C0-99FC-EFB641B20EEA,04/03/2011,2011,159000,5.201397124,YO8 6RE,D,N,2,Yes,4,1
B1BF4BEF-D18D-43C7-A87E-7394D5B8B567,10/12/2014,2014,140000,5.146128036,DN8 4SH,D,N,2,Yes,3,2
B9064D5E-F0D0-4561-A00F-CB84D943A827,24/09/2014,2014,212000,5.326335861,DN7 6ED,D,N,2,Yes,4,2
BF4164AA-651B-4DA6-B57A-9961B0FB42A5,10/07/2015,2015,150000,5.176091259,DN14 5XS,D,N,2,Yes,3,2
C15733AC-0600-4909-9E32-0ABA4682FB54,13/01/2012,2012,185000,5.267171728,DN14 5LA,D,N,2,Yes,3,1
C7F490D9-5294-425D-A6FF-87EC71866838,24/01/2013,2013,125000,5.096910013,DN14 5XS,D,N,2,Yes,3,1
C9AE3207-3742-4BD7-B160-89AB2A434154,27/11/2013,2013,147500,5.16879202,DN7 6JX,D,N,2,Yes,4,1
CB9B1DD8-8F8E-4B04-B997-668974C27AF5,09/12/2014,2014,172500,5.236789099,YO8 6RE,D,N,2,Yes,4,2
CBD382E8-E832-4D2E-8F1E-3E2087C6FC88,20/12/2012,2012,125000,5.096910013,DN7 6LZ,D,N,2,Yes,4,1
CBEE1176-6BF8-48A7-9569-F9BC47747BB9,11/08/2014,2014,150000,5.176091259,YO8 8QT,D,N,2,Yes,4,2
CCCAB81A-6471-4DB7-A7D0-DE4A136F7A57,16/12/2011,2011,400000,5.602059991,DN14 9HA,D,N,2,Yes,3,1
D004369C-BAEE-4EB1-8E21-D87DCD0A7B20,18/10/2013,2013,91000,4.959041392,DN17 4RP,D,N,2,Yes,4,1
D04FA4BD-1094-483B-B9E7-DB64B8D42B0E,27/03/2015,2015,205000,5.311753861,DN7 6ED,D,N,2,Yes,4,2
D053E1BE-268E-46E9-9B68-F2DB593AB950,25/06/2015,2015,110000,5.041392685,DN7 4PD,D,N,2,Yes,4,2
D547ED47-6E96-4087-9104-D5C296739C38,24/10/2014,2014,102000,5.008600172,DN7 4PD,D,N,2,Yes,4,2
D62BB791-4735-4F30-A451-88C877F5DBE6,22/11/2013,2013,132000,5.120573931,DN8 4SG,D,N,2,Yes,3,1
7A7BFD9C-EE1B-4288-919C-B309F86306AC,15/06/2012 00:00,2012,165000,5.217483944,DN9 1JT,D,N,,,4,1
D8E292F6-AEB2-49E1-ABC3-0D15F82407A8,18/07/2013,2013,135000,5.130333768,DN14 5XS,D,N,2,Yes,3,1
D9198872-9814-45BE-B18A-C9E5B9C34B99,24/04/2015,2015,230000,5.361727836,DN9 1PH,D,N,2,Yes,4,2
D920C009-3596-4D40-9CBB-F1F4C25C5141,24/04/2015,2015,172500,5.236789099,DN14 8EL,D,N,2,Yes,2,2
DDFCDC52-33C1-49F4-92CB-CD66B9161803,14/02/2014,2014,149000,5.173186268,DN7 6JX,D,N,2,Yes,4,2
E1D91B67-70DD-42F2-B14E-A200B9A9DE16,17/03/2014,2014,235000,5.371067862,YO8 8QT,D,N,2,Yes,4,2
E6063849-4690-4B14-96A0-0E523534DBCA,16/07/2013,2013,285000,5.45484486,DN14 7GE,D,N,2,Yes,4,1
E72C8774-047E-454A-8D5B-9536FF1C3653,23/11/2011,2011,124950,5.09673626,YO8 8QT,D,N,2,Yes,4,1
E7612919-94DA-47D5-80A6-274641303F57,14/04/2011,2011,110000,5.041392685,YO8 6RE,D,N,2,Yes,4,1
E79D1C21-D3F6-445D-BDAB-0748358138E3,11/11/2014,2014,250000,5.397940009,YO8 8QT,D,N,2,Yes,4,2
EE708AC3-6F0A-4935-90ED-AD9F55DB696C,28/10/2014,2014,150000,5.176091259,DN7 6NY,D,N,2,Yes,4,2
EF3B77C5-096F-4185-9689-06E24BCD9AAB,06/07/2015,2015,255000,5.40654018,DN14 7GE,D,N,2,Yes,4,2
F33CE220-4C33-48D8-A36D-1B2DA62AF009,22/08/2012,2012,104000,5.017033339,DN7 4PD,D,N,2,Yes,4,1
F9A615EB-E1F5-4DBE-9AFB-C72BA393CA32,23/11/2012,2012,205000,5.311753861,DN14 7GE,D,N,2,Yes,4,1
FADD38B6-531E-46C9-8A7E-37CE9331708F,14/11/2014,2014,282500,5.451018452,YO8 8PA,D,N,2,Yes,3,2
0048F219-5030-42D3-9460-E86C99D87EA5,21/11/2014,2014,225000,5.352182518,DN14 7TL,D,N,1,Yes,3,2
01504751-961C-4F57-84FA-142AC7724641,06/03/2014,2014,148000,5.170261715,DN7 6PQ,D,N,1,Yes,4,2
037501C6-EBA5-4713-9987-C7E0BB24A28E,13/12/2013,2013,128000,5.10720997,DN7 6RL,D,N,1,Yes,4,1
7C2D0700-26C2-4963-E053-6B04A8C07B97,03/10/2018 00:00,2018,255000,5.40654018,DN9 1JL,D,N,,,4,3
03D33F46-A942-4AC1-BC66-AD5BDFC1B0CC,06/01/2012,2012,162500,5.210853365,DN8 5YT,D,N,1,Yes,4,1
04CD774A-19F3-42DA-8A19-6179D1641A1E,28/03/2013,2013,289000,5.460897843,DN7 6AB,D,N,1,Yes,4,1
08279A39-88E8-40A2-9276-E24AE723BF07,30/01/2012,2012,235000,5.371067862,DN7 6NX,D,N,1,Yes,4,1
0CE4AC6B-4AD0-4B0A-AE44-A2E0FB3B6449,30/01/2015,2015,275000,5.439332694,DN7 5SW,D,N,1,Yes,4,2
133C45D2-898D-4CD8-A1D6-0D177B1A24CF,20/12/2013,2013,149000,5.173186268,DN14 5XR,D,N,1,Yes,3,1
14245BBA-58A7-47F7-82CB-8B0D3EC1D8F5,19/06/2015,2015,150000,5.176091259,DN14 6PN,D,N,1,Yes,3,2
18EF597D-F738-46C8-9362-A75DE33816D1,05/09/2014,2014,320000,5.505149978,YO8 6QP,D,N,1,Yes,4,2
1A1174B5-3E7E-463C-BF2B-B70C22F7E730,01/04/2014,2014,150000,5.176091259,DN17 4LH,D,N,1,Yes,3,2
1A93AD2A-A780-4179-BB65-B6ACBA0A50FC,30/09/2011,2011,235000,5.371067862,YO8 6QP,D,N,1,Yes,4,1
1B6A0064-7639-476E-A348-31281120E6BF,01/06/2012,2012,123500,5.091666958,DN9 1QA,D,N,1,Yes,4,1
1D2D4919-BF66-4251-AD31-99734644E3AA,14/10/2011,2011,200000,5.301029996,DN14 9RP,D,N,1,Yes,4,1
1F43CD01-9B63-4143-A0F1-27051F9024B3,31/07/2015,2015,275000,5.439332694,DN14 5DF,D,N,1,Yes,3,2
1FB58486-A39E-4681-8619-EC205159762A,17/07/2015,2015,179000,5.252853031,DN14 5NG,D,N,1,Yes,3,2
2177A265-0C77-4AC9-B7E7-3007BDEBF0B7,01/08/2014,2014,278000,5.444044796,DN7 6PQ,D,N,1,Yes,4,2
230FBF3F-5B7B-4045-8E1A-E08668FF3DFA,23/07/2015,2015,320000,5.505149978,YO8 6QP,D,N,1,Yes,4,2
23B6165E-5EF0-FCF4-E050-A8C0620577FA,25/09/2015,2015,196000,5.292256071,DN17 3LY,D,N,1,Yes,4,2
25EA59F9-CDE9-4D50-E050-A8C0630562D0,06/11/2015,2015,100000,5,DN14 5XT,D,N,1,Yes,3,2
25EA59FA-352B-4D50-E050-A8C0630562D0,02/10/2015,2015,212000,5.326335861,DN8 5HB,D,N,1,Yes,3,2
25EA59FA-35F5-4D50-E050-A8C0630562D0,09/09/2015,2015,310000,5.491361694,DN7 6AB,D,N,1,Yes,4,2
25EA59FA-361F-4D50-E050-A8C0630562D0,06/11/2015,2015,290000,5.462397998,DN7 6PQ,D,N,1,Yes,4,2
25EA59FA-36D8-4D50-E050-A8C0630562D0,09/11/2015,2015,224950,5.352085998,DN8 5QR,D,N,1,Yes,3,2
27BC2782-D40E-4BA6-B127-CA08DC812915,25/03/2011,2011,102500,5.010723865,DN8 5QR,D,N,1,Yes,3,1
27EC74D3-608D-4AAD-A45E-7EBB024505F8,21/07/2014,2014,660000,5.819543936,DN14 9DH,D,N,1,Yes,3,2
288DCE29-38B1-E510-E050-A8C06205480E,18/12/2015,2015,125000,5.096910013,DN14 5XT,D,N,1,Yes,3,2
288DCE29-38CE-E510-E050-A8C06205480E,28/10/2015,2015,214000,5.330413773,DN14 7QN,D,N,1,Yes,4,2
288DCE29-39E1-E510-E050-A8C06205480E,01/12/2015,2015,120000,5.079181246,DN15 9DG,D,N,1,Yes,4,2
288DCE29-3A78-E510-E050-A8C06205480E,06/11/2015,2015,365000,5.562292864,DN9 1QT,D,N,1,Yes,4,2
288DCE29-3A79-E510-E050-A8C06205480E,07/12/2015,2015,182000,5.260071388,DN14 5XR,D,N,1,Yes,3,2
288DCE29-3B18-E510-E050-A8C06205480E,12/11/2015,2015,206000,5.31386722,DN9 1LB,D,N,1,Yes,4,2
288DCE29-8CB9-E510-E050-A8C06205480E,04/12/2015,2015,455000,5.658011397,DN14 9PX,D,N,1,Yes,4,2
288DCE29-BE59-E510-E050-A8C06205480E,04/12/2015,2015,215000,5.33243846,DN8 5ET,D,N,1,Yes,3,2
288DCE29-C167-E510-E050-A8C06205480E,21/12/2015,2015,235000,5.371067862,DN8 5GD,D,N,1,Yes,3,2
288DCE2A-02F7-E510-E050-A8C06205480E,27/11/2015,2015,200000,5.301029996,DN14 6PN,D,N,1,Yes,3,2
28C6AB51-854D-4DE9-AD92-23020E8364BF,18/12/2014,2014,85000,4.929418926,DN15 8TH,D,N,1,Yes,4,2
2A289EA1-9438-CDC8-E050-A8C063054829,10/01/2012,2012,299000,5.475671188,DN17 3LY,D,N,1,Yes,4,1
2AC10E4F-92E3-1AF6-E050-A8C063052BA1,07/01/2016,2016,119000,5.075546961,DN14 5BN,D,N,1,Yes,2,2
2AC10E50-141D-1AF6-E050-A8C063052BA1,17/12/2015,2015,335000,5.525044807,DN14 9FB,D,N,1,Yes,4,2
2AC10E50-154A-1AF6-E050-A8C063052BA1,30/10/2015,2015,153000,5.184691431,DN7 4JP,D,N,1,Yes,4,2
2AC10E50-160A-1AF6-E050-A8C063052BA1,22/10/2015,2015,397500,5.599337133,DN14 9BD,D,N,1,Yes,4,2
2CA936D5-7D23-4D28-875E-1EA7A5FE5F17,28/04/2011,2011,165000,5.217483944,DN7 4HP,D,N,1,Yes,4,1
2D1E4B26-61D7-FCD1-E050-A8C0630544EC,28/01/2016,2016,127500,5.105510185,DN14 5XT,D,N,1,Yes,3,2
2D1E4B26-628B-FCD1-E050-A8C0630544EC,15/01/2016,2016,180000,5.255272505,DN17 4LH,D,N,1,Yes,3,2
2D1E4B26-62DD-FCD1-E050-A8C0630544EC,28/01/2016,2016,200000,5.301029996,DN9 1LF,D,N,1,Yes,4,2
2D1E4B26-6346-FCD1-E050-A8C0630544EC,29/01/2016,2016,184000,5.264817823,DN17 4HX,D,N,1,Yes,3,2
2D1E4B26-639C-FCD1-E050-A8C0630544EC,12/02/2016,2016,116000,5.064457989,DN17 3LY,D,N,1,Yes,4,2
2D1E4B26-D6C2-FCD1-E050-A8C0630544EC,12/02/2016,2016,216000,5.334453751,DN8 5GD,D,N,1,Yes,3,2
2D1E4B26-D837-FCD1-E050-A8C0630544EC,15/01/2016,2016,155000,5.190331698,DN7 5JH,D,N,1,Yes,4,2
2DB041E5-8F14-480A-9E8C-C42309B668FD,23/01/2015,2015,180000,5.255272505,DN14 8JA,D,N,1,Yes,4,2
2FD36066-4B43-4BF8-E050-A8C0620562B1,01/12/2015,2015,69000,4.838849091,DN14 8EW,D,N,1,Yes,3,2
2FF0B950-9610-4ADE-9348-92CA8D77065B,25/07/2014,2014,140000,5.146128036,DN14 0HF,D,N,1,Yes,4,2
31FB4C18-079A-57B9-E050-A8C063053436,14/03/2016,2016,345000,5.537819095,DN7 6PQ,D,N,1,Yes,4,2
32D4BF3C-4E64-4152-9F7A-2D19EFDC01FD,15/02/2013,2013,382500,5.582631439,DN7 5SW,D,N,1,Yes,4,1
33A37DF3-D140-4C53-911A-29B19A423106,20/06/2014,2014,190000,5.278753601,DN15 9DG,D,N,1,Yes,4,2
34428D7E-1D14-B86C-E050-A8C06205059C,04/05/2016,2016,155000,5.190331698,DN14 5XT,D,N,1,Yes,3,2
34428D7E-8799-B86C-E050-A8C06205059C,29/04/2016,2016,113000,5.053078443,DN7 4NN,D,N,1,Yes,4,2
34428D7E-87A3-B86C-E050-A8C06205059C,03/05/2016,2016,97500,4.989004616,DN7 4NN,D,N,1,Yes,4,2
347E4330-CE7B-492B-A675-8CBAE63EDF9B,15/05/2011,2011,161000,5.206825876,DN7 6RL,D,N,1,Yes,4,1
359F9C74-DE17-478E-B039-DB8D8341F3CF,09/05/2014,2014,300000,5.477121255,DN17 4LH,D,N,1,Yes,3,2
369DFB15-C85F-3A19-E050-A8C0620518C6,31/05/2016,2016,158000,5.198657087,DN15 8UZ,D,N,1,Yes,4,2
369DFB15-C972-3A19-E050-A8C0620518C6,20/05/2016,2016,179000,5.252853031,DN14 9RP,D,N,1,Yes,4,2
369DFB15-C9A7-3A19-E050-A8C0620518C6,17/06/2016,2016,268000,5.428134794,DN14 5FB,D,N,1,Yes,3,2
369DFB15-CA05-3A19-E050-A8C0620518C6,27/05/2016,2016,235000,5.371067862,DN17 3LY,D,N,1,Yes,4,2
375C6BF1-4194-4324-A77E-246CFA63222E,09/01/2015,2015,400000,5.602059991,DN9 1QA,D,N,1,Yes,4,2
3914047A-36CC-3206-E050-A8C063057647,10/06/2016,2016,175000,5.243038049,DN8 5GD,D,N,1,Yes,3,2
3914047A-72A4-3206-E050-A8C063057647,15/07/2016,2016,195000,5.290034611,DN14 6PN,D,N,1,Yes,3,2
39F759DB-9CE8-4B98-9446-827AD9CBCA29,18/02/2011,2011,245000,5.389166084,DN14 9FB,D,Y,1,Yes,4,1
3AD6E864-AC75-41DA-87F3-32927ED9A77D,28/05/2014,2014,169950,5.230321169,DN14 9RP,D,N,1,Yes,4,2
3B08299A-62E9-47B1-8E6E-A8965D397A37,12/04/2013,2013,149000,5.173186268,DN8 5GD,D,N,1,Yes,3,1
3B7E0B90-72AD-EA99-E050-A8C062057E77,12/08/2016,2016,120000,5.079181246,DN8 5RR,D,N,1,Yes,3,2
3B7E0B90-75AA-EA99-E050-A8C062057E77,24/03/2016,2016,212000,5.326335861,DN8 5GD,D,N,1,Yes,3,2
3B8789DA-01F7-4BB6-A891-44136F89EFB3,10/02/2014,2014,265000,5.423245874,DN14 9FB,D,N,1,Yes,4,2
7DCC1D4E-5C78-407F-A18D-C420C4325152,29/06/2012 00:00,2012,215815,5.334081627,DN9 1GX,D,Y,,,4,1
3C8AED56-0251-46DD-B4AA-D7BA963991A3,20/12/2013,2013,120000,5.079181246,DN7 5GA,D,N,1,Yes,4,1
3DA1BC0F-3779-47AA-A117-8A2DF18330CA,30/06/2015,2015,280000,5.447158031,DN7 6LS,D,N,1,Yes,4,2
3E0330EF-DB80-8D89-E050-A8C062052140,09/09/2016,2016,172500,5.236789099,DN14 9RP,D,N,1,Yes,4,2
3E0330EF-DC6B-8D89-E050-A8C062052140,05/08/2016,2016,292000,5.465382851,DN17 4HZ,D,N,1,Yes,3,2
3E0330F0-63F1-8D89-E050-A8C062052140,25/08/2016,2016,394000,5.595496222,DN7 6AB,D,N,1,Yes,4,2
3E0330F0-A5FF-8D89-E050-A8C062052140,26/09/2016,2016,300000,5.477121255,HU15 2SG,D,N,1,Yes,4,2
3FBBA0F8-727E-4D5B-9AFF-2355F64C5E06,31/01/2014,2014,345000,5.537819095,DN9 1LF,D,N,1,Yes,4,2
404A5AF3-8F46-CD2B-E050-A8C063055C7B,22/09/2016,2016,150000,5.176091259,DN14 5XZ,D,N,1,Yes,3,2
4116C07D-7624-418F-994E-F4D06DA04D16,20/05/2014,2014,134000,5.127104798,DN15 8TH,D,N,1,Yes,4,2
41A62193-2E60-43B0-818B-4FEE1A52CED9,24/08/2015,2015,320000,5.505149978,DN14 5NG,D,N,1,Yes,3,2
41D98AA9-2993-43E2-9ADD-FEFCBD76AD1A,03/10/2014,2014,135000,5.130333768,DN15 9EN,D,N,1,Yes,4,2
41F5C9A8-90A3-4555-B7B2-340C8BAE5C08,24/10/2014,2014,129000,5.11058971,DN7 5GA,D,N,1,Yes,4,2
42238E9B-76C2-4634-883F-6930597EBB59,08/08/2014,2014,108500,5.035429738,DN7 6RL,D,N,1,Yes,4,2
42A5A709-4208-56E8-E050-A8C06205331E,14/10/2016,2016,144000,5.158362492,DN14 5XU,D,N,1,Yes,3,2
42A5A709-C343-56E8-E050-A8C06205331E,21/10/2016,2016,127500,5.105510185,DN7 4NN,D,N,1,Yes,4,2
42A5A70A-05F2-56E8-E050-A8C06205331E,14/10/2016,2016,125000,5.096910013,HU15 2XB,D,N,1,Yes,4,2
453D27A3-18DB-EF91-E050-A8C0630574D7,02/12/2016,2016,108000,5.033423755,DN14 5BN,D,N,1,Yes,2,2
453D27A3-18EF-EF91-E050-A8C0630574D7,18/11/2016,2016,128750,5.109747238,DN15 8DU,D,N,1,Yes,4,2
453D27A3-193F-EF91-E050-A8C0630574D7,28/11/2016,2016,135000,5.130333768,DN15 9BY,D,N,1,Yes,4,2
453D27A3-8FB8-EF91-E050-A8C0630574D7,09/12/2016,2016,181000,5.257678575,DN8 5GD,D,N,1,Yes,3,2
453D27A3-902D-EF91-E050-A8C0630574D7,21/11/2016,2016,138500,5.141449773,DN7 5GA,D,N,1,Yes,4,2
453D27A3-CA97-EF91-E050-A8C0630574D7,09/12/2016,2016,189000,5.276461804,DN14 8EW,D,N,1,Yes,3,2
47844C80-5B90-8986-E050-A8C063056488,09/12/2016,2016,132000,5.120573931,DN7 5GA,D,N,1,Yes,4,2
47844C80-9930-8986-E050-A8C063056488,20/01/2017,2017,282500,5.451018452,DN14 5DF,D,N,1,Yes,3,3
49B7852A-14B2-7921-E050-A8C063056E8D,27/01/2017,2017,195000,5.290034611,DN17 3LY,D,N,1,Yes,4,3
49B7852A-167C-7921-E050-A8C063056E8D,06/02/2017,2017,147000,5.167317335,DN17 4LH,D,N,1,Yes,3,3
49B7852A-BCBA-7921-E050-A8C063056E8D,17/02/2017,2017,235000,5.371067862,HU15 2SL,D,N,1,Yes,4,3
49B7852A-BD37-7921-E050-A8C063056E8D,07/02/2017,2017,208000,5.318063335,DN14 0WG,D,N,1,Yes,4,3
4B67DC00-DCA5-45B9-B9A0-BB539BDE1B4D,08/04/2011,2011,135000,5.130333768,DN9 1QT,D,N,1,Yes,4,1
4C4EDFFF-6CE9-1854-E050-A8C063054F34,20/01/2017,2017,221000,5.344392274,DN14 7HQ,D,N,1,Yes,4,3
4C4EDFFF-6E7A-1854-E050-A8C063054F34,03/02/2017,2017,190000,5.278753601,DN14 9RP,D,N,1,Yes,4,3
4DB28DF7-E718-4B2B-8A75-84352262CE0F,05/04/2012,2012,86000,4.934498451,DN14 5BN,D,N,1,Yes,2,1
4E2B325F-F2F7-4CFE-BE51-70CE01123365,23/03/2012,2012,118000,5.071882007,DN15 9DG,D,N,1,Yes,4,1
4E95D757-7899-EDA1-E050-A8C0630539E2,17/03/2017,2017,315000,5.498310554,HU15 2SL,D,N,1,Yes,4,3
4E95D757-7AC5-EDA1-E050-A8C0630539E2,30/01/2017,2017,137500,5.138302698,DN17 4DU,D,N,1,Yes,3,3
4E95D757-D90B-EDA1-E050-A8C0630539E2,30/03/2017,2017,140000,5.146128036,DN8 5YT,D,N,1,Yes,4,3
4FE38272-B5C0-4CA2-B6BB-A118BC98B9EA,07/05/2014,2014,230000,5.361727836,YO8 6QP,D,N,1,Yes,4,2
502D8D88-A89A-4E50-B47B-02BE1668C57C,20/06/2013,2013,232000,5.365487985,HU15 2FF,D,N,1,Yes,4,1
50908B45-00BE-4124-9D64-8CA20C6D8B8B,07/12/2012,2012,95000,4.977723605,DN14 5BN,D,N,1,Yes,2,1
50F18103-8FED-9FD5-E050-A8C063054923,07/04/2017,2017,154000,5.187520721,DN8 5RT,D,N,1,Yes,3,3
51A744FF-04B3-49C1-BF36-A39588292D18,30/04/2014,2014,123800,5.092720645,DN14 5XT,D,N,1,Yes,3,2
52FE9A28-6456-4515-AD30-374FF99F42C7,06/07/2012,2012,249950,5.397853141,HU15 2SL,D,N,1,Yes,4,1
5376B385-7FC3-34C1-E053-6B04A8C09FF6,05/05/2017,2017,195000,5.290034611,DN17 4HX,D,N,1,Yes,3,3
5376B385-8165-34C1-E053-6B04A8C09FF6,01/06/2017,2017,172000,5.235528447,DN15 9EN,D,N,1,Yes,4,3
5376B385-F745-34C1-E053-6B04A8C09FF6,25/05/2017,2017,165000,5.217483944,DN7 4HP,D,N,1,Yes,4,3
54AAB8DE-20EB-4CDF-AF02-38AF51E5D17A,27/01/2012,2012,140000,5.146128036,DN17 3LY,D,N,1,Yes,4,1
55399440-3705-4ECD-AB4A-E1C01D72D777,25/02/2011,2011,360000,5.556302501,DN7 6BT,D,N,1,Yes,4,1
55BDCAE6-0750-521D-E053-6B04A8C0DD7A,16/06/2017,2017,225000,5.352182518,DN17 4HX,D,N,1,Yes,3,3
55CBF409-8816-4D75-8C50-D491EB367D42,25/11/2011,2011,105000,5.021189299,DN8 5RT,D,N,1,Yes,3,1
565C5CBD-6C61-4456-8297-D5A23A3A6B2F,25/03/2011,2011,125000,5.096910013,DN15 9DG,D,N,1,Yes,4,1
57474396-7DF3-4AB6-8CD1-E5C3F2E45533,02/04/2012,2012,112000,5.049218023,DN14 5BN,D,N,1,Yes,2,1
582D0637-8F52-8F22-E053-6C04A8C01BAC,17/07/2017,2017,162500,5.210853365,DN8 5RT,D,N,1,Yes,3,3
590FE169-3BBF-456A-8A60-FFAD8F973BAF,15/09/2015,2015,129000,5.11058971,DN7 5BF,D,N,1,Yes,4,2
5A9D8B55-BB1E-68EB-E053-6B04A8C0D293,25/08/2017,2017,151000,5.178976947,DN7 6AB,D,N,1,Yes,4,3
5A9D8B55-BDC1-68EB-E053-6B04A8C0D293,25/08/2017,2017,155000,5.190331698,DN8 5QR,D,N,1,Yes,3,3
5A9D8B55-FCEA-68EB-E053-6B04A8C0D293,19/09/2017,2017,207500,5.317018101,DN14 6PN,D,N,1,Yes,3,3
5BB3C60F-EBAE-40F3-B018-DF6D058DCC9C,09/04/2013,2013,160000,5.204119983,DN9 1LB,D,N,1,Yes,4,1
5CF9903B-FE78-7F13-E053-6C04A8C074B1,15/09/2017,2017,230000,5.361727836,DN14 9RP,D,N,1,Yes,4,3
5CF9903C-8362-7F13-E053-6C04A8C074B1,11/08/2017,2017,875000,5.942008053,DN7 6NS,D,N,1,Yes,4,3
5CF9903C-865F-7F13-E053-6C04A8C074B1,18/08/2017,2017,125000,5.096910013,DN7 5GA,D,N,1,Yes,4,3
5EF56AB8-8ACA-4138-A1A5-78F0B9507B7B,15/02/2013,2013,175000,5.243038049,DN14 6PN,D,N,1,Yes,3,1
5F54B81D-322C-2B45-E053-6B04A8C01FB0,27/10/2017,2017,117000,5.068185862,DN14 5BN,D,N,1,Yes,2,3
5F54B81D-3237-2B45-E053-6B04A8C01FB0,01/09/2017,2017,325000,5.511883361,DN15 9DG,D,N,1,Yes,4,3
5F54B81D-3317-2B45-E053-6B04A8C01FB0,02/11/2017,2017,205000,5.311753861,DN14 5XR,D,N,1,Yes,3,3
5F54B81D-33FA-2B45-E053-6B04A8C01FB0,02/11/2017,2017,430000,5.633468456,DN15 9DG,D,N,1,Yes,4,3
5F54B81D-340D-2B45-E053-6B04A8C01FB0,16/10/2017,2017,240000,5.380211242,DN9 1QA,D,N,1,Yes,4,3
5F54B81D-BDEB-2B45-E053-6B04A8C01FB0,06/10/2017,2017,133000,5.123851641,DN7 6RL,D,N,1,Yes,4,3
5F54B81E-0976-2B45-E053-6B04A8C01FB0,17/11/2017,2017,208000,5.318063335,HU15 2SL,D,N,1,Yes,4,3
5F54B81E-0980-2B45-E053-6B04A8C01FB0,06/10/2017,2017,220000,5.342422681,DN14 0WG,D,N,1,Yes,4,3
61D8894D-F527-3DE6-E053-6C04A8C01207,23/11/2017,2017,320000,5.505149978,DN9 1LB,D,N,1,Yes,4,3
61D8894E-5877-3DE6-E053-6C04A8C01207,06/12/2017,2017,178000,5.250420002,DN8 5RR,D,N,1,Yes,3,3
6219A7B1-9CE5-40FE-A7D3-ED5A0DCA742F,07/10/2014,2014,118000,5.071882007,DN7 6NS,D,N,1,Yes,4,2
63F62486-780E-4E8B-9E09-9062743D61A8,29/06/2012,2012,100000,5,DN14 5XT,D,N,1,Yes,3,1
64342BFE-4867-422C-E053-6C04A8C0FB8A,18/12/2017,2017,243000,5.385606274,DN17 4LN,D,N,1,Yes,3,3
64342BFE-48C4-422C-E053-6C04A8C0FB8A,01/12/2017,2017,225000,5.352182518,DN9 1LB,D,N,1,Yes,4,3
64342BFE-4A78-422C-E053-6C04A8C0FB8A,08/12/2017,2017,200000,5.301029996,DN17 4LN,D,N,1,Yes,3,3
64342BFE-DF13-422C-E053-6C04A8C0FB8A,15/12/2017,2017,171000,5.23299611,DN8 5YT,D,N,1,Yes,4,3
64342BFE-E0FC-422C-E053-6C04A8C0FB8A,22/01/2018,2018,225000,5.352182518,DN7 6PQ,D,N,1,Yes,4,3
64342BFE-E0FE-422C-E053-6C04A8C0FB8A,19/10/2017,2017,155000,5.190331698,DN7 6RL,D,N,1,Yes,4,3
64342BFE-E212-422C-E053-6C04A8C0FB8A,19/01/2018,2018,294950,5.469748401,DN14 9AX,D,N,1,Yes,4,3
64342BFE-E219-422C-E053-6C04A8C0FB8A,05/01/2018,2018,127000,5.103803721,DN7 6AB,D,N,1,Yes,4,3
64342BFE-E550-422C-E053-6C04A8C0FB8A,01/12/2017,2017,195000,5.290034611,DN7 5JH,D,N,1,Yes,4,3
666758D6-E14B-3363-E053-6B04A8C0D74E,24/01/2018,2018,170000,5.230448921,DN9 1QA,D,N,1,Yes,4,3
666758D6-E17B-3363-E053-6B04A8C0D74E,11/12/2017,2017,315000,5.498310554,DN14 7PT,D,N,1,Yes,4,3
666758D6-E2C3-3363-E053-6B04A8C0D74E,15/02/2018,2018,170000,5.230448921,DN17 4LH,D,N,1,Yes,3,3
666758D7-4F85-3363-E053-6B04A8C0D74E,21/12/2017,2017,128000,5.10720997,DN8 5YT,D,N,1,Yes,4,3
666758D7-8A4A-3363-E053-6B04A8C0D74E,21/02/2018,2018,115000,5.06069784,DN14 7SF,D,N,1,Yes,4,3
666758D7-8A4D-3363-E053-6B04A8C0D74E,26/01/2018,2018,176000,5.245512668,HU15 2FF,D,N,1,Yes,4,3
6684F362-6475-4AD3-921C-AD0F9365FE56,15/07/2011,2011,124950,5.09673626,DN17 3LY,D,N,1,Yes,4,1
668A20CC-95B5-43CA-B12D-E8C501AEED20,28/11/2011,2011,280000,5.447158031,DN7 5SW,D,N,1,Yes,4,1
67246219-6679-424A-8299-607E2F48F229,26/04/2013,2013,112000,5.049218023,DN9 1QT,D,N,1,Yes,4,1
67D83963-EF8D-4970-B4E7-B403D989227A,28/10/2011,2011,350000,5.544068044,DN17 4LH,D,N,1,Yes,3,1
68FEB20B-88CD-38DA-E053-6C04A8C051AE,23/02/2018,2018,247500,5.393575203,DN14 7HQ,D,N,1,Yes,4,3
69A078CB-31E1-4500-9F7B-492661EA6C65,07/08/2015,2015,160000,5.204119983,DN8 5JP,D,N,1,Yes,3,2
69C71A0B-0DBC-4C35-9172-3E1332EB202F,06/12/2011,2011,150000,5.176091259,HU15 2SL,D,N,1,Yes,4,1
6B32222C-4B9A-01F1-E053-6C04A8C0D2C8,16/04/2018,2018,250000,5.397940009,DN9 1LF,D,N,1,Yes,4,3
6B32222C-4B9B-01F1-E053-6C04A8C0D2C8,22/03/2018,2018,422500,5.625826713,DN9 1LB,D,N,1,Yes,4,3
6B32222C-8AD1-01F1-E053-6C04A8C0D2C8,08/03/2018,2018,166000,5.220108088,YO8 6QP,D,N,1,Yes,4,3
6B32222C-AFB8-01F1-E053-6C04A8C0D2C8,03/04/2018,2018,300000,5.477121255,DN14 9FB,D,N,1,Yes,4,3
6B32222C-E1EA-01F1-E053-6C04A8C0D2C8,12/01/2018,2018,225000,5.352182518,DN14 8EW,D,N,1,Yes,3,3
6DA0844A-650D-30F2-E053-6B04A8C05F3B,27/04/2018,2018,115000,5.06069784,DN7 4NR,D,N,1,Yes,4,3
6DA0844A-661F-30F2-E053-6B04A8C05F3B,20/04/2018,2018,164000,5.214843848,DN8 5RR,D,N,1,Yes,3,3
6DA0844A-9E84-30F2-E053-6B04A8C05F3B,19/04/2018,2018,250000,5.397940009,DN14 6AL,D,N,1,Yes,2,3
6EC67894-7E3C-4038-9C2B-75227ADF48F6,04/03/2011,2011,155000,5.190331698,DN8 5ET,D,N,1,Yes,3,1
7011B109-6F47-8ED6-E053-6B04A8C075C1,18/05/2018,2018,380000,5.579783597,DN9 1LB,D,N,1,Yes,4,3
7011B109-6FF3-8ED6-E053-6B04A8C075C1,25/05/2018,2018,230000,5.361727836,DN9 1LB,D,N,1,Yes,4,3
7011B109-705A-8ED6-E053-6B04A8C075C1,22/06/2018,2018,203000,5.307496038,DN14 9RP,D,N,1,Yes,4,3
7011B109-70B4-8ED6-E053-6B04A8C075C1,11/06/2018,2018,143000,5.155336037,DN17 3NL,D,N,1,Yes,4,3
7011B109-7113-8ED6-E053-6B04A8C075C1,25/05/2018,2018,180000,5.255272505,DN14 5XZ,D,N,1,Yes,3,3
80E1AA98-2BED-7BF8-E053-6C04A8C00BF2,10/12/2018 00:00,2018,150000,5.176091259,DN9 1NU,D,N,,,4,3
7160D6F1-CD32-4BE3-9FF7-40EA580DFAD4,16/04/2013,2013,222500,5.347330015,DN14 9RP,D,N,1,Yes,4,1
719C757E-3C10-4614-AFA1-BEA1B5746452,13/09/2011,2011,245000,5.389166084,DN9 1QA,D,N,1,Yes,4,1
726BF13B-4FF3-0A46-E053-6C04A8C01D0D,14/06/2018,2018,119000,5.075546961,DN7 6RL,D,N,1,Yes,4,3
726BF13B-530C-0A46-E053-6C04A8C01D0D,29/06/2018,2018,155000,5.190331698,DN7 5GA,D,N,1,Yes,4,3
726BF13B-5409-0A46-E053-6C04A8C01D0D,29/06/2018,2018,180000,5.255272505,DN14 9BD,D,N,1,Yes,4,3
75050A85-2E7F-9A88-E053-6B04A8C02390,26/07/2018,2018,188000,5.274157849,DN17 4HX,D,N,1,Yes,3,3
75050A85-2F1F-9A88-E053-6B04A8C02390,01/08/2018,2018,250000,5.397940009,DN17 4LH,D,N,1,Yes,3,3
75050A85-2FAD-9A88-E053-6B04A8C02390,01/08/2018,2018,330000,5.51851394,DN9 1LB,D,N,1,Yes,4,3
75050A85-B2DD-9A88-E053-6B04A8C02390,17/08/2018,2018,190000,5.278753601,DN7 6RL,D,N,1,Yes,4,3
75050A85-F6BA-9A88-E053-6B04A8C02390,02/07/2018,2018,375000,5.574031268,DN14 8EW,D,N,1,Yes,3,3
773788C2-B4CE-2CE4-E053-6C04A8C05E57,14/09/2018,2018,325000,5.511883361,DN9 1QA,D,N,1,Yes,4,3
773788C3-324E-2CE4-E053-6C04A8C05E57,13/08/2018,2018,220000,5.342422681,DN7 6RL,D,N,1,Yes,4,3
773788C3-754F-2CE4-E053-6C04A8C05E57,04/09/2018,2018,230000,5.361727836,HU15 2FF,D,N,1,Yes,4,3
79A74E22-2DD5-1289-E053-6B04A8C01627,20/07/2018,2018,100000,5,DN7 4NN,D,N,1,Yes,4,3
79A74E22-2ECE-1289-E053-6B04A8C01627,25/09/2018,2018,330000,5.51851394,DN7 5SW,D,N,1,Yes,4,3
7A1D9528-2244-42EB-B0A4-026ED2F83F7C,27/06/2014,2014,340000,5.531478917,DN14 6UW,D,N,1,Yes,2,2
7BD8E7BD-EDCE-400F-BC3E-B3423B721E21,25/02/2011,2011,329994,5.518506044,DN7 6AB,D,N,1,Yes,4,1
7C2D0700-2A2E-4963-E053-6B04A8C07B97,28/09/2018,2018,210000,5.322219295,DN17 4LN,D,N,1,Yes,3,3
7C2D0700-ADC8-4963-E053-6B04A8C07B97,27/11/2018,2018,270000,5.431363764,DN7 5SW,D,N,1,Yes,4,3
7E86B6FA-E3BD-458C-E053-6B04A8C0C84C,07/12/2018,2018,185000,5.267171728,DN15 9EE,D,N,1,Yes,4,3
7E86B6FB-5D82-458C-E053-6B04A8C0C84C,25/09/2018,2018,160000,5.204119983,DN7 5SW,D,N,1,Yes,4,3
7E86B6FB-95B2-458C-E053-6B04A8C0C84C,30/11/2018,2018,287000,5.457881897,DN14 6PN,D,N,1,Yes,3,3
7E86B6FB-95ED-458C-E053-6B04A8C0C84C,20/11/2018,2018,226000,5.354108439,DN14 8EW,D,N,1,Yes,3,3
80E1AA98-2891-7BF8-E053-6C04A8C00BF2,20/12/2018,2018,140250,5.14690287,HU15 2XB,D,N,1,Yes,4,3
80E1AA98-2983-7BF8-E053-6C04A8C00BF2,07/01/2019,2019,105000,5.021189299,DN14 5XT,D,N,1,Yes,3,3
80E1AA98-2BC3-7BF8-E053-6C04A8C00BF2,19/12/2018,2018,152000,5.181843588,DN15 9EE,D,N,1,Yes,4,3
80E1AA98-A93E-7BF8-E053-6C04A8C00BF2,04/01/2019,2019,105000,5.021189299,DN7 4NN,D,N,1,Yes,4,3
80E1AA98-AA28-7BF8-E053-6C04A8C00BF2,17/12/2018,2018,380000,5.579783597,DN7 6LS,D,N,1,Yes,4,3
80E1AA98-EC3C-7BF8-E053-6C04A8C00BF2,17/12/2018,2018,178000,5.250420002,DN14 6PN,D,N,1,Yes,3,3
83174976-B4A1-48FD-B0C7-F307186DBE17,01/06/2011,2011,169650,5.229553864,DN8 5GD,D,N,1,Yes,3,1
8317E89E-3B09-4473-9A3C-6C66E258F63C,21/10/2013,2013,165000,5.217483944,DN7 6BT,D,N,1,Yes,4,1
8355F009-0C76-55C5-E053-6B04A8C0D090,18/12/2018,2018,142000,5.152288344,DN15 9DG,D,N,1,Yes,4,3
8355F009-7727-55C5-E053-6B04A8C0D090,11/02/2019,2019,148000,5.170261715,DN7 5GA,D,N,1,Yes,4,3
83791166-42E9-4F65-A8D6-4C595235830F,20/03/2015,2015,167500,5.224014811,DN7 6RL,D,N,1,Yes,4,2
85866A64-D174-143F-E053-6B04A8C06A15,15/03/2019,2019,325000,5.511883361,DN15 9DG,D,N,1,Yes,4,3
85866A65-1C75-143F-E053-6B04A8C06A15,28/09/2018,2018,390000,5.591064607,YO8 6QP,D,N,1,Yes,4,3
85866A65-7DDF-143F-E053-6B04A8C06A15,21/09/2018,2018,238000,5.376576957,HU15 2SL,D,N,1,Yes,4,3
875588CC-1812-430E-86D4-E3AC9348C79A,28/03/2013,2013,225000,5.352182518,DN7 6NX,D,N,1,Yes,4,1
87E1551E-3C02-6405-E053-6C04A8C0B2EE,12/04/2019,2019,165000,5.217483944,DN15 9EN,D,N,1,Yes,4,3
88397259-845A-4290-A7EF-B176F9DDA486,07/07/2011,2011,210000,5.322219295,DN9 1QA,D,N,1,Yes,4,1
89ABCFB5-FDC8-4B1E-A063-A08BE8152B2B,27/04/2012,2012,130000,5.113943352,DN7 5GA,D,N,1,Yes,4,1
89B31116-7C57-438C-8DAD-E3D0AAC2F208,06/05/2011,2011,125000,5.096910013,DN14 5XR,D,N,1,Yes,3,1
8A6E1128-5BF3-4961-94F4-0417C2CE6EF5,27/01/2012,2012,81667,4.912046602,DN14 0DY,D,N,1,Yes,4,1
8A78B2AF-9F18-5CB0-E053-6B04A8C0F504,26/04/2019,2019,164000,5.214843848,DN15 9EE,D,N,1,Yes,4,3
8A78B2B0-1051-5CB0-E053-6B04A8C0F504,09/04/2019,2019,290000,5.462397998,DN7 4JP,D,N,1,Yes,4,3
8AB8E76E-B205-4AEC-835A-22D7878470D6,03/12/2013,2013,145000,5.161368002,DN14 9RP,D,N,1,Yes,4,1
8B5666C1-E2B7-45D5-A029-99747DA7405D,14/06/2013,2013,250000,5.397940009,DN15 9DG,D,N,1,Yes,4,1
8CAC1318-4C1F-0253-E053-6B04A8C08E51,20/05/2019,2019,245900,5.390758529,DN9 1QA,D,N,1,Yes,4,3
8CAC1318-4E37-0253-E053-6B04A8C08E51,17/06/2019,2019,80000,4.903089987,DN17 4LN,D,N,1,Yes,3,3
8CAC1318-EFB0-0253-E053-6B04A8C08E51,14/06/2019,2019,160000,5.204119983,DN14 8QG,D,N,1,Yes,3,3
8E6B0FA4-CDD8-4CE8-9248-F048563689C5,14/06/2013,2013,110000,5.041392685,DN14 5BN,D,N,1,Yes,2,1
8EE5ED89-62BC-446C-95AF-A002597BB98A,19/04/2013,2013,120000,5.079181246,DN7 4NN,D,N,1,Yes,4,1
8F1B26BD-BF08-53DB-E053-6C04A8C03649,09/07/2019,2019,220000,5.342422681,DN17 4HX,D,N,1,Yes,3,3
819C94DB-6575-4184-AF5B-189B827E139C,13/05/2015 00:00,2015,249950,5.397853141,DN9 1LH,D,N,,,4,2
8F1B26BD-C011-53DB-E053-6C04A8C03649,12/07/2019,2019,158300,5.199480915,DN9 1LU,D,N,1,Yes,4,3
8F1B26BD-C191-53DB-E053-6C04A8C03649,25/01/2019,2019,155000,5.190331698,DN9 1LU,D,N,1,Yes,4,3
8F1B26BE-366D-53DB-E053-6C04A8C03649,27/06/2019,2019,130000,5.113943352,DN8 5YR,D,N,1,Yes,4,3
8F1B26BE-3989-53DB-E053-6C04A8C03649,15/04/2019,2019,213000,5.328379603,DN7 6BT,D,N,1,Yes,4,3
8F1B26BE-39B9-53DB-E053-6C04A8C03649,12/06/2019,2019,175000,5.243038049,DN7 5GA,D,N,1,Yes,4,3
8F936E31-3884-41BE-A991-DBCDA0CFFA6B,16/12/2014,2014,250000,5.397940009,DN14 5FB,D,N,1,Yes,3,2
919FEC05-4C85-9A90-E053-6C04A8C0A300,07/06/2019,2019,280000,5.447158031,DN9 1LB,D,N,1,Yes,4,3
919FEC05-CAD1-9A90-E053-6C04A8C0A300,19/07/2019,2019,130000,5.113943352,DN7 5GA,D,N,1,Yes,4,3
919FEC05-CD59-9A90-E053-6C04A8C0A300,02/08/2019,2019,130000,5.113943352,DN8 5JP,D,N,1,Yes,3,3
919FEC06-0717-9A90-E053-6C04A8C0A300,28/06/2019,2019,180000,5.255272505,HU15 2FF,D,N,1,Yes,4,3
93579E68-7EAC-47D4-99D4-714A744C220C,07/03/2013,2013,120000,5.079181246,DN14 5XT,D,N,1,Yes,3,1
93E6821E-6019-40FD-E053-6B04A8C0C1DF,23/08/2019,2019,257000,5.409933123,DN9 1QA,D,N,1,Yes,4,3
93E6821E-6162-40FD-E053-6B04A8C0C1DF,23/08/2019,2019,242000,5.383815366,DN9 1QA,D,N,1,Yes,4,3
93E6821E-6192-40FD-E053-6B04A8C0C1DF,02/08/2019,2019,97000,4.986771734,DN17 3EF,D,N,1,Yes,4,3
965B6D91-72B0-95E4-E053-6C04A8C07729,19/09/2019,2019,230000,5.361727836,DN17 4HX,D,N,1,Yes,3,3
965B6D91-EC9F-95E4-E053-6C04A8C07729,11/10/2019,2019,180000,5.255272505,DN8 5YT,D,N,1,Yes,4,3
965B6D91-ED29-95E4-E053-6C04A8C07729,12/09/2019,2019,142500,5.153814864,DN7 6RL,D,N,1,Yes,4,3
965B6D91-ED7D-95E4-E053-6C04A8C07729,18/10/2019,2019,235000,5.371067862,DN7 6RL,D,N,1,Yes,4,3
965B6D91-ED8A-95E4-E053-6C04A8C07729,08/10/2019,2019,135000,5.130333768,DN7 6RL,D,N,1,Yes,4,3
965B6D91-EDEA-95E4-E053-6C04A8C07729,16/10/2019,2019,300000,5.477121255,DN7 6AB,D,N,1,Yes,4,3
965B6D91-EF04-95E4-E053-6C04A8C07729,27/09/2019,2019,228750,5.359361103,DN8 5HB,D,N,1,Yes,3,3
965B6D91-EFE6-95E4-E053-6C04A8C07729,04/10/2019,2019,265000,5.423245874,DN8 5GD,D,N,1,Yes,3,3
965B6D91-F0B0-95E4-E053-6C04A8C07729,18/09/2019,2019,168000,5.225309282,DN7 5GA,D,N,1,Yes,4,3
965B6D91-F0EE-95E4-E053-6C04A8C07729,27/09/2019,2019,292500,5.46612587,DN14 9FB,D,N,1,Yes,4,3
97D9D910-8DB3-4A26-9786-2C137D873E28,05/04/2012,2012,165000,5.217483944,DN8 5GD,D,N,1,Yes,3,1
9844859F-E745-4800-9A43-892423DB6CD3,17/01/2014,2014,120000,5.079181246,DN14 9RP,D,N,1,Yes,4,2
98C75472-5E11-72E9-E053-6B04A8C042F0,18/10/2019,2019,165000,5.217483944,DN7 4NR,D,N,1,Yes,4,3
98C75472-9AB4-72E9-E053-6B04A8C042F0,01/11/2019,2019,247500,5.393575203,DN14 8LL,D,N,1,Yes,3,3
9967654E-221E-42B3-B2E9-D4BF3E97BE03,24/11/2014,2014,247500,5.393575203,DN14 7PT,D,N,1,Yes,4,2
9B361206-5013-1904-E053-6B04A8C0EEB5,06/12/2019,2019,320000,5.505149978,DN14 8RH,D,N,1,Yes,3,3
9B361206-5046-1904-E053-6B04A8C0EEB5,11/10/2019,2019,240000,5.380211242,DN14 9RP,D,N,1,Yes,4,3
9B361206-50CF-1904-E053-6B04A8C0EEB5,03/12/2019,2019,187000,5.271841607,DN17 4HX,D,N,1,Yes,3,3
9B361206-BAB8-1904-E053-6B04A8C0EEB5,02/12/2019,2019,275000,5.439332694,DN7 6AB,D,N,1,Yes,4,3
9B361206-BC5E-1904-E053-6B04A8C0EEB5,04/11/2019,2019,129950,5.113776284,DN7 6AB,D,N,1,Yes,4,3
9C8CC96C-5EC8-4667-A75C-7472A65BB866,20/02/2015,2015,120000,5.079181246,DN15 9DG,D,N,1,Yes,4,2
9CCC5590-4B65-457B-B52D-977479020C15,16/02/2015,2015,173000,5.238046103,DN17 4LN,D,N,1,Yes,3,2
9CEFED72-67AA-4AE7-8D4E-204D032EC4E3,28/05/2015,2015,146000,5.164352856,DN7 4HP,D,N,1,Yes,4,2
9D342698-7B57-4658-A6A0-69CFE271C6BF,04/04/2014,2014,97000,4.986771734,DN7 5BF,D,N,1,Yes,4,2
9DBAD221-C7C9-6EB3-E053-6B04A8C0F257,17/12/2019,2019,223000,5.348304863,DN17 3LY,D,N,1,Yes,4,3
9DBAD221-C84F-6EB3-E053-6B04A8C0F257,17/12/2019,2019,217000,5.336459734,DN14 7QN,D,N,1,Yes,4,3
9DBAD221-C852-6EB3-E053-6B04A8C0F257,12/12/2019,2019,170000,5.230448921,DN14 5XT,D,N,1,Yes,3,3
9DBAD221-C997-6EB3-E053-6B04A8C0F257,22/11/2019,2019,400000,5.602059991,DN9 1LB,D,N,1,Yes,4,3
9DBAD222-427D-6EB3-E053-6B04A8C0F257,06/12/2019,2019,138000,5.139879086,DN8 5RT,D,N,1,Yes,3,3
9DBAD222-8332-6EB3-E053-6B04A8C0F257,11/12/2019,2019,155000,5.190331698,HU15 2FF,D,N,1,Yes,4,3
9F1F1DBB-9A79-47DE-9EAF-BAD76741AEED,26/11/2013,2013,148000,5.170261715,DN15 9EN,D,N,1,Yes,4,1
9FF0D96A-6394-11ED-E053-6C04A8C06383,24/12/2019,2019,349995,5.54406184,DN14 7FG,D,Y,1,Yes,4,3
9FF0D96A-63B3-11ED-E053-6C04A8C06383,24/12/2019,2019,259995,5.414964996,DN14 7FG,D,Y,1,Yes,4,3
A15316BC-ABB9-474A-AAB9-FC34074996E4,28/08/2015,2015,210000,5.322219295,YO8 6QP,D,N,1,Yes,4,2
A4614E7F-9A06-425F-ADBD-EA6707CEBB74,01/06/2012,2012,138500,5.141449773,DN17 4DU,D,N,1,Yes,3,1
A78BEFF8-2106-4F3C-96C0-97496018F413,10/07/2015,2015,152000,5.181843588,DN8 5JP,D,N,1,Yes,3,2
A9DAC7C9-ACCA-474C-B261-25373A1D7ECE,13/09/2013,2013,351500,5.545925329,DN9 1QT,D,N,1,Yes,4,1
A9DD99CF-D793-4D0C-9E4A-AE1C56468FFD,01/08/2014,2014,297750,5.47385177,HU15 2SG,D,N,1,Yes,4,2
AB07249F-EBD8-4114-91E4-DA45A2983F60,16/02/2012,2012,124000,5.093421685,DN14 5XR,D,N,1,Yes,3,1
AB6165A0-2861-452A-980E-4EF6D6C9AA82,22/08/2011,2011,124000,5.093421685,DN14 5XR,D,N,1,Yes,3,1
ABB06E17-E93E-4BB0-9BEF-5AB2DC690C9F,24/01/2011,2011,112875,5.052597763,DN8 5LJ,D,N,1,Yes,3,1
AE952930-6CF9-4A2E-90E6-6F3603570620,17/08/2015,2015,161000,5.206825876,DN17 4LN,D,N,1,Yes,3,2
B002E649-9E8B-45FC-AB65-A98A0E2E8AB5,30/03/2012,2012,355000,5.550228353,DN7 6PQ,D,N,1,Yes,4,1
B32EBB13-948C-3C99-E053-6C04A8C09CA1,26/11/2019,2019,88000,4.944482672,DN15 9FF,D,N,1,Yes,4,3
B336B3D3-1063-4105-94B5-3E470952C47C,25/08/2011,2011,139000,5.1430148,DN8 5YL,D,N,1,Yes,4,1
B5CB631A-50C3-4776-9DA7-D3362AB8F683,01/09/2015,2015,222000,5.346352974,DN14 8LL,D,N,1,Yes,3,2
B82AA575-6211-4799-8285-D8B445144F7F,24/05/2013,2013,110000,5.041392685,DN7 4NN,D,N,1,Yes,4,1
B97F7746-6732-43F1-A488-8C194C9DB027,27/08/2014,2014,390000,5.591064607,YO8 6EX,D,N,1,Yes,4,2
BAFEB071-09A6-4E91-9D4C-16F6DF7B4C56,01/11/2013,2013,160000,5.204119983,DN14 5XR,D,N,1,Yes,3,1
BB4E9106-658C-4E80-A4BF-E28EC9151AA0,13/09/2013,2013,242000,5.383815366,DN14 9AZ,D,N,1,Yes,4,1
BD523909-5734-4A94-A7AD-0EA2605E3AF1,15/07/2013,2013,225000,5.352182518,DN14 5LE,D,N,1,Yes,3,1
BD8DBE89-6368-405E-83D5-91ADF1986D2B,05/04/2012,2012,140000,5.146128036,DN8 5HB,D,N,1,Yes,3,1
BF62FAD1-3723-4548-80BD-B90BB30E53C0,24/09/2014,2014,137500,5.138302698,DN8 4RZ,D,N,1,Yes,3,2
C09326ED-07A0-4A76-B34B-03926F977AB7,14/07/2014,2014,231000,5.36361198,HU15 2FF,D,N,1,Yes,4,2
C2390FC7-02CA-4025-B409-DE3C9B3BB612,22/07/2014,2014,280000,5.447158031,DN14 9FB,D,N,1,Yes,4,2
C44252FC-26E6-4FC7-9859-7111CED59021,27/03/2012,2012,250000,5.397940009,HU15 2SG,D,N,1,Yes,4,1
C460BAC5-9323-46D7-A385-75823F339A67,28/03/2014,2014,156000,5.193124598,DN8 5GD,D,N,1,Yes,3,2
C6E08720-6CAC-4AAC-A5F1-1388E4394E76,23/09/2011,2011,178000,5.250420002,DN14 5NG,D,N,1,Yes,3,1
C8A3A576-DAE2-0425-E053-6C04A8C0947B,30/12/2019,2019,334995,5.525038325,DN14 7FG,D,Y,1,Yes,4,3
CD3A3F93-BB92-48B7-9E42-FF3B7FB81667,31/07/2014,2014,198500,5.297760511,DN8 5GD,D,N,1,Yes,3,2
D0057AAD-2D26-40E0-A199-8C187B3B6694,28/06/2013,2013,194000,5.28780173,HU15 2SG,D,N,1,Yes,4,1
D041A591-8849-475E-8C0C-50C0C997D136,15/07/2015,2015,210000,5.322219295,DN17 4LN,D,N,1,Yes,3,2
D1EA5E45-DDB4-4EFB-925D-C1A210D1271B,13/01/2014,2014,121250,5.083681747,DN8 5RR,D,N,1,Yes,3,2
D22473F6-665A-7B40-E053-6C04A8C0A630,14/12/2018,2018,153000,5.184691431,DN14 6PN,D,N,1,Yes,3,3
D279C841-1F76-492E-A0B0-F81ECC53D575,18/01/2011,2011,175000,5.243038049,DN7 6RU,D,N,1,Yes,4,1
D55840BA-07BA-40B2-88EA-B2BD2C190856,08/06/2015,2015,240000,5.380211242,DN14 9BW,D,N,1,Yes,4,2
D6017F5C-03BD-498E-BF4A-ED7B3F8721C8,07/07/2015,2015,197000,5.294466226,DN17 4LN,D,N,1,Yes,3,2
D8095C10-66A4-42BC-9B39-06CBAB9AC0D3,22/02/2013,2013,140500,5.147676324,DN8 5QR,D,Y,1,Yes,3,1
D9090C80-16A6-4857-B41C-D5373FED5074,25/11/2011,2011,179000,5.252853031,DN14 9RP,D,N,1,Yes,4,1
84469F32-D723-4FFE-8FD1-E8F6FAFE52D3,14/01/2011 00:00,2011,250000,5.397940009,DN9 1GX,D,Y,,,4,1
DBBF23BC-7A41-45C6-A5A5-D228AC90FBE7,22/02/2013,2013,135000,5.130333768,DN8 5YR,D,N,1,Yes,4,1
DDD157CF-8B13-44B1-9053-718B84A86A47,12/10/2012,2012,109500,5.039414119,DN8 5RT,D,N,1,Yes,3,1
DF44D815-478F-4EB7-A31C-A33AE1FA91F7,19/11/2013,2013,165000,5.217483944,DN7 5SW,D,N,1,Yes,4,1
E1C17D3A-E3ED-464D-A86F-034090EFD8D9,16/09/2013,2013,137500,5.138302698,DN7 6RL,D,N,1,Yes,4,1
E2C8496E-BE17-412B-8351-F8A2F366CE6E,01/06/2012,2012,250000,5.397940009,DN9 1LF,D,N,1,Yes,4,1
E2D3FBC9-DEEB-42DA-88D3-69B5B6443991,14/08/2014,2014,360000,5.556302501,DN7 6PQ,D,N,1,Yes,4,2
E351390C-3E6F-4B45-96CE-6567E13DCD18,17/09/2012,2012,122000,5.086359831,DN8 5YT,D,N,1,Yes,4,1
E3BB08B5-B036-4DAC-A497-40038CB66F90,10/07/2014,2014,217000,5.336459734,DN14 5LE,D,N,1,Yes,3,2
E4A5F17F-935A-42C6-B901-4253D6B951AD,16/05/2014,2014,187500,5.273001272,YO8 6QP,D,N,1,Yes,4,2
E79B1BA1-6DFD-435F-AF8B-92DB61327DFB,23/07/2015,2015,275000,5.439332694,DN14 5NG,D,N,1,Yes,3,2
EAC0B748-31A6-427A-BA97-A3F29A03450B,20/03/2015,2015,125000,5.096910013,HU15 2YA,D,N,1,Yes,4,2
EAF7F6FF-3A2F-4F92-80C2-61F9BE7891F6,02/05/2014,2014,120000,5.079181246,DN7 6RL,D,N,1,Yes,4,2
F0707019-CDEF-426C-A8A0-54B8622B7186,10/07/2015,2015,330000,5.51851394,DN8 5ET,D,N,1,Yes,3,2
F1133BD3-6BE3-4323-8A6E-D21DCD4A8084,03/03/2015,2015,255000,5.40654018,HU15 2SL,D,N,1,Yes,4,2
F116CE0B-7663-4C0B-B23D-9631AB61EAD8,24/08/2012,2012,247500,5.393575203,DN8 5GD,D,N,1,Yes,3,1
F1F6C0B6-E168-4095-B3F4-E2D33C5B3584,25/11/2011,2011,87000,4.939519253,DN8 5RT,D,N,1,Yes,3,1
F80173A8-0DC4-4B4F-982B-8667DE0D6C89,22/08/2013,2013,95000,4.977723605,DN14 5BN,D,N,1,Yes,2,1
F8178F60-3294-44BF-9FD4-544EEAD324FE,07/10/2013,2013,122000,5.086359831,DN7 6RL,D,N,1,Yes,4,1
F87E72F9-4E18-176C-E053-6B04A8C0D2BE,26/06/2015,2015,395000,5.596597096,YO8 8LE,D,N,1,Yes,4,2
FAA08540-E4C7-4D30-854E-063F6E42269B,27/06/2014,2014,173500,5.239299479,DN14 5XR,D,N,1,Yes,3,2
FAD0E472-8315-495F-A6B8-F4AC3E4D7C1F,30/09/2011,2011,112000,5.049218023,DN7 6RL,D,N,1,Yes,4,1
FBA0C8E5-AA08-49D5-A8D2-89D01312B13D,06/12/2013,2013,193000,5.285557309,DN14 0WG,D,N,1,Yes,4,1
00AA73B7-1642-4CDC-9439-21DC0398694C,20/12/2013,2013,215000,5.33243846,YO8 8ES,D,N,0,No,4,1
018A56F6-446A-44BF-B778-EF0BBFBC5434,08/09/2014,2014,170000,5.230448921,YO8 8HW,D,N,0,No,4,2
01E880E7-770F-4B36-9332-A60F851C9F97,15/07/2013,2013,350000,5.544068044,DN7 6BS,D,N,0,No,4,1
0209C328-86C2-45AA-91C3-6712A7CD960B,19/12/2014,2014,207000,5.315970345,DN14 9RR,D,N,0,No,4,2
0238556F-F006-4C27-BC43-9E4FB00AC6F9,06/02/2015,2015,206000,5.31386722,DN6 0HD,D,N,0,No,4,2
023E92FE-51FD-4ACE-8D02-4DB3DB335520,07/11/2014,2014,162500,5.210853365,DN17 3NF,D,N,0,No,4,2
028EDD6C-E99D-4D98-9DFA-787B445B54C9,26/10/2012,2012,176000,5.245512668,DN14 9QF,D,N,0,No,4,1
02948F1F-2858-4820-8702-9EC2E37B4611,17/03/2015,2015,290000,5.462397998,HU15 2XR,D,N,0,No,4,2
85866A64-D23D-143F-E053-6B04A8C06A15,11/12/2018 00:00,2018,262000,5.418301291,DN9 1JR,D,N,,,4,3
02B69858-B8D0-4CAA-AA11-D5DA49FB1464,18/07/2013,2013,178500,5.25163822,DN14 7JU,D,N,0,No,4,1
039CB388-9369-4AFB-A6DC-DE7218E4F16D,24/07/2015,2015,210000,5.322219295,DN8 5RE,D,N,0,No,3,2
046B01C3-B535-441C-B2CD-2CFF001F0E1A,05/07/2013,2013,105000,5.021189299,DN8 5QN,D,N,0,No,3,1
04E28E46-2D2B-4106-9334-7DA4B8E3E0BB,25/08/2015,2015,128000,5.10720997,DN7 4BX,D,N,0,No,4,2
05C19CFF-B6FA-41EA-A465-1AB646C6DC63,21/06/2012,2012,245000,5.389166084,DN14 9FD,D,Y,0,No,4,1
05C7B19E-87EA-4256-B62B-F71D9804B277,28/08/2015,2015,155000,5.190331698,DN7 6JW,D,N,0,No,4,2
0608F169-50EF-4185-9FDA-BAC4167DEEB0,11/07/2012,2012,142000,5.152288344,DN7 5LP,D,N,0,No,4,1
06336961-761F-4B64-BAFF-64CDA6AFECE0,23/04/2014,2014,160000,5.204119983,DN7 6QN,D,Y,0,No,4,2
06501F9E-C9EE-4FA6-BA1D-6AE6703885E1,17/12/2014,2014,235000,5.371067862,YO8 8RA,D,N,0,No,4,2
0668AEA7-2E14-46FF-810A-12B61B5EC519,13/02/2013,2013,250000,5.397940009,YO8 8HW,D,N,0,No,4,1
06FA2300-2532-4593-8190-E19D15B8AED4,19/12/2014,2014,219950,5.342323966,YO8 6DH,D,N,0,No,4,2
072377C8-74BB-467C-B27F-6035AB7F8A09,26/07/2013,2013,164000,5.214843848,DN7 6QB,D,N,0,No,4,1
078CEEBF-ED65-40E7-8971-DB9B739E4728,22/12/2011,2011,714000,5.853698212,DN7 6SA,D,N,0,No,4,1
08B15C63-E492-4900-9803-5D3B8422DDAC,20/12/2012,2012,137000,5.136720567,DN17 4AX,D,N,0,No,4,1
08F79A07-BFB0-4824-A01E-23793F7D4E33,26/09/2014,2014,167500,5.224014811,DN7 6BP,D,Y,0,No,4,2
0991B125-C663-422E-AF99-9180743AFEE2,12/09/2014,2014,400000,5.602059991,DN14 9NT,D,N,0,No,4,2
09B529CD-8AB9-4BD6-9F54-4D314A9310D4,30/01/2012,2012,90000,4.954242509,DN7 5NP,D,N,0,No,4,1
09C8BD45-A52F-4387-8637-519564E26E96,07/11/2013,2013,109000,5.037426498,DN14 9BN,D,Y,0,No,4,1
0AC42F40-6732-49F4-B034-B800232E36A7,13/09/2013,2013,150000,5.176091259,DN8 4AX,D,N,0,No,3,1
0B4D2671-63D7-40E0-88B6-E8466DF34656,11/01/2013,2013,130000,5.113943352,DN9 1TJ,D,N,0,No,4,1
0B8C9A92-F6F6-45D4-A2AB-31C889020ED4,04/11/2011,2011,182000,5.260071388,DN15 9HP,D,N,0,No,4,1
0BA0F421-D9C9-4F89-85C0-8E540C624114,15/12/2014,2014,100000,5,DN17 4EJ,D,N,0,No,3,2
0BAE21FB-3B21-4212-9380-B49461438C08,15/06/2012,2012,140000,5.146128036,YO8 8ES,D,N,0,No,4,1
0CD16062-C9C6-4128-8DF1-56B8048284E8,14/05/2013,2013,220000,5.342422681,DN9 1QP,D,N,0,No,4,1
0CE163A5-8CAA-454B-8AC4-D3ADD733D00C,05/10/2011,2011,295000,5.469822016,DN7 5LE,D,N,0,No,4,1
0D03F0AB-CAF2-4C5B-BAAB-01E30C0407C5,06/02/2012,2012,145000,5.161368002,YO8 8HU,D,N,0,No,4,1
0E773B5C-11A8-45A7-B17C-A7F0B1AB20C6,15/10/2013,2013,170000,5.230448921,DN8 4LG,D,Y,0,No,3,1
0E8C38C3-569B-4B5A-AE40-B308E1AC6A3E,26/11/2014,2014,300000,5.477121255,DN14 7LT,D,N,0,No,4,2
0F0F8F5B-7111-491B-A99C-26CF95D672F0,18/12/2014,2014,225000,5.352182518,YO8 8JA,D,N,0,No,4,2
0F33D45E-43BD-4400-A634-99F6673EFB97,29/06/2012,2012,172000,5.235528447,DN8 4BD,D,N,0,No,3,1
11141B4E-3DF8-4472-BD5B-094D27686DA0,15/07/2011,2011,130000,5.113943352,DN14 9JW,D,N,0,No,4,1
11505D2B-0F8D-4223-A606-052A86CC22FF,23/04/2014,2014,229000,5.359835482,DN15 9JG,D,N,0,No,4,2
115745C7-361C-4FF2-B8AD-910CBA589027,21/06/2013,2013,169995,5.230436148,DN14 7SG,D,N,0,No,4,1
11E9A5EB-A987-47F4-9CB1-6DBEB6411D69,03/08/2012,2012,140000,5.146128036,DN7 6JT,D,N,0,No,4,1
12910DB0-80C0-476A-9FBC-72385B8E3417,02/05/2014,2014,180000,5.255272505,HU15 2SP,D,N,0,No,4,2
132E273B-437D-47B8-9962-A7E49DD0242D,12/07/2012,2012,228000,5.357934847,DN17 4QS,D,N,0,No,3,1
1352A48F-A08C-4502-87D4-FB0216665B8F,13/02/2012,2012,197000,5.294466226,DN14 8TN,D,N,0,No,3,1
13DCF68D-1E82-4C94-B83A-C877B85B5C77,28/10/2011,2011,180000,5.255272505,DN14 7LL,D,N,0,No,4,1
13DF13DF-4BFD-4623-9637-CFD11646E89E,22/11/2013,2013,240000,5.380211242,DN14 9NB,D,N,0,No,4,1
13E94428-8802-4B24-B592-9D8D99F83F80,08/05/2015,2015,220000,5.342422681,DN14 0QY,D,N,0,No,4,2
1583D144-D1FE-43E2-BC78-650629F44082,29/07/2014,2014,159000,5.201397124,DN14 9QB,D,N,0,No,4,2
15A8B20B-4ACA-4F95-A98D-104D602FEF55,27/04/2012,2012,152000,5.181843588,DN14 9QP,D,N,0,No,4,1
16AD548A-9220-4988-B558-93A4B47D76F1,03/08/2012,2012,210000,5.322219295,YO8 6NH,D,N,0,No,4,1
1775CCF7-7A7F-38BA-E063-4704A8C05A7C,04/10/2019,2019,695000,5.841984805,YO8 6QF,D,N,0,No,4,3
17993E45-B742-4578-84B1-A79AD96374C3,10/04/2015,2015,278000,5.444044796,DN17 4AX,D,N,0,No,4,2
18407884-DDAA-4650-9A13-00ACA54956C6,23/09/2011,2011,150000,5.176091259,DN15 9ET,D,N,0,No,4,1
18B8B869-B528-490E-A7F4-E146E6719B47,15/03/2012,2012,180000,5.255272505,DN8 5AX,D,N,0,No,3,1
19164D02-FB13-4E3C-A5F9-7A1A57171C1E,28/01/2013,2013,175000,5.243038049,DN14 8QR,D,N,0,No,3,1
191A6FAD-D76E-47B5-85A9-92289D7515F7,11/10/2013,2013,215000,5.33243846,DN14 9TL,D,N,0,No,4,1
19DCC784-ED6A-4AC0-A38C-B6245FD694CD,05/12/2012,2012,198000,5.29666519,DN14 8QR,D,N,0,No,3,1
1B34D935-47AC-4D71-921B-F0CB1C5D4379,18/03/2013,2013,110000,5.041392685,DN7 4DR,D,N,0,No,4,1
1BBDEE5C-36A3-4326-A1CA-91ED2D1B79D3,18/05/2012,2012,183500,5.263636069,DN14 7LJ,D,N,0,No,4,1
1BFF0177-9E30-4489-910A-D5AB87F2358B,28/11/2014,2014,170000,5.230448921,DN14 9HZ,D,N,0,No,4,2
1C1BD903-ACF6-4DB0-881B-14EDDA4D49B2,05/08/2011,2011,199950,5.300921408,DN7 6AF,D,N,0,No,4,1
1C37A3E3-D7B5-4007-B852-B4D2B2181CFC,15/03/2011,2011,140000,5.146128036,DN14 9PF,D,N,0,No,4,1
1C3E72FE-AA59-F410-E063-4804A8C0DFA6,31/03/2017,2017,170000,5.230448921,DN7 4QG,D,N,0,No,4,3
1C977195-36E7-4931-A2FF-7421BFC90031,05/06/2015,2015,240500,5.381115081,DN7 6PH,D,N,0,No,4,2
1D469DB1-8B38-45C0-8D1A-64A2329C4B92,17/10/2014,2014,158000,5.198657087,DN8 4LG,D,N,0,No,3,2
1D867B40-3398-49D7-B812-9AFD327AE651,04/03/2011,2011,325000,5.511883361,DN7 6QN,D,N,0,No,4,1
1D948B52-0EFD-4EA3-8362-DBE9E1F2AB3F,13/06/2013,2013,142500,5.153814864,DN7 5JU,D,N,0,No,4,1
1DC78064-3561-4971-AA2B-F01A6996450E,06/08/2012,2012,205000,5.311753861,DN17 3NB,D,N,0,No,4,1
1DF2C622-C51C-41C2-AE41-25F199B275AA,04/10/2013,2013,220000,5.342422681,YO8 8GX,D,N,0,No,4,1
1E250436-7EB6-4DBE-A85E-52EB4D45C12D,24/11/2014,2014,97500,4.989004616,DN8 5RE,D,N,0,No,3,2
1E27664C-6BBE-4AA7-9CA8-E7718B844645,12/11/2013,2013,142000,5.152288344,DN14 9AL,D,N,0,No,4,1
1E4A21A7-A3AE-485B-AD7C-63015587825E,07/05/2015,2015,230000,5.361727836,DN7 6AF,D,N,0,No,4,2
1ED1BBD9-6C73-4291-94B3-AC71CB6CC048,19/09/2014,2014,489950,5.690151762,DN9 1QH,D,N,0,No,4,2
1F179E40-309A-46A8-82A9-9E9476158086,28/11/2014,2014,143000,5.155336037,DN14 9JW,D,N,0,No,4,2
1F318ED7-D67C-4683-91EE-EE6604430883,21/12/2011,2011,235000,5.371067862,DN7 6LP,D,N,0,No,4,1
1F3C2F37-67C8-4CB3-B5AB-00C5BAA88753,02/12/2011,2011,480000,5.681241237,YO8 6DH,D,N,0,No,4,1
1F5AE990-5F39-4118-A55E-74166CDE5570,09/02/2015,2015,190000,5.278753601,DN8 5QY,D,N,0,No,3,2
1F80ABB9-6DBD-4DBF-868D-EC12AF479941,29/10/2013,2013,325000,5.511883361,YO8 6QU,D,N,0,No,4,1
20096255-DD21-46AC-8531-704FCBB4DAEB,26/07/2013,2013,123000,5.089905111,DN7 4NU,D,N,0,No,4,1
87E1551E-3B4F-6405-E053-6C04A8C0B2EE,12/04/2019 00:00,2019,232500,5.366422957,DN9 1LL,D,N,,,4,3
20EB3B7C-02A7-4A6E-B116-E412A0ED9E77,01/10/2013,2013,162500,5.210853365,DN14 9QP,D,N,0,No,4,1
2107515F-4F0D-4AF1-BF75-C91BFAE0F785,12/12/2012,2012,100000,5,DN7 6AQ,D,N,0,No,4,1
21130FB1-A0AC-463D-87B8-1D367511E1EF,21/04/2011,2011,184000,5.264817823,DN9 1QG,D,N,0,No,4,1
212EF3D3-FB24-4C64-B352-D99438BC0831,18/10/2013,2013,170000,5.230448921,DN14 9QQ,D,N,0,No,4,1
2190B940-E052-414E-A474-2AD9EF49402A,27/03/2015,2015,90500,4.956648579,DN7 5TR,D,N,0,No,4,2
21D0F1B8-DFCD-4E23-853E-E67AACC3B8BF,31/01/2014,2014,120000,5.079181246,DN7 6SJ,D,N,0,No,4,2
221AD647-4CA7-4785-AE70-E666AFD8F489,17/04/2015,2015,137000,5.136720567,HU15 2YE,D,N,0,No,4,2
222F8476-6B42-489D-A096-C443EA0FB091,07/03/2013,2013,194000,5.28780173,YO8 6ST,D,N,0,No,4,1
2274C3CB-CAE7-4DE9-97F9-165F162D9078,14/10/2013,2013,212800,5.327971624,DN14 9LY,D,N,0,No,4,1
22976647-0718-496A-828E-B3224D25F9D8,17/04/2014,2014,180000,5.255272505,DN15 9YF,D,N,0,No,4,2
229BF9CE-1A73-4113-A7E6-21FF2A4BE436,03/04/2013,2013,221000,5.344392274,DN9 1FG,D,N,0,No,4,1
22A6F135-8372-4A01-B3DA-500CDB647175,28/04/2011,2011,292000,5.465382851,DN14 8QR,D,N,0,No,3,1
22BF2BDB-6BC9-4AD7-8D73-8D0FD005AA5F,05/08/2015,2015,485000,5.685741739,DN17 4PA,D,N,0,No,3,2
231C017B-1588-49D6-A4CD-5D38EE4F01FB,20/12/2011,2011,150000,5.176091259,DN14 9TB,D,N,0,No,4,1
233BC7AA-0E5C-4B03-85DA-C76CF9802A06,28/04/2011,2011,117000,5.068185862,DN15 9EQ,D,N,0,No,4,1
237B17FE-BB82-22AC-E063-4804A8C0EA3A,14/06/2019,2019,319995,5.505143192,DN14 7JW,D,Y,0,No,4,3
23817334-16D9-4245-A5FA-F9FAFB9C3DC3,18/09/2015,2015,201500,5.30427505,DN8 5BT,D,N,0,No,3,2
23B6165E-5CFF-FCF4-E050-A8C0620577FA,14/09/2015,2015,240000,5.380211242,DN9 1NW,D,N,0,No,4,2
23B6165E-5D15-FCF4-E050-A8C0620577FA,06/10/2015,2015,147500,5.16879202,DN14 9HB,D,N,0,No,4,2
23B6165E-5D3E-FCF4-E050-A8C0620577FA,25/09/2015,2015,182500,5.261262869,DN15 9EH,D,N,0,No,4,2
23B6165E-5E2E-FCF4-E050-A8C0620577FA,25/09/2015,2015,148000,5.170261715,DN9 1TJ,D,N,0,No,4,2
23B6165E-5ECF-FCF4-E050-A8C0620577FA,25/09/2015,2015,185000,5.267171728,DN14 9ES,D,N,0,No,4,2
23B6165E-5EFA-FCF4-E050-A8C0620577FA,15/09/2015,2015,425000,5.62838893,DN9 1QP,D,N,0,No,4,2
23B6165E-5F18-FCF4-E050-A8C0620577FA,14/10/2015,2015,330000,5.51851394,DN17 4NW,D,N,0,No,3,2
23B6165E-5F50-FCF4-E050-A8C0620577FA,06/03/2015,2015,335000,5.525044807,DN9 1QP,D,N,0,No,4,2
23B6165E-5F59-FCF4-E050-A8C0620577FA,09/10/2015,2015,393000,5.59439255,DN9 1NS,D,N,0,No,4,2
23B6165E-6044-FCF4-E050-A8C0620577FA,23/09/2015,2015,137500,5.138302698,DN15 9EH,D,N,0,No,4,2
23B6165E-B577-FCF4-E050-A8C0620577FA,12/10/2015,2015,282500,5.451018452,DN14 9NX,D,N,0,No,4,2
23B6165E-B640-FCF4-E050-A8C0620577FA,16/09/2015,2015,200000,5.301029996,DN14 9QP,D,N,0,No,4,2
23B6165E-B64C-FCF4-E050-A8C0620577FA,18/09/2015,2015,195000,5.290034611,DN14 9RR,D,N,0,No,4,2
23B6165E-B87A-FCF4-E050-A8C0620577FA,26/08/2015,2015,310000,5.491361694,DN14 0RP,D,N,0,No,4,2
23B6165E-B8CA-FCF4-E050-A8C0620577FA,05/10/2015,2015,272500,5.435366507,DN14 9PN,D,N,0,No,4,2
23B6165E-E739-FCF4-E050-A8C0620577FA,24/09/2015,2015,130000,5.113943352,DN7 6AH,D,N,0,No,4,2
23B6165E-E8AC-FCF4-E050-A8C0620577FA,15/10/2015,2015,250000,5.397940009,DN7 6QJ,D,N,0,No,4,2
23B6165E-E942-FCF4-E050-A8C0620577FA,04/09/2015,2015,147000,5.167317335,DN7 5JR,D,N,0,No,4,2
23B6165E-EA4D-FCF4-E050-A8C0620577FA,25/09/2015,2015,145000,5.161368002,DN8 5EL,D,N,0,No,3,2
23B6165E-ED76-FCF4-E050-A8C0620577FA,13/10/2015,2015,162000,5.209515015,DN7 6QB,D,N,0,No,4,2
23B6165F-2E6A-FCF4-E050-A8C0620577FA,07/11/2014,2014,295000,5.469822016,DN14 7LF,D,N,0,No,4,2
23B6165F-2E73-FCF4-E050-A8C0620577FA,19/10/2015,2015,200000,5.301029996,HU15 2GF,D,Y,0,No,4,2
23B6165F-2F12-FCF4-E050-A8C0620577FA,16/10/2015,2015,170000,5.230448921,DN7 6AF,D,N,0,No,4,2
241A4A53-AD76-706B-E050-A8C06205638B,30/10/2015,2015,145000,5.161368002,DN15 9AD,D,N,0,No,4,2
241A4A53-AD83-706B-E050-A8C06205638B,28/10/2015,2015,230000,5.361727836,DN9 1QP,D,N,0,No,4,2
241A4A53-C090-706B-E050-A8C06205638B,30/10/2015,2015,240000,5.380211242,YO8 8EW,D,N,0,No,4,2
241A4A53-CD61-706B-E050-A8C06205638B,19/10/2015,2015,350000,5.544068044,DN7 5SU,D,N,0,No,4,2
2488C153-CA07-4479-A2D4-07B9AB8294AF,18/09/2014,2014,285000,5.45484486,DN14 9NU,D,N,0,No,4,2
24D5AC15-9FB6-4930-AC9E-F048205322CB,17/10/2012,2012,145000,5.161368002,YO8 6PW,D,N,0,No,4,1
2557D05E-9808-411B-9D27-FA2DEE0E2AD0,16/05/2014,2014,180000,5.255272505,DN14 8TL,D,N,0,No,3,2
25A8324E-4067-41EB-8FBE-441AA64FCF5F,16/08/2013,2013,225000,5.352182518,YO8 8EY,D,N,0,No,4,1
25DACC4F-FE73-4E22-A5E5-E4FC16E1878D,24/07/2015,2015,170000,5.230448921,YO8 8HD,D,N,0,No,4,2
25DEF499-B932-451E-8D7B-8065ECD58BB9,19/12/2014,2014,165000,5.217483944,DN7 6NQ,D,N,0,No,4,2
25EA59F9-CCDD-4D50-E050-A8C0630562D0,15/10/2015,2015,240000,5.380211242,DN14 9EL,D,N,0,No,3,2
25EA59F9-CDF8-4D50-E050-A8C0630562D0,19/10/2015,2015,185000,5.267171728,DN15 9EQ,D,N,0,No,4,2
25EA59F9-CE42-4D50-E050-A8C0630562D0,28/10/2015,2015,172500,5.236789099,DN15 9ED,D,N,0,No,4,2
25EA59F9-CE67-4D50-E050-A8C0630562D0,02/10/2015,2015,210000,5.322219295,DN9 1LS,D,N,0,No,4,2
25EA59FA-0D36-4D50-E050-A8C0630562D0,30/10/2015,2015,198000,5.29666519,DN14 9QZ,D,N,0,No,4,2
25EA59FA-0EB4-4D50-E050-A8C0630562D0,13/11/2015,2015,76000,4.880813592,YO8 8ER,D,N,0,No,4,2
25EA59FA-0EC6-4D50-E050-A8C0630562D0,11/11/2015,2015,260000,5.414973348,DN14 0QY,D,N,0,No,4,2
25EA59FA-0F5B-4D50-E050-A8C0630562D0,30/10/2015,2015,200500,5.302114377,YO8 6NL,D,N,0,No,4,2
8A78B2AF-9EF3-5CB0-E053-6B04A8C0F504,08/04/2019 00:00,2019,485000,5.685741739,DN9 1JY,D,N,,,4,3
25EA59FA-3411-4D50-E050-A8C0630562D0,13/11/2015,2015,90000,4.954242509,DN7 4DR,D,N,0,No,4,2
25EA59FA-3427-4D50-E050-A8C0630562D0,23/10/2015,2015,130000,5.113943352,DN8 5QP,D,N,0,No,3,2
25EA59FA-360E-4D50-E050-A8C0630562D0,07/10/2015,2015,190000,5.278753601,DN7 6AH,D,N,0,No,4,2
25EA59FA-3643-4D50-E050-A8C0630562D0,28/10/2015,2015,170000,5.230448921,DN8 5AE,D,N,0,No,3,2
25EA59FA-365A-4D50-E050-A8C0630562D0,30/10/2015,2015,178000,5.250420002,DN7 5JU,D,N,0,No,4,2
25EA59FA-365B-4D50-E050-A8C0630562D0,07/10/2015,2015,235000,5.371067862,DN7 6NQ,D,N,0,No,4,2
25EA59FA-37BF-4D50-E050-A8C0630562D0,30/10/2015,2015,320000,5.505149978,DN7 6SF,D,N,0,No,4,2
25EA59FA-381F-4D50-E050-A8C0630562D0,29/07/2015,2015,80000,4.903089987,DN7 4FB,D,Y,0,No,4,2
25EA59FA-3876-4D50-E050-A8C0630562D0,10/09/2015,2015,137500,5.138302698,DN7 5BL,D,Y,0,No,4,2
25EA59FA-6ABA-4D50-E050-A8C0630562D0,22/10/2015,2015,300000,5.477121255,DN14 9EB,D,N,0,No,3,2
25EA59FA-6AC6-4D50-E050-A8C0630562D0,21/10/2015,2015,223000,5.348304863,HU15 2YB,D,N,0,No,4,2
25EA59FA-6AC7-4D50-E050-A8C0630562D0,18/09/2015,2015,225000,5.352182518,DN14 8TL,D,N,0,No,3,2
25EA59FA-6AC8-4D50-E050-A8C0630562D0,09/11/2015,2015,425000,5.62838893,YO8 6DH,D,N,0,No,4,2
25EA59FA-6B5E-4D50-E050-A8C0630562D0,30/10/2015,2015,200000,5.301029996,HU15 2GF,D,Y,0,No,4,2
25EA59FA-6B66-4D50-E050-A8C0630562D0,12/11/2015,2015,200000,5.301029996,HU15 2GF,D,Y,0,No,4,2
26901FB9-BA2B-4FF3-A739-162687571C8B,07/11/2014,2014,222500,5.347330015,YO8 8NJ,D,N,0,No,3,2
26AD250E-5247-46F9-963E-4685A567D58D,23/11/2012,2012,161000,5.206825876,DN14 9QD,D,N,0,No,4,1
26B5A463-342A-4935-8593-40297B2C2CA1,30/05/2014,2014,164500,5.216165902,DN15 9HY,D,N,0,No,4,2
27643196-5743-416C-B862-49EA458FA4A9,01/03/2013,2013,249950,5.397853141,DN14 9NX,D,N,0,No,4,1
28546086-6EDC-42C1-8758-83EE48DF755C,17/02/2014,2014,120000,5.079181246,DN9 1PE,D,N,0,No,4,2
288DCE29-3826-E510-E050-A8C06205480E,20/11/2015,2015,135000,5.130333768,DN15 9JG,D,N,0,No,4,2
288DCE29-3880-E510-E050-A8C06205480E,16/12/2015,2015,233000,5.367355921,DN14 0DR,D,N,0,No,4,2
288DCE29-3887-E510-E050-A8C06205480E,13/11/2015,2015,190000,5.278753601,DN17 4BG,D,N,0,No,3,2
288DCE29-3942-E510-E050-A8C06205480E,04/12/2015,2015,203000,5.307496038,DN17 3HT,D,N,0,No,4,2
288DCE29-39C8-E510-E050-A8C06205480E,30/10/2015,2015,240000,5.380211242,DN9 1TS,D,N,0,No,4,2
288DCE29-39FA-E510-E050-A8C06205480E,10/12/2015,2015,155000,5.190331698,DN17 4AL,D,N,0,No,4,2
288DCE29-3B22-E510-E050-A8C06205480E,31/07/2015,2015,128500,5.108903128,DN17 4JW,D,N,0,No,3,2
288DCE29-8CC9-E510-E050-A8C06205480E,20/11/2015,2015,188000,5.274157849,YO8 8HU,D,N,0,No,4,2
288DCE29-8DEA-E510-E050-A8C06205480E,07/12/2015,2015,179950,5.255151851,DN14 9QF,D,N,0,No,4,2
288DCE29-8E0B-E510-E050-A8C06205480E,20/11/2015,2015,248000,5.394451681,YO8 8PN,D,N,0,No,3,2
288DCE29-906D-E510-E050-A8C06205480E,20/11/2015,2015,217500,5.337459261,YO8 8ES,D,N,0,No,4,2
288DCE29-9077-E510-E050-A8C06205480E,02/12/2015,2015,220000,5.342422681,YO8 8JW,D,N,0,No,4,2
288DCE29-9080-E510-E050-A8C06205480E,23/11/2015,2015,175000,5.243038049,DN14 9QD,D,N,0,No,4,2
288DCE29-BECA-E510-E050-A8C06205480E,07/12/2015,2015,308000,5.488550717,DN7 6ST,D,N,0,No,4,2
288DCE29-C0B1-E510-E050-A8C06205480E,07/12/2015,2015,210000,5.322219295,DN7 6NF,D,N,0,No,4,2
288DCE29-C3F2-E510-E050-A8C06205480E,11/11/2015,2015,140000,5.146128036,DN8 4BE,D,N,0,No,3,2
288DCE2A-0385-E510-E050-A8C06205480E,04/12/2015,2015,155000,5.190331698,DN14 7LG,D,N,0,No,4,2
288DCE2A-03DC-E510-E050-A8C06205480E,27/11/2015,2015,250000,5.397940009,HU15 2GF,D,Y,0,No,4,2
288DCE2A-03F1-E510-E050-A8C06205480E,11/12/2015,2015,180000,5.255272505,HU15 2GF,D,Y,0,No,4,2
288DCE2A-03F3-E510-E050-A8C06205480E,27/11/2015,2015,180000,5.255272505,HU15 2GF,D,Y,0,No,4,2
28DC3342-A85F-4E15-A973-398692FF2A79,26/07/2013,2013,255000,5.40654018,DN8 4JE,D,Y,0,No,3,1
290A4D81-D197-40ED-BCDE-FCBA0DBA7F6E,26/06/2015,2015,275000,5.439332694,DN14 7HD,D,N,0,No,3,2
2935C78A-7058-42D2-A937-C39B993EC153,06/06/2014,2014,95000,4.977723605,DN15 9EF,D,N,0,No,4,2
29732FD2-1EF5-49D9-9C71-2257022BEC15,11/01/2013,2013,132000,5.120573931,DN7 5NP,D,N,0,No,4,1
297624E7-9116-40D0-A6A4-CB14081B3CA5,05/03/2015,2015,190000,5.278753601,DN7 6QN,D,N,0,No,4,2
298AEF87-18FE-46F6-B043-736D5FDC9582,22/08/2014,2014,85000,4.929418926,DN15 8DR,D,N,0,No,4,2
2A0A7342-1852-42FF-9CF2-75C12424A4D0,27/06/2012,2012,220000,5.342422681,DN14 0DR,D,N,0,No,4,1
2A289E9D-47D5-CDC8-E050-A8C063054829,05/01/2012,2012,300000,5.477121255,DN14 9LP,D,N,0,No,4,1
2A289E9D-C932-CDC8-E050-A8C063054829,10/05/2012,2012,80000,4.903089987,YO8 8HS,D,Y,0,No,4,1
2A289E9D-F4F9-CDC8-E050-A8C063054829,11/10/2012,2012,110000,5.041392685,DN8 5NX,D,N,0,No,3,1
2A289E9F-3261-CDC8-E050-A8C063054829,19/10/2012,2012,355000,5.550228353,DN14 9EB,D,N,0,No,3,1
2A289E9F-500A-CDC8-E050-A8C063054829,13/01/2012,2012,183000,5.26245109,DN14 8LH,D,N,0,No,3,1
2A289EA0-09A5-CDC8-E050-A8C063054829,24/08/2012,2012,315000,5.498310554,DN8 4JQ,D,N,0,No,3,1
2A289EA0-0F0E-CDC8-E050-A8C063054829,06/10/2011,2011,150000,5.176091259,DN8 5TW,D,N,0,No,3,1
2A289EA1-0CBE-CDC8-E050-A8C063054829,13/09/2011,2011,210000,5.322219295,DN7 5HT,D,N,0,No,4,1
2A7EA2A8-F60D-4C83-9173-4323E0F67CF6,10/10/2014,2014,350000,5.544068044,DN14 7TP,D,N,0,No,3,2
2AC10E4F-92B9-1AF6-E050-A8C063052BA1,12/01/2016,2016,132000,5.120573931,DN15 8DY,D,N,0,No,4,2
2AC10E4F-92DD-1AF6-E050-A8C063052BA1,14/01/2016,2016,133000,5.123851641,DN17 4DR,D,N,0,No,3,2
2AC10E4F-92FE-1AF6-E050-A8C063052BA1,30/11/2015,2015,138500,5.141449773,DN17 4NY,D,N,0,No,3,2
2AC10E4F-9323-1AF6-E050-A8C063052BA1,08/01/2016,2016,133000,5.123851641,HU15 2TU,D,N,0,No,4,2
2AC10E4F-9386-1AF6-E050-A8C063052BA1,02/10/2015,2015,223000,5.348304863,DN15 8JB,D,N,0,No,4,2
2AC10E4F-940C-1AF6-E050-A8C063052BA1,18/12/2015,2015,230000,5.361727836,DN14 7LT,D,N,0,No,4,2
2AC10E4F-9457-1AF6-E050-A8C063052BA1,02/12/2015,2015,338000,5.5289167,DN9 1NS,D,N,0,No,4,2
2AC10E4F-9458-1AF6-E050-A8C063052BA1,22/12/2015,2015,124000,5.093421685,HU15 2SY,D,N,0,No,4,2
2AC10E4F-9529-1AF6-E050-A8C063052BA1,30/11/2015,2015,230000,5.361727836,DN17 4BG,D,N,0,No,3,2
2AC10E4F-E307-1AF6-E050-A8C063052BA1,18/12/2015,2015,185000,5.267171728,DN14 9QG,D,N,0,No,4,2
2AC10E4F-E69A-1AF6-E050-A8C063052BA1,06/11/2015,2015,185000,5.267171728,YO8 8HW,D,N,0,No,4,2
2AC10E4F-E6D3-1AF6-E050-A8C063052BA1,15/01/2016,2016,230000,5.361727836,YO8 6QJ,D,N,0,No,4,2
2AC10E50-1040-1AF6-E050-A8C063052BA1,22/01/2016,2016,195000,5.290034611,DN7 4DR,D,N,0,No,4,2
2AC10E50-1292-1AF6-E050-A8C063052BA1,08/01/2016,2016,225000,5.352182518,DN7 6PH,D,N,0,No,4,2
2AC10E50-1351-1AF6-E050-A8C063052BA1,18/12/2015,2015,305000,5.484299839,DN6 0HD,D,N,0,No,4,2
2AC10E50-16C9-1AF6-E050-A8C063052BA1,04/01/2016,2016,150000,5.176091259,DN8 4BD,D,N,0,No,3,2
2AC10E50-4FED-1AF6-E050-A8C063052BA1,21/12/2015,2015,480000,5.681241237,YO8 6DH,D,N,0,No,4,2
2AC10E50-501D-1AF6-E050-A8C063052BA1,08/01/2016,2016,142000,5.152288344,HU15 2TY,D,N,0,No,4,2
2AC10E50-5062-1AF6-E050-A8C063052BA1,04/12/2015,2015,180000,5.255272505,DN14 8LH,D,N,0,No,3,2
2AC10E50-5069-1AF6-E050-A8C063052BA1,12/08/2015,2015,173500,5.239299479,DN14 9JE,D,N,0,No,4,2
2AC10E50-50A6-1AF6-E050-A8C063052BA1,14/12/2015,2015,250000,5.397940009,HU15 2GF,D,Y,0,No,4,2
2AC10E50-50A7-1AF6-E050-A8C063052BA1,18/12/2015,2015,310000,5.491361694,DN14 7SJ,D,N,0,No,4,2
2B137523-5661-46D5-8C63-5DE7EEAC7ADF,06/11/2013,2013,149000,5.173186268,HU15 2YF,D,N,0,No,4,1
2B1A749D-C15C-4E24-BAFB-54E630FC2385,18/03/2011,2011,165000,5.217483944,DN9 1NN,D,N,0,No,4,1
2B1E4A5D-1258-4290-A7A6-5AC83A263382,13/03/2015,2015,220000,5.342422681,YO8 6NH,D,N,0,No,4,2
2B5EAC45-D3A3-418F-8B66-B9CE78399E2F,05/05/2015,2015,211000,5.324282455,DN7 6BB,D,N,0,No,4,2
2B8E29A9-85F0-4DFC-B31D-912715031285,14/11/2014,2014,160000,5.204119983,HU15 2UZ,D,N,0,No,4,2
2BB08D58-88DF-4A3D-813F-44CCB14B08CA,10/04/2014,2014,220000,5.342422681,DN9 1QG,D,N,0,No,4,2
2BF022CA-EFAD-40C2-8F0D-CE0AE97E8173,18/10/2013,2013,145000,5.161368002,DN14 9QF,D,N,0,No,4,1
2C53EEA9-4E29-464F-B72D-2BBD1A2C9384,08/11/2013,2013,95000,4.977723605,DN14 9PA,D,N,0,No,4,1
2C768D3F-ED1F-4458-A2FA-C276979D0E91,14/02/2014,2014,740000,5.86923172,YO8 6SY,D,N,0,No,4,2
8CAC1318-4E49-0253-E053-6B04A8C08E51,23/04/2019 00:00,2019,208750,5.319626484,DN9 1GX,D,N,,,4,3
2CCA102E-6F1A-4B2E-82E5-AECC7C7059E8,26/09/2011,2011,130000,5.113943352,DN7 6JL,D,N,0,No,4,1
2D1525B3-58DF-4BAD-8D5B-8AE22DED6EF4,12/04/2013,2013,222000,5.346352974,DN14 9TA,D,N,0,No,4,1
2D1E4B26-61A9-FCD1-E050-A8C0630544EC,01/02/2016,2016,307500,5.48784512,YO8 6DH,D,N,0,No,4,2
2D1E4B26-6247-FCD1-E050-A8C0630544EC,12/02/2016,2016,245000,5.389166084,DN14 9DW,D,N,0,No,4,2
2D1E4B26-63A1-FCD1-E050-A8C0630544EC,29/01/2016,2016,90000,4.954242509,DN17 4NW,D,N,0,No,3,2
2D1E4B26-A9A6-FCD1-E050-A8C0630544EC,06/01/2016,2016,200000,5.301029996,YO8 6QG,D,N,0,No,4,2
2D1E4B26-A9F0-FCD1-E050-A8C0630544EC,29/01/2016,2016,160000,5.204119983,DN14 9QG,D,N,0,No,4,2
2D1E4B26-D53B-FCD1-E050-A8C0630544EC,02/02/2016,2016,165000,5.217483944,DN7 6NQ,D,N,0,No,4,2
2D1E4B26-D7F3-FCD1-E050-A8C0630544EC,28/01/2016,2016,168000,5.225309282,DN7 6HR,D,N,0,No,4,2
2D1E4B26-D7FE-FCD1-E050-A8C0630544EC,29/01/2016,2016,155000,5.190331698,DN7 6HR,D,N,0,No,4,2
2D1E4B26-D82C-FCD1-E050-A8C0630544EC,25/01/2016,2016,220000,5.342422681,DN7 6QN,D,N,0,No,4,2
2D1E4B26-D8B8-FCD1-E050-A8C0630544EC,11/12/2015,2015,135000,5.130333768,DN7 5BL,D,Y,0,No,4,2
2D1E4B27-108C-FCD1-E050-A8C0630544EC,18/12/2015,2015,203000,5.307496038,DN14 8TN,D,N,0,No,3,2
2D1E4B27-10E4-FCD1-E050-A8C0630544EC,11/09/2015,2015,178500,5.25163822,DN14 5LJ,D,N,0,No,3,2
2D1E4B27-1116-FCD1-E050-A8C0630544EC,01/02/2016,2016,250000,5.397940009,YO8 6DH,D,N,0,No,4,2
2D1E4B27-115E-FCD1-E050-A8C0630544EC,25/01/2016,2016,135000,5.130333768,DN7 5JR,D,N,0,No,4,2
2D5C057E-CC52-4244-BE39-11A141847656,13/06/2014,2014,207000,5.315970345,HU15 2UU,D,N,0,No,4,2
2DBF4D57-76D3-4B4A-86A4-884AC69F0540,31/10/2012,2012,249950,5.397853141,DN14 5PJ,D,N,0,No,3,1
2E32D87E-341C-4B18-A6C3-091E48D0A30A,01/05/2015,2015,199000,5.298853076,DN7 6AF,D,N,0,No,4,2
2EB5D9B5-D61A-4118-ADF7-D3C057E6540C,18/06/2013,2013,210000,5.322219295,DN14 9RA,D,N,0,No,3,1
2F772747-255B-3534-E050-A8C0630513CD,18/03/2016,2016,328000,5.515873844,DN14 9PJ,D,N,0,No,4,2
2FAA308A-F620-47FC-BCE3-D61918D9C9BF,30/04/2013,2013,110000,5.041392685,DN9 1QU,D,N,0,No,4,1
2FD36065-E66B-4BF8-E050-A8C0620562B1,07/03/2016,2016,240000,5.380211242,YO8 8EW,D,N,0,No,4,2
2FD36065-E6E6-4BF8-E050-A8C0620562B1,01/03/2016,2016,425000,5.62838893,YO8 8EG,D,N,0,No,4,2
2FD36065-E745-4BF8-E050-A8C0620562B1,18/11/2015,2015,375000,5.574031268,YO8 8EG,D,N,0,No,4,2
2FD36066-1112-4BF8-E050-A8C0620562B1,01/02/2016,2016,152500,5.183269844,DN7 4QG,D,N,0,No,4,2
2FD36066-1317-4BF8-E050-A8C0620562B1,04/12/2015,2015,430000,5.633468456,DN14 9BN,D,Y,0,No,4,2
2FD36066-4A99-4BF8-E050-A8C0620562B1,26/02/2016,2016,170000,5.230448921,DN14 8TE,D,N,0,No,3,2
2FD36066-4AD3-4BF8-E050-A8C0620562B1,18/11/2014,2014,285000,5.45484486,DN14 9EG,D,N,0,No,3,2
2FD36066-4B24-4BF8-E050-A8C0620562B1,27/11/2015,2015,250000,5.397940009,DN14 5PJ,D,N,0,No,3,2
2FD36066-4E62-4BF8-E050-A8C0620562B1,18/12/2015,2015,285000,5.45484486,DN14 5PJ,D,N,0,No,3,2
2FF1B685-E9F8-448E-9133-DE2F6AADBCA7,19/05/2014,2014,190000,5.278753601,DN14 7QS,D,N,0,No,4,2
303A73CA-0DFF-4788-85C2-30609EF935A0,15/05/2015,2015,281000,5.44870632,YO8 6ST,D,N,0,No,4,2
30FEA61D-B406-4060-AB45-31E42E8CB248,17/07/2015,2015,170000,5.230448921,DN14 9RR,D,N,0,No,4,2
310D3476-80F4-4D0E-B546-05C32297D231,27/08/2014,2014,247250,5.3931363,YO8 8HD,D,N,0,No,4,2
3175C420-4CB4-4DA9-8C9D-8EFBF97598D9,26/09/2014,2014,200000,5.301029996,DN7 6TL,D,N,0,No,4,2
317FD398-A39A-48AC-A26B-94A1EE3C260E,20/12/2013,2013,193000,5.285557309,YO8 8ES,D,N,0,No,4,1
31D2FA6B-F8FF-48EA-BB62-133B2ED04CED,25/09/2013,2013,155000,5.190331698,DN15 9DB,D,N,0,No,4,1
31FB4C17-67FA-57B9-E050-A8C063053436,22/04/2016,2016,400000,5.602059991,DN9 1QH,D,N,0,No,4,2
31FB4C17-6814-57B9-E050-A8C063053436,31/03/2016,2016,252000,5.401400541,DN14 7JN,D,N,0,No,4,2
31FB4C17-690F-57B9-E050-A8C063053436,30/03/2016,2016,440000,5.643452676,DN14 7XQ,D,N,0,No,4,2
31FB4C17-69C2-57B9-E050-A8C063053436,01/04/2016,2016,165000,5.217483944,DN17 4NH,D,N,0,No,3,2
31FB4C17-6A56-57B9-E050-A8C063053436,17/09/2015,2015,176000,5.245512668,DN17 4NY,D,N,0,No,3,2
31FB4C17-6A9C-57B9-E050-A8C063053436,23/03/2016,2016,220000,5.342422681,DN17 4AD,D,N,0,No,4,2
31FB4C17-6B12-57B9-E050-A8C063053436,18/03/2016,2016,170000,5.230448921,DN17 4RT,D,N,0,No,4,2
31FB4C17-C9BA-57B9-E050-A8C063053436,21/03/2016,2016,430000,5.633468456,YO8 8NE,D,N,0,No,4,2
31FB4C17-CA13-57B9-E050-A8C063053436,08/04/2016,2016,170000,5.230448921,YO8 8ES,D,N,0,No,4,2
31FB4C17-CE91-57B9-E050-A8C063053436,24/03/2016,2016,277000,5.442479769,DN14 9NL,D,N,0,No,4,2
31FB4C18-0108-57B9-E050-A8C063053436,08/04/2016,2016,120000,5.079181246,DN7 5SB,D,N,0,No,4,2
31FB4C18-015D-57B9-E050-A8C063053436,18/04/2016,2016,190000,5.278753601,DN7 4DR,D,N,0,No,4,2
31FB4C18-0292-57B9-E050-A8C063053436,01/04/2016,2016,197500,5.2955671,DN7 6NQ,D,N,0,No,4,2
31FB4C18-02C1-57B9-E050-A8C063053436,15/03/2016,2016,247000,5.392696953,DN7 6RQ,D,N,0,No,4,2
31FB4C18-02D6-57B9-E050-A8C063053436,23/03/2016,2016,88500,4.946943271,DN7 4EZ,D,N,0,No,4,2
31FB4C18-036E-57B9-E050-A8C063053436,18/03/2016,2016,154150,5.187943529,DN7 4EY,D,N,0,No,4,2
31FB4C18-04EB-57B9-E050-A8C063053436,30/03/2016,2016,300000,5.477121255,DN7 5JY,D,N,0,No,4,2
31FB4C18-06AE-57B9-E050-A8C063053436,14/03/2016,2016,438750,5.642217129,DN7 6BS,D,N,0,No,4,2
31FB4C18-4E7F-57B9-E050-A8C063053436,13/04/2016,2016,352000,5.546542663,DN14 7FD,D,N,0,No,4,2
31FB4C18-4EAA-57B9-E050-A8C063053436,30/03/2016,2016,256000,5.408239965,DN14 9TL,D,N,0,No,4,2
31FB4C18-4F21-57B9-E050-A8C063053436,30/03/2016,2016,155000,5.190331698,DN14 9LJ,D,N,0,No,4,2
3258EB1A-668A-484F-99DC-28EFB3FA74F3,30/03/2015,2015,199950,5.300921408,DN14 7LL,D,N,0,No,4,2
329D5B74-F457-483D-8B94-42DCEACAD769,30/11/2012,2012,85000,4.929418926,DN8 5QP,D,N,0,No,3,1
333028AD-8C7C-48CD-833A-CA7E10CDEAE9,27/02/2015,2015,170000,5.230448921,DN15 9AD,D,N,0,No,4,2
334EAC6C-2D23-4429-8EE3-D8D1935A5CE6,19/11/2014,2014,247000,5.392696953,DN14 8NF,D,N,0,No,3,2
33715CF7-CB1D-43D1-91B6-B5C1B410EB7D,18/07/2013,2013,225000,5.352182518,YO8 8JH,D,N,0,No,4,1
33E24AF3-E6D5-4B3E-B101-A70A2D2ACD68,16/11/2012,2012,180000,5.255272505,DN14 9QF,D,N,0,No,4,1
34394C94-A72C-4719-9EFE-76C01F8343F0,31/03/2011,2011,230000,5.361727836,DN14 5PT,D,N,0,No,3,1
34428D7E-1C89-B86C-E050-A8C06205059C,13/05/2016,2016,177000,5.247973266,DN14 8QD,D,N,0,No,3,2
34428D7E-1CB8-B86C-E050-A8C06205059C,29/04/2016,2016,195000,5.290034611,DN14 8ER,D,N,0,No,3,2
34428D7E-1D7D-B86C-E050-A8C06205059C,17/05/2016,2016,130000,5.113943352,DN15 9JD,D,N,0,No,4,2
34428D7E-1EF4-B86C-E050-A8C06205059C,25/04/2016,2016,155000,5.190331698,DN15 9DB,D,N,0,No,4,2
34428D7E-6177-B86C-E050-A8C06205059C,06/05/2016,2016,93000,4.968482949,YO8 8ER,D,N,0,No,4,2
34428D7E-6224-B86C-E050-A8C06205059C,13/05/2016,2016,160000,5.204119983,DN14 9QB,D,N,0,No,4,2
34428D7E-631C-B86C-E050-A8C06205059C,31/03/2016,2016,395000,5.596597096,DN14 9LR,D,N,0,No,4,2
34428D7E-86BF-B86C-E050-A8C06205059C,14/04/2016,2016,90000,4.954242509,DN8 5RF,D,N,0,No,3,2
34428D7E-89DF-B86C-E050-A8C06205059C,22/04/2016,2016,193000,5.285557309,DN7 5LP,D,N,0,No,4,2
34428D7E-BDFA-B86C-E050-A8C06205059C,13/05/2016,2016,248000,5.394451681,DN14 8TP,D,N,0,No,3,2
34428D7E-BE10-B86C-E050-A8C06205059C,06/05/2016,2016,142000,5.152288344,HU15 2UA,D,N,0,No,4,2
34428D7E-BE5D-B86C-E050-A8C06205059C,20/05/2016,2016,210000,5.322219295,DN14 9JW,D,N,0,No,4,2
34428D7E-BE70-B86C-E050-A8C06205059C,12/05/2016,2016,550000,5.740362689,DN14 7ER,D,N,0,No,3,2
34428D7E-BEA2-B86C-E050-A8C06205059C,09/05/2016,2016,205000,5.311753861,DN14 9JW,D,N,0,No,4,2
358D4061-A3BB-4201-8900-A33F9B68AAF3,11/07/2012,2012,372000,5.57054294,YO8 6PG,D,N,0,No,4,1
35F3C91E-3054-4E52-BCD1-03A702EE0AB7,23/04/2014,2014,285000,5.45484486,DN15 9JD,D,N,0,No,4,2
366822CB-A27E-4881-86D9-46E82E47A61E,11/11/2013,2013,75000,4.875061263,DN8 5JX,D,N,0,No,3,1
369DFB15-C84B-3A19-E050-A8C0620518C6,19/05/2016,2016,130000,5.113943352,DN15 9EQ,D,N,0,No,4,2
369DFB15-C86A-3A19-E050-A8C0620518C6,03/06/2016,2016,187500,5.273001272,DN9 1NS,D,N,0,No,4,2
369DFB15-C895-3A19-E050-A8C0620518C6,10/06/2016,2016,281500,5.449478399,DN14 7HW,D,N,0,No,4,2
369DFB15-C980-3A19-E050-A8C0620518C6,09/06/2016,2016,399950,5.602005701,DN14 7LG,D,N,0,No,4,2
369DFB15-CA53-3A19-E050-A8C0620518C6,31/03/2016,2016,354950,5.550167181,DN15 9ED,D,N,0,No,4,2
369DFB16-133D-3A19-E050-A8C0620518C6,07/06/2016,2016,175000,5.243038049,YO8 6UG,D,N,0,No,4,2
369DFB16-1393-3A19-E050-A8C0620518C6,26/05/2016,2016,243500,5.386498966,YO8 8ED,D,N,0,No,4,2
369DFB16-3D58-3A19-E050-A8C0620518C6,20/05/2016,2016,265000,5.423245874,DN7 6QJ,D,N,0,No,4,2
369DFB16-3F23-3A19-E050-A8C0620518C6,27/05/2016,2016,105500,5.02325246,DN8 5RF,D,N,0,No,3,2
369DFB16-41A8-3A19-E050-A8C0620518C6,26/05/2016,2016,150000,5.176091259,DN8 4BX,D,N,0,No,3,2
369DFB16-41CB-3A19-E050-A8C0620518C6,27/05/2016,2016,212000,5.326335861,DN8 4BY,D,N,0,No,3,2
369DFB16-780F-3A19-E050-A8C0620518C6,08/06/2016,2016,160000,5.204119983,DN14 5LS,D,N,0,No,3,2
369DFB16-7829-3A19-E050-A8C0620518C6,27/05/2016,2016,217000,5.336459734,DN14 8TL,D,N,0,No,3,2
369DFB16-7838-3A19-E050-A8C0620518C6,20/05/2016,2016,270000,5.431363764,DN14 7EY,D,N,0,No,3,2
369DFB16-7858-3A19-E050-A8C0620518C6,15/03/2016,2016,140000,5.146128036,DN14 9HN,D,N,0,No,4,2
369DFB16-788F-3A19-E050-A8C0620518C6,27/08/2014,2014,250000,5.397940009,DN14 7DQ,D,N,0,No,3,2
369DFB16-78CB-3A19-E050-A8C0620518C6,15/06/2016,2016,178000,5.250420002,DN14 7AT,D,N,0,No,4,2
369DFB16-7907-3A19-E050-A8C0620518C6,23/06/2016,2016,451000,5.654176542,DN14 7ER,D,N,0,No,3,2
36CCEB7D-9A02-4394-81E5-0E705F2A74E6,29/11/2013,2013,154950,5.190191581,DN14 7GH,D,N,0,No,3,1
36F8DC42-E130-4FFC-976B-2CDA4F3A9EB4,20/03/2015,2015,280000,5.447158031,DN14 0DL,D,N,0,No,4,2
371F9C58-0BCB-4429-9F52-4860B5F115EE,13/06/2013,2013,125000,5.096910013,DN8 5RE,D,N,0,No,3,1
37F483D9-50E8-4372-A1BB-AABC9C9AEF86,30/05/2013,2013,58250,4.76529593,DN17 4AD,D,N,0,No,4,1
3825A49C-2728-4E4A-B5AE-35EE2048B765,19/11/2012,2012,195000,5.290034611,DN14 7BD,D,N,0,No,4,1
38BCEC35-0938-41A5-BA9A-59ECAA70FD00,27/06/2014,2014,200000,5.301029996,DN14 9EB,D,N,0,No,3,2
38D73C13-5E56-4752-A5E3-EF08E4B31BD2,09/01/2015,2015,125000,5.096910013,YO8 6NH,D,N,0,No,4,2
39140479-BA94-3206-E050-A8C063057647,01/07/2016,2016,230000,5.361727836,DN14 0AR,D,N,0,No,4,2
39140479-BAAF-3206-E050-A8C063057647,01/07/2016,2016,295000,5.469822016,DN9 1QG,D,N,0,No,4,2
39140479-BAE6-3206-E050-A8C063057647,18/07/2016,2016,240000,5.380211242,DN14 7SG,D,N,0,No,4,2
39140479-BAFF-3206-E050-A8C063057647,01/07/2016,2016,275000,5.439332694,DN14 7JB,D,N,0,No,4,2
39140479-BBA4-3206-E050-A8C063057647,01/07/2016,2016,272500,5.435366507,DN8 5TG,D,N,0,No,4,2
39140479-BC54-3206-E050-A8C063057647,27/05/2016,2016,305000,5.484299839,DN17 4BY,D,N,0,No,4,2
39140479-BD24-3206-E050-A8C063057647,30/03/2016,2016,179950,5.255151851,DN15 9EQ,D,N,0,No,4,2
3914047A-0750-3206-E050-A8C063057647,28/06/2016,2016,400000,5.602059991,YO8 8HD,D,N,0,No,4,2
3914047A-0751-3206-E050-A8C063057647,15/07/2016,2016,179995,5.255260441,YO8 6UE,D,N,0,No,4,2
3914047A-0A79-3206-E050-A8C063057647,21/07/2016,2016,282500,5.451018452,YO8 6ST,D,N,0,No,4,2
3914047A-34A2-3206-E050-A8C063057647,22/07/2016,2016,175000,5.243038049,DN8 5EL,D,N,0,No,3,2
3914047A-34E7-3206-E050-A8C063057647,18/07/2016,2016,168500,5.226599905,DN7 5TP,D,N,0,No,4,2
3914047A-35FF-3206-E050-A8C063057647,24/06/2016,2016,340000,5.531478917,DN8 5QP,D,N,0,No,3,2
3914047A-37A8-3206-E050-A8C063057647,30/06/2016,2016,190000,5.278753601,DN7 5HA,D,N,0,No,4,2
3914047A-3866-3206-E050-A8C063057647,29/06/2016,2016,270000,5.431363764,DN8 5RJ,D,N,0,No,4,2
3914047A-3951-3206-E050-A8C063057647,12/02/2016,2016,165000,5.217483944,DN8 4AX,D,N,0,No,3,2
3914047A-72DA-3206-E050-A8C063057647,28/06/2016,2016,220000,5.342422681,DN14 9JL,D,N,0,No,4,2
3914047A-7326-3206-E050-A8C063057647,17/06/2016,2016,365000,5.562292864,DN14 7HR,D,N,0,No,4,2
3914047A-736D-3206-E050-A8C063057647,31/03/2016,2016,240000,5.380211242,HU15 2GF,D,Y,0,No,4,2
3914047A-738C-3206-E050-A8C063057647,13/05/2016,2016,205000,5.311753861,HU15 2GF,D,Y,0,No,4,2
39AC762A-BA02-4910-8E45-01D856B1F46C,02/10/2013,2013,100000,5,DN15 9DY,D,N,0,No,4,1
39C4117E-DD6F-4523-AA4B-62563EB9D9B9,27/06/2014,2014,350000,5.544068044,YO8 8NE,D,N,0,No,4,2
3A0BBCE6-AA99-46C6-AA9D-F659347E6D55,04/02/2011,2011,141000,5.149219113,YO8 8HU,D,N,0,No,4,1
3A3C4260-C753-4D76-8357-FB074024A339,02/10/2012,2012,170000,5.230448921,DN8 5BZ,D,N,0,No,3,1
3A6E766F-D500-451B-8276-B08F5D725EF9,10/04/2015,2015,215000,5.33243846,DN14 7BB,D,N,0,No,4,2
3A8B8AC8-88A7-40B5-912B-BC61E69B44AA,06/04/2011,2011,210000,5.322219295,DN14 9SB,D,N,0,No,4,1
3A8E3005-1AA3-460E-83F6-723D8F885DEB,13/01/2012,2012,233500,5.368286885,DN14 8LY,D,N,0,No,3,1
3AB4A732-F6E3-489B-B848-46766066A803,27/03/2015,2015,160000,5.204119983,DN17 4NH,D,N,0,No,3,2
3AF04F6A-9926-4A5C-8496-A51EDE88DB1F,07/09/2011,2011,232000,5.365487985,DN14 8JN,D,N,0,No,2,1
3B05580C-1A87-4503-8818-DFF74DDC70F1,06/05/2011,2011,164950,5.21735232,DN7 6HR,D,Y,0,No,4,1
3B3BE069-AD7D-42FF-927F-05F43E81C933,24/05/2013,2013,229000,5.359835482,DN9 1QG,D,N,0,No,4,1
3B40CC36-176C-4499-8A66-CF1CFB174494,29/06/2015,2015,115000,5.06069784,DN14 9QA,D,N,0,No,4,2
3B47FF7F-31FB-4835-8C36-2E10C01072EF,05/03/2015,2015,430000,5.633468456,DN7 5LA,D,N,0,No,4,2
3B69153B-440E-41DA-8829-69288C654D8C,21/08/2013,2013,170000,5.230448921,YO8 6DH,D,N,0,No,4,1
3B7E0B8F-F329-EA99-E050-A8C062057E77,05/08/2016,2016,278000,5.444044796,DN15 9AD,D,N,0,No,4,2
3B7E0B8F-F36D-EA99-E050-A8C062057E77,12/08/2016,2016,340000,5.531478917,DN14 0DR,D,N,0,No,4,2
3B7E0B8F-F46F-EA99-E050-A8C062057E77,22/07/2016,2016,215000,5.33243846,DN17 4JR,D,N,0,No,3,2
918368CD-DAE6-4F38-9E92-5D8BDF2CD4C9,18/07/2014 00:00,2014,235000,5.371067862,DN9 1FR,D,N,,,4,2
3B7E0B90-71E7-EA99-E050-A8C062057E77,15/07/2016,2016,290000,5.462397998,DN7 5SU,D,N,0,No,4,2
3B7E0B90-72AB-EA99-E050-A8C062057E77,08/08/2016,2016,270000,5.431363764,DN7 5LE,D,N,0,No,4,2
3B7E0B90-7310-EA99-E050-A8C062057E77,18/07/2016,2016,315000,5.498310554,DN14 9TP,D,N,0,No,4,2
3B7E0B90-73E3-EA99-E050-A8C062057E77,26/07/2016,2016,165000,5.217483944,DN8 5RE,D,N,0,No,3,2
3B7E0B90-75B0-EA99-E050-A8C062057E77,14/04/2016,2016,114000,5.056904851,DN7 5BL,D,N,0,No,4,2
3B7E0B90-B4A5-EA99-E050-A8C062057E77,18/07/2016,2016,242000,5.383815366,DN14 7QS,D,N,0,No,4,2
3B7E0B90-B4BA-EA99-E050-A8C062057E77,11/08/2016,2016,728025,5.862146293,DN14 9DN,D,N,0,No,3,2
3B7E0B90-B4C9-EA99-E050-A8C062057E77,08/08/2016,2016,177500,5.249198357,DN14 0DP,D,N,0,No,4,2
3B7E0B90-B509-EA99-E050-A8C062057E77,15/07/2016,2016,340000,5.531478917,DN14 7ER,D,N,0,No,3,2
3B7E0B90-B54F-EA99-E050-A8C062057E77,29/03/2016,2016,124900,5.096562438,HU15 2TU,D,N,0,No,4,2
3B7E0B90-B577-EA99-E050-A8C062057E77,10/06/2016,2016,180000,5.255272505,HU15 2GF,D,Y,0,No,4,2
3B7E0B90-B57B-EA99-E050-A8C062057E77,24/06/2016,2016,240000,5.380211242,HU15 2GF,D,Y,0,No,4,2
3B7E0B90-B584-EA99-E050-A8C062057E77,08/07/2016,2016,240000,5.380211242,HU15 2GF,D,Y,0,No,4,2
3B7E0B90-B586-EA99-E050-A8C062057E77,25/07/2016,2016,132000,5.120573931,DN14 9JD,D,N,0,No,4,2
3B7E0B90-B589-EA99-E050-A8C062057E77,08/07/2016,2016,257500,5.410777233,HU15 2GF,D,Y,0,No,4,2
3B90AB42-37A4-4678-A308-FEF223B2EFCA,13/07/2011,2011,180000,5.255272505,DN14 9PN,D,N,0,No,4,1
919FEC05-4EB3-9A90-E053-6C04A8C0A300,30/07/2019 00:00,2019,275000,5.439332694,DN9 1LH,D,N,,,4,3
3C4C3F35-9EB7-42F0-B5B1-ACA95114E866,14/12/2011,2011,292500,5.46612587,YO8 6NH,D,N,0,No,4,1
3C88030F-8FB5-4B1E-AAB9-A0C5FC62EB0B,05/03/2012,2012,135000,5.130333768,DN14 9LY,D,N,0,No,4,1
919FEC05-4F4F-9A90-E053-6C04A8C0A300,08/08/2019 00:00,2019,280000,5.447158031,DN9 1GJ,D,N,,,4,3
3CD080D6-A592-4B6E-9179-2B58FD40E90F,05/09/2011,2011,105000,5.021189299,DN15 9EQ,D,N,0,No,4,1
3CE5062E-9FAF-4121-8383-DA86ECC3DA0C,12/12/2014,2014,165000,5.217483944,YO8 6QF,D,N,0,No,4,2
3D6DC052-CD3D-4B93-ABC3-BA60DD5FF4E9,22/07/2014,2014,210000,5.322219295,DN17 4JR,D,N,0,No,3,2
3DEDFFF8-1244-4F92-BAD7-E2EAF12C410D,31/03/2011,2011,170000,5.230448921,DN14 8TP,D,N,0,No,3,1
3DFD1F6F-B286-4642-8E5D-7B9FBBE775AF,24/04/2015,2015,210000,5.322219295,DN14 8LJ,D,N,0,No,3,2
3E0330EF-DAA9-8D89-E050-A8C062052140,19/08/2016,2016,175000,5.243038049,DN14 8NQ,D,N,0,No,3,2
3E0330EF-DB23-8D89-E050-A8C062052140,14/07/2016,2016,165000,5.217483944,DN9 1TF,D,N,0,No,4,2
3E0330EF-DB30-8D89-E050-A8C062052140,05/08/2016,2016,207500,5.317018101,DN15 8EJ,D,N,0,No,4,2
3E0330EF-DBAA-8D89-E050-A8C062052140,23/09/2016,2016,290000,5.462397998,DN14 5NN,D,N,0,No,3,2
3E0330EF-DC09-8D89-E050-A8C062052140,16/09/2016,2016,155000,5.190331698,DN17 4HL,D,N,0,No,3,2
3E0330EF-DC71-8D89-E050-A8C062052140,09/09/2016,2016,125000,5.096910013,DN15 9JN,D,N,0,No,4,2
3E0330EF-DC7D-8D89-E050-A8C062052140,23/09/2016,2016,315000,5.498310554,DN17 4AL,D,N,0,No,4,2
3E0330EF-DCD2-8D89-E050-A8C062052140,13/09/2016,2016,120000,5.079181246,DN17 3EY,D,N,0,No,4,2
3E0330EF-DCDB-8D89-E050-A8C062052140,16/09/2016,2016,145000,5.161368002,DN15 9JU,D,N,0,No,4,2
3E0330EF-DD46-8D89-E050-A8C062052140,09/05/2016,2016,147500,5.16879202,DN17 3LW,D,N,0,No,4,2
3E0330F0-2F47-8D89-E050-A8C062052140,08/07/2016,2016,395000,5.596597096,YO8 8JD,D,N,0,No,4,2
3E0330F0-2F58-8D89-E050-A8C062052140,09/09/2016,2016,307000,5.487138375,YO8 8HD,D,N,0,No,4,2
3E0330F0-31C2-8D89-E050-A8C062052140,23/09/2016,2016,228000,5.357934847,YO8 8JW,D,N,0,No,4,2
3E0330F0-6038-8D89-E050-A8C062052140,05/08/2016,2016,185000,5.267171728,DN7 6JT,D,N,0,No,4,2
3E0330F0-6053-8D89-E050-A8C062052140,17/06/2016,2016,231000,5.36361198,DN7 6EH,D,N,0,No,4,2
3E0330F0-607E-8D89-E050-A8C062052140,09/09/2016,2016,100000,5,DN7 4EZ,D,N,0,No,4,2
3E0330F0-60AA-8D89-E050-A8C062052140,01/07/2016,2016,185000,5.267171728,DN7 6AF,D,N,0,No,4,2
3E0330F0-6287-8D89-E050-A8C062052140,23/08/2016,2016,290000,5.462397998,DN14 9TP,D,N,0,No,4,2
3E0330F0-62FB-8D89-E050-A8C062052140,01/04/2014,2014,225000,5.352182518,DN8 5QP,D,N,0,No,3,2
3E0330F0-640E-8D89-E050-A8C062052140,25/08/2016,2016,163000,5.212187604,DN7 6HR,D,N,0,No,4,2
3E0330F0-6546-8D89-E050-A8C062052140,18/06/2016,2016,136000,5.133538908,DN7 5BL,D,Y,0,No,4,2
3E0330F0-A60E-8D89-E050-A8C062052140,12/08/2016,2016,222500,5.347330015,DN14 9JS,D,N,0,No,4,2
3E0330F0-A648-8D89-E050-A8C062052140,18/08/2016,2016,251000,5.399673721,DN14 8RZ,D,N,0,No,3,2
3E0330F0-A6E0-8D89-E050-A8C062052140,16/09/2016,2016,315000,5.498310554,DN14 8ER,D,N,0,No,3,2
3E80C186-B24E-4DA6-B83C-46CB657475C2,11/01/2013,2013,140000,5.146128036,DN8 5RS,D,N,0,No,3,1
3E8D0971-0463-4CF8-AB85-F4FD0469E08D,18/11/2011,2011,157000,5.195899652,DN14 0UG,D,N,0,No,4,1
3E99D50B-B6EF-4ED2-97E1-4D0FF7430DFC,28/11/2014,2014,189950,5.278639298,DN14 0RP,D,N,0,No,4,2
3EF1F6D8-1B15-4724-8BE7-9F7A36BDBC01,06/06/2014,2014,234000,5.369215857,DN14 9TL,D,N,0,No,4,2
3F6AA1CB-E3AE-4242-AE15-1058F30D1180,07/03/2014,2014,320000,5.505149978,DN14 7GJ,D,N,0,No,3,2
3FC6CB28-4DB2-43C4-93D7-B07BC177FA88,15/11/2013,2013,185000,5.267171728,DN7 5JT,D,N,0,No,4,1
404A5AF3-8DB2-CD2B-E050-A8C063055C7B,14/10/2016,2016,285000,5.45484486,DN14 9JQ,D,N,0,No,4,2
404A5AF3-8EA0-CD2B-E050-A8C063055C7B,04/10/2016,2016,105000,5.021189299,DN15 9EJ,D,N,0,No,4,2
404A5AF3-DC6C-CD2B-E050-A8C063055C7B,30/10/2015,2015,303000,5.481442629,DN14 9PH,D,N,0,No,4,2
404A5AF3-DCBE-CD2B-E050-A8C063055C7B,14/10/2016,2016,164500,5.216165902,YO8 8JW,D,N,0,No,4,2
404A5AF3-DD10-CD2B-E050-A8C063055C7B,14/09/2016,2016,247500,5.393575203,YO8 8QW,D,N,0,No,4,2
404A5AF3-DEDF-CD2B-E050-A8C063055C7B,30/09/2016,2016,233000,5.367355921,YO8 8HD,D,N,0,No,4,2
404A5AF4-085F-CD2B-E050-A8C063055C7B,10/10/2016,2016,164500,5.216165902,DN7 4DR,D,N,0,No,4,2
404A5AF4-0A51-CD2B-E050-A8C063055C7B,30/06/2016,2016,140000,5.146128036,DN7 4NU,D,N,0,No,4,2
404A5AF4-0BD1-CD2B-E050-A8C063055C7B,07/10/2016,2016,235000,5.371067862,DN8 5BT,D,N,0,No,3,2
404A5AF4-0C0C-CD2B-E050-A8C063055C7B,30/09/2016,2016,245000,5.389166084,DN7 6QJ,D,N,0,No,4,2
404A5AF4-0C58-CD2B-E050-A8C063055C7B,29/06/2016,2016,190000,5.278753601,DN7 6HR,D,N,0,No,4,2
404A5AF4-0C8D-CD2B-E050-A8C063055C7B,10/06/2016,2016,225000,5.352182518,DN7 6BS,D,N,0,No,4,2
404A5AF4-0E9C-CD2B-E050-A8C063055C7B,30/09/2016,2016,135000,5.130333768,DN7 4HG,D,N,0,No,4,2
91E8EA8A-061D-4E4F-BEBF-2BFFC1ABB160,28/05/2015 00:00,2015,225000,5.352182518,DN9 1JT,D,N,,,4,2
404A5AF4-48A4-CD2B-E050-A8C063055C7B,10/08/2016,2016,180000,5.255272505,DN14 7GH,D,N,0,No,3,2
404A5AF4-48BD-CD2B-E050-A8C063055C7B,07/10/2016,2016,230000,5.361727836,DN14 7YW,D,N,0,No,4,2
404A5AF4-48DF-CD2B-E050-A8C063055C7B,18/01/2016,2016,387000,5.587710965,DN14 9FG,D,N,0,No,3,2
92658D6C-B5D0-497C-BA7E-2C5DA55A2424,26/03/2012 00:00,2012,150000,5.176091259,DN9 1GX,D,Y,,,4,1
404A5AF4-491D-CD2B-E050-A8C063055C7B,31/08/2016,2016,345000,5.537819095,DN14 5PJ,D,N,0,No,3,2
404A5AF4-4943-CD2B-E050-A8C063055C7B,27/09/2016,2016,110000,5.041392685,DN14 7NA,D,N,0,No,4,2
4061F586-B48A-427F-90E9-452E36300F66,18/02/2011,2011,170000,5.230448921,DN7 6BP,D,N,0,No,4,1
411F1ADB-EB04-4A70-B05F-E309C646749E,01/11/2013,2013,165000,5.217483944,DN7 5JN,D,N,0,No,4,1
92E9D886-F93F-4ADE-BA95-A7F08A1C08AD,12/03/2012 00:00,2012,190000,5.278753601,DN9 1GX,D,Y,,,4,1
416F56A1-FEC6-4409-91A5-234272565FD0,28/07/2015,2015,235000,5.371067862,YO8 8GZ,D,N,0,No,4,2
4226DB80-8436-4EEF-A9C1-B0986953B66C,03/06/2015,2015,355000,5.550228353,DN15 8JB,D,N,0,No,4,2
42A0D3A0-670C-4F95-A8F1-D25B4CCC50F8,02/11/2012,2012,153000,5.184691431,DN8 4AX,D,N,0,No,3,1
42A5A709-40F1-56E8-E050-A8C06205331E,14/10/2016,2016,250000,5.397940009,DN14 7YW,D,N,0,No,4,2
936DC1F6-3C3A-434F-A090-E67FE108A2ED,26/07/2013 00:00,2013,195000,5.290034611,DN9 1JU,D,N,,,4,1
42A5A709-413B-56E8-E050-A8C06205331E,24/10/2016,2016,240000,5.380211242,DN15 9ED,D,N,0,No,4,2
42A5A709-415F-56E8-E050-A8C06205331E,26/10/2016,2016,250000,5.397940009,DN9 1LS,D,N,0,No,4,2
42A5A709-42A2-56E8-E050-A8C06205331E,02/11/2016,2016,196500,5.293362555,DN17 4NW,D,N,0,No,3,2
42A5A709-42CC-56E8-E050-A8C06205331E,30/09/2016,2016,270000,5.431363764,DN17 4JR,D,N,0,No,3,2
42A5A709-42E5-56E8-E050-A8C06205331E,11/11/2016,2016,120000,5.079181246,DN9 1PR,D,N,0,No,4,2
42A5A709-42FD-56E8-E050-A8C06205331E,11/11/2016,2016,315000,5.498310554,DN9 1NN,D,N,0,No,4,2
42A5A709-43E4-56E8-E050-A8C06205331E,03/08/2016,2016,155000,5.190331698,DN17 4NW,D,N,0,No,3,2
42A5A709-43EC-56E8-E050-A8C06205331E,11/08/2016,2016,130000,5.113943352,DN15 8DR,D,N,0,No,4,2
42A5A709-928C-56E8-E050-A8C06205331E,25/11/2016,2016,270000,5.431363764,YO8 6RA,D,N,0,No,4,2
42A5A709-957B-56E8-E050-A8C06205331E,28/10/2016,2016,205000,5.311753861,DN14 9PZ,D,N,0,No,4,2
42A5A709-9780-56E8-E050-A8C06205331E,26/10/2016,2016,270000,5.431363764,YO8 8EP,D,N,0,No,4,2
42A5A709-979D-56E8-E050-A8C06205331E,14/11/2016,2016,180000,5.255272505,YO8 8HW,D,N,0,No,4,2
42A5A709-C244-56E8-E050-A8C06205331E,04/11/2016,2016,149000,5.173186268,DN7 6QS,D,N,0,No,4,2
42A5A709-C2F6-56E8-E050-A8C06205331E,22/11/2016,2016,201000,5.303196057,DN7 6QN,D,N,0,No,4,2
42A5A709-C383-56E8-E050-A8C06205331E,31/10/2016,2016,285000,5.45484486,DN7 6QE,D,N,0,No,4,2
42A5A709-C49B-56E8-E050-A8C06205331E,11/11/2016,2016,225000,5.352182518,DN8 5QY,D,N,0,No,3,2
42A5A709-C55C-56E8-E050-A8C06205331E,04/11/2016,2016,225000,5.352182518,DN7 6PA,D,N,0,No,4,2
42A5A709-C5C2-56E8-E050-A8C06205331E,04/11/2016,2016,280000,5.447158031,DN8 5LD,D,N,0,No,3,2
42A5A709-C5E8-56E8-E050-A8C06205331E,28/10/2016,2016,202000,5.305351369,DN7 6HR,D,N,0,No,4,2
93E6821E-61C3-40FD-E053-6B04A8C0C1DF,27/08/2019 00:00,2019,305000,5.484299839,DN9 1JY,D,N,,,4,3
42A5A709-C657-56E8-E050-A8C06205331E,28/10/2016,2016,300000,5.477121255,DN7 5JT,D,N,0,No,4,2
42A5A709-C7FE-56E8-E050-A8C06205331E,11/11/2016,2016,155000,5.190331698,DN8 5RF,D,N,0,No,3,2
42A5A70A-04E6-56E8-E050-A8C06205331E,21/10/2016,2016,174950,5.242913947,HU15 2FD,D,N,0,No,4,2
42A5A70A-050B-56E8-E050-A8C06205331E,15/11/2016,2016,298000,5.474216264,DN14 9TB,D,N,0,No,4,2
42A5A70A-053A-56E8-E050-A8C06205331E,04/11/2016,2016,330000,5.51851394,DN14 7GJ,D,N,0,No,3,2
42A5A70A-0569-56E8-E050-A8C06205331E,04/11/2016,2016,159000,5.201397124,DN14 9HB,D,N,0,No,4,2
43AB9942-4448-4D52-A032-23F7CCF7E5A2,09/01/2012,2012,88000,4.944482672,DN15 9EH,D,N,0,No,4,1
44059267-5C3B-4BA5-9E83-E81405FAFC52,12/03/2015,2015,135000,5.130333768,HU15 2TU,D,N,0,No,4,2
440D9702-8B2C-4E95-A530-3EAFBD159B3E,04/09/2013,2013,220000,5.342422681,DN14 9FD,D,N,0,No,4,1
44319A64-FF89-4F4D-A4B8-9874167E5BD3,06/05/2011,2011,210000,5.322219295,DN7 6HR,D,Y,0,No,4,1
450271B5-188B-4772-9BB8-074F5997384D,31/07/2014,2014,88000,4.944482672,DN8 5RU,D,N,0,No,3,2
450AB08B-EA3A-4ACB-978C-0BE7E5D6C55B,11/11/2011,2011,280000,5.447158031,DN14 7GW,D,N,0,No,3,1
45279F39-A967-4A25-869E-8D2F48267C92,28/03/2014,2014,190000,5.278753601,DN14 9RT,D,N,0,No,4,2
453D27A3-1973-EF91-E050-A8C0630574D7,28/11/2016,2016,222000,5.346352974,DN9 1NS,D,N,0,No,4,2
453D27A3-19E3-EF91-E050-A8C0630574D7,12/12/2016,2016,300000,5.477121255,DN15 8XP,D,N,0,No,4,2
453D27A3-6593-EF91-E050-A8C0630574D7,12/08/2016,2016,270000,5.431363764,YO8 8NJ,D,N,0,No,3,2
453D27A3-8CA9-EF91-E050-A8C0630574D7,06/12/2016,2016,143000,5.155336037,DN7 4DS,D,N,0,No,4,2
453D27A3-8E0D-EF91-E050-A8C0630574D7,04/11/2016,2016,183500,5.263636069,DN8 5RJ,D,N,0,No,4,2
453D27A3-904A-EF91-E050-A8C0630574D7,22/12/2014,2014,345000,5.537819095,DN8 5RJ,D,N,0,No,4,2
453D27A3-910B-EF91-E050-A8C0630574D7,18/11/2016,2016,450000,5.653212514,DN7 6NP,D,N,0,No,4,2
453D27A3-9169-EF91-E050-A8C0630574D7,09/12/2016,2016,295000,5.469822016,DN7 6PA,D,N,0,No,4,2
453D27A3-CA8A-EF91-E050-A8C0630574D7,01/12/2016,2016,104000,5.017033339,HU15 2SB,D,N,0,No,4,2
453D27A3-CB21-EF91-E050-A8C0630574D7,12/08/2016,2016,205000,5.311753861,HU15 2GF,D,Y,0,No,4,2
453D27A3-CB43-EF91-E050-A8C0630574D7,25/11/2016,2016,168000,5.225309282,HU15 2XE,D,N,0,No,4,2
454F9CF5-B2C9-4739-BB37-57247565A4FC,21/04/2011,2011,182000,5.260071388,DN15 8DR,D,N,0,No,4,1
45743FDD-CAD9-4DE5-9C13-F1640781501C,19/09/2014,2014,340000,5.531478917,YO8 8ES,D,N,0,No,4,2
46313D81-9807-4F90-A0C8-34EDFABA2183,06/02/2014,2014,127500,5.105510185,DN14 7LG,D,N,0,No,4,2
469F716A-64EB-472B-8505-4C3A1611FD20,03/11/2011,2011,73500,4.866287339,DN17 3BS,D,N,0,No,4,1
46A8C37E-FACB-472B-8C04-52D244A15C2D,02/02/2011,2011,191000,5.281033367,YO8 6DH,D,N,0,No,4,1
46C735DD-7BD6-49F2-9135-32F876578FC7,20/12/2012,2012,218000,5.338456494,DN14 8TP,D,N,0,No,3,1
46CFA132-4915-4314-9E01-67CED9BD0A01,31/10/2014,2014,184000,5.264817823,DN14 9RT,D,N,0,No,4,2
46F86893-8E8C-46EF-A994-9055EEEC9D4B,28/02/2012,2012,409000,5.611723308,YO8 6SX,D,N,0,No,4,1
47844C7F-DAE7-8986-E050-A8C063056488,12/12/2016,2016,265000,5.423245874,DN14 9HT,D,N,0,No,4,2
47844C7F-DBB2-8986-E050-A8C063056488,09/12/2016,2016,243500,5.386498966,DN14 0DR,D,N,0,No,4,2
47844C7F-DC01-8986-E050-A8C063056488,12/12/2016,2016,170000,5.230448921,DN17 4HL,D,N,0,No,3,2
47844C7F-DC17-8986-E050-A8C063056488,25/11/2016,2016,304000,5.482873584,DN15 9JU,D,N,0,No,4,2
47844C80-2B22-8986-E050-A8C063056488,15/12/2016,2016,170000,5.230448921,DN14 9LS,D,N,0,No,4,2
47844C80-5902-8986-E050-A8C063056488,28/10/2016,2016,115000,5.06069784,DN7 4EZ,D,N,0,No,4,2
47844C80-5966-8986-E050-A8C063056488,16/12/2016,2016,360000,5.556302501,DN8 4JG,D,N,0,No,3,2
47844C80-5C39-8986-E050-A8C063056488,22/12/2016,2016,189750,5.278181785,DN7 6QN,D,N,0,No,4,2
47844C80-98F3-8986-E050-A8C063056488,16/12/2016,2016,235000,5.371067862,DN14 7QS,D,N,0,No,4,2
47844C80-994E-8986-E050-A8C063056488,16/12/2016,2016,207000,5.315970345,DN14 8QD,D,N,0,No,3,2
47844C80-9A18-8986-E050-A8C063056488,09/01/2017,2017,159950,5.203984244,DN14 7DA,D,N,0,No,3,3
47844C80-9A8D-8986-E050-A8C063056488,03/11/2016,2016,285000,5.45484486,YO8 8HH,D,N,0,No,4,2
484BF853-923E-421F-A7D4-427124907A47,17/05/2013,2013,242500,5.384711743,DN14 9TL,D,N,0,No,4,1
48AFACF2-4C90-4658-90F3-EFC4D4A3ED4B,01/05/2014,2014,220000,5.342422681,DN14 7LL,D,N,0,No,4,2
48EF0555-0853-4A4B-B35E-CF777B99814C,07/12/2012,2012,272000,5.434568904,DN14 7GY,D,Y,0,No,4,1
49B7852A-151C-7921-E050-A8C063056E8D,10/02/2017,2017,115000,5.06069784,DN17 4AD,D,N,0,No,4,3
49B7852A-1529-7921-E050-A8C063056E8D,25/01/2017,2017,525000,5.720159303,HU15 2UU,D,N,0,No,4,3
49B7852A-158F-7921-E050-A8C063056E8D,01/02/2017,2017,340000,5.531478917,DN15 8EJ,D,N,0,No,4,3
49B7852A-1628-7921-E050-A8C063056E8D,09/02/2017,2017,250000,5.397940009,DN15 8XP,D,N,0,No,4,3
49B7852A-163A-7921-E050-A8C063056E8D,02/02/2017,2017,250000,5.397940009,DN17 4JW,D,N,0,No,3,3
49B7852A-1652-7921-E050-A8C063056E8D,17/02/2017,2017,300000,5.477121255,DN15 9ED,D,N,0,No,4,3
49B7852A-1750-7921-E050-A8C063056E8D,27/01/2017,2017,200000,5.301029996,DN17 3NB,D,N,0,No,4,3
49B7852A-5C34-7921-E050-A8C063056E8D,10/02/2017,2017,224000,5.350248018,DN14 9RT,D,N,0,No,4,3
49B7852A-5DFA-7921-E050-A8C063056E8D,30/09/2016,2016,255000,5.40654018,YO8 6AA,D,N,0,No,4,2
49B7852A-8276-7921-E050-A8C063056E8D,30/01/2017,2017,165000,5.217483944,DN7 4DR,D,N,0,No,4,3
49B7852A-8372-7921-E050-A8C063056E8D,26/01/2017,2017,180000,5.255272505,DN8 5BZ,D,N,0,No,3,3
49B7852A-849F-7921-E050-A8C063056E8D,31/01/2017,2017,215000,5.33243846,DN8 5RE,D,N,0,No,3,3
49B7852A-86AB-7921-E050-A8C063056E8D,21/10/2016,2016,179000,5.252853031,DN7 6PA,D,N,0,No,4,2
49B7852A-BD2D-7921-E050-A8C063056E8D,14/09/2016,2016,315500,5.498999364,DN14 8AU,D,N,0,No,1,2
4A4D3C0A-2F1D-4F20-885E-62FE0F6FF80D,28/03/2013,2013,120000,5.079181246,YO8 6PG,D,N,0,No,4,1
4A72F790-D598-401C-966C-B9FC88CB9951,21/03/2014,2014,240000,5.380211242,YO8 8HD,D,N,0,No,4,2
4A7F92E5-11B9-4E43-BBC6-80DF0EA89D54,16/04/2015,2015,215000,5.33243846,DN14 9RQ,D,N,0,No,4,2
4A97B173-5996-4B1A-BB6F-97CC318DD5E5,21/12/2012,2012,100000,5,DN17 4AL,D,Y,0,No,4,1
4AE4B92A-CB01-481D-8853-C4380F1FC142,12/12/2014,2014,138000,5.139879086,DN7 4EY,D,N,0,No,4,2
4C4EDFFF-6D48-1854-E050-A8C063054F34,17/02/2017,2017,395000,5.596597096,YO8 6DH,D,N,0,No,4,3
4C4EDFFF-6D69-1854-E050-A8C063054F34,20/02/2017,2017,347500,5.540954809,DN15 9JT,D,N,0,No,4,3
4C4EDFFF-6DD8-1854-E050-A8C063054F34,11/11/2016,2016,400000,5.602059991,DN14 0AR,D,N,0,No,4,2
4C4EDFFF-6DF1-1854-E050-A8C063054F34,23/02/2017,2017,175000,5.243038049,DN17 3NB,D,N,0,No,4,3
4C4EDFFF-6EB7-1854-E050-A8C063054F34,17/03/2017,2017,249000,5.396199347,DN9 1QG,D,N,0,No,4,3
4C4EDFFF-BE00-1854-E050-A8C063054F34,24/02/2017,2017,180000,5.255272505,DN14 9QZ,D,N,0,No,4,3
4C4EDFFF-BE24-1854-E050-A8C063054F34,10/02/2017,2017,165000,5.217483944,YO8 8HU,D,N,0,No,4,3
4C4EDFFF-BF79-1854-E050-A8C063054F34,17/02/2017,2017,185000,5.267171728,YO8 8HH,D,N,0,No,4,3
4C4EDFFF-BFEE-1854-E050-A8C063054F34,10/03/2017,2017,152000,5.181843588,DN14 9QR,D,N,0,No,4,3
4C4EDFFF-C068-1854-E050-A8C063054F34,11/11/2016,2016,278000,5.444044796,YO8 8EY,D,N,0,No,4,2
4C4EDFFF-C22E-1854-E050-A8C063054F34,01/03/2017,2017,310000,5.491361694,DN14 9PN,D,N,0,No,4,3
4C4EDFFF-EB31-1854-E050-A8C063054F34,22/03/2017,2017,280000,5.447158031,DN7 6PZ,D,N,0,No,4,3
4C4EDFFF-EF28-1854-E050-A8C063054F34,28/02/2017,2017,185000,5.267171728,DN8 5AX,D,N,0,No,3,3
4C4EDFFF-F047-1854-E050-A8C063054F34,21/10/2016,2016,185000,5.267171728,DN7 6HB,D,N,0,No,4,2
4C4EE000-2D3E-1854-E050-A8C063054F34,24/02/2017,2017,158000,5.198657087,HU15 2YB,D,N,0,No,4,3
4C4EE000-2D4E-1854-E050-A8C063054F34,17/02/2017,2017,257100,5.410102077,DN14 8TN,D,N,0,No,3,3
4C4EE000-2D59-1854-E050-A8C063054F34,17/02/2017,2017,285000,5.45484486,DN14 7DJ,D,N,0,No,3,3
4C4EE000-2D62-1854-E050-A8C063054F34,21/03/2017,2017,248500,5.395326393,DN14 8TN,D,N,0,No,3,3
4C4EE000-2D76-1854-E050-A8C063054F34,10/03/2017,2017,231000,5.36361198,DN14 7TP,D,N,0,No,3,3
4C4EE000-2D78-1854-E050-A8C063054F34,03/03/2017,2017,194000,5.28780173,DN14 8QD,D,N,0,No,3,3
4C5BF3CF-E001-47AB-9CD1-7A185DE75055,09/09/2011,2011,200000,5.301029996,DN14 7JN,D,N,0,No,4,1
4CB0FE62-998B-4C71-AB4A-E881BD694664,16/05/2014,2014,235000,5.371067862,DN14 0DR,D,N,0,No,4,2
4D0329C9-68DE-4221-94A6-47B456AE5A1F,17/04/2014,2014,162500,5.210853365,DN14 9QP,D,N,0,No,4,2
4D13836B-49E8-45D9-9EC4-DA58AAF33201,28/04/2014,2014,220000,5.342422681,DN8 4JB,D,N,0,No,3,2
4D20C182-1944-4051-9836-9902635C19D8,29/09/2014,2014,142000,5.152288344,DN15 9EH,D,N,0,No,4,2
4D29B082-CD3B-4005-A7CE-339BEECF1BF3,21/12/2012,2012,232500,5.366422957,DN14 9NX,D,N,0,No,4,1
4D319461-AC85-45AF-8217-89C5F869E19B,20/11/2013,2013,116000,5.064457989,DN15 8DZ,D,N,0,No,4,1
4E4B71F0-12E5-403F-BFC6-5CA9C296FCEA,10/10/2014,2014,230000,5.361727836,YO8 8HS,D,N,0,No,4,2
4E95D757-79B4-EDA1-E050-A8C0630539E2,24/03/2017,2017,122500,5.088136089,DN15 9EJ,D,N,0,No,4,3
4E95D757-79BB-EDA1-E050-A8C0630539E2,30/03/2017,2017,250000,5.397940009,DN17 4JR,D,N,0,No,3,3
4E95D757-B609-EDA1-E050-A8C0630539E2,10/04/2017,2017,210000,5.322219295,YO8 8NF,D,N,0,No,3,3
4E95D757-B61A-EDA1-E050-A8C0630539E2,31/03/2017,2017,247500,5.393575203,YO8 6PW,D,N,0,No,4,3
4E95D757-B95B-EDA1-E050-A8C0630539E2,22/03/2017,2017,377000,5.57634135,DN14 0QZ,D,N,0,No,4,3
4E95D757-D8F3-EDA1-E050-A8C0630539E2,17/03/2017,2017,275000,5.439332694,DN8 4AF,D,N,0,No,3,3
4E95D757-DB1B-EDA1-E050-A8C0630539E2,10/03/2017,2017,305000,5.484299839,DN8 5UD,D,N,0,No,3,3
4E95D758-0BBE-EDA1-E050-A8C0630539E2,04/04/2017,2017,220000,5.342422681,DN14 8TN,D,N,0,No,3,3
4E95D758-0C24-EDA1-E050-A8C0630539E2,31/03/2017,2017,198000,5.29666519,DN14 9JD,D,N,0,No,4,3
4E95D758-0C37-EDA1-E050-A8C0630539E2,13/12/2016,2016,187000,5.271841607,DN14 7SJ,D,N,0,No,4,2
4E95D758-0C69-EDA1-E050-A8C0630539E2,24/02/2017,2017,185000,5.267171728,DN14 6YR,D,Y,0,No,3,3
4EBE7708-206D-4DEE-B094-EEA25FF8ED9A,19/05/2014,2014,225000,5.352182518,HU15 2SW,D,N,0,No,4,2
4EC1A164-97F2-4C2C-AF92-D5A36611F017,17/05/2013,2013,460000,5.662757832,HU15 2UU,D,N,0,No,4,1
4EE448D5-BF84-40C5-93D8-319B32458838,11/12/2014,2014,105000,5.021189299,DN7 6BS,D,Y,0,No,4,2
4EFAD8E2-F8C0-4B7D-AC4A-4C825132AB4B,04/01/2013,2013,347500,5.540954809,DN14 7GJ,D,N,0,No,3,1
50056A4D-BD33-4A6A-96D5-ED69AC10442E,04/05/2011,2011,325000,5.511883361,DN14 7TG,D,N,0,No,4,1
503DAC31-5813-4311-9380-90C90983AE08,09/01/2012,2012,60000,4.77815125,DN8 5RF,D,N,0,No,3,1
504A4B2A-E088-4E65-8483-E9DAC958C553,10/07/2015,2015,265000,5.423245874,YO8 6RA,D,N,0,No,4,2
505C5EA0-8276-4F52-8F7B-A4AD7542BBE0,14/07/2015,2015,275000,5.439332694,DN14 9NN,D,N,0,No,4,2
506F0172-2F5F-4B49-B34E-16B99F5E9E9A,07/08/2015,2015,186000,5.269512944,DN15 9AD,D,N,0,No,4,2
50764B93-433E-4D91-9E13-BA9C00143FC4,08/04/2014,2014,146500,5.165837625,DN7 4QG,D,N,0,No,4,2
50F18103-1B9C-9FD5-E050-A8C063054923,28/04/2017,2017,385000,5.58546073,DN14 7HD,D,N,0,No,3,3
50F18103-1BA1-9FD5-E050-A8C063054923,21/04/2017,2017,238000,5.376576957,DN14 7HD,D,N,0,No,3,3
50F18103-1C07-9FD5-E050-A8C063054923,05/05/2017,2017,173000,5.238046103,DN17 3BS,D,N,0,No,4,3
50F18103-1C18-9FD5-E050-A8C063054923,05/05/2017,2017,160000,5.204119983,DN14 8QD,D,N,0,No,3,3
50F18103-1C46-9FD5-E050-A8C063054923,09/12/2016,2016,195000,5.290034611,DN15 9EB,D,N,0,No,4,2
50F18103-1CBD-9FD5-E050-A8C063054923,08/12/2016,2016,180000,5.255272505,DN17 3HT,D,N,0,No,4,2
50F18103-1D57-9FD5-E050-A8C063054923,24/03/2017,2017,168000,5.225309282,DN15 9EQ,D,N,0,No,4,3
50F18103-6507-9FD5-E050-A8C063054923,23/03/2017,2017,220000,5.342422681,DN14 0QZ,D,N,0,No,4,3
50F18103-6611-9FD5-E050-A8C063054923,02/05/2017,2017,262500,5.419129308,YO8 6QG,D,N,0,No,4,3
50F18103-67B6-9FD5-E050-A8C063054923,10/05/2017,2017,272500,5.435366507,DN14 0QY,D,N,0,No,4,3
50F18103-8C7F-9FD5-E050-A8C063054923,24/03/2017,2017,287500,5.458637849,DN7 5JT,D,N,0,No,4,3
50F18103-8D00-9FD5-E050-A8C063054923,12/05/2017,2017,250000,5.397940009,DN7 6AF,D,N,0,No,4,3
50F18103-8E45-9FD5-E050-A8C063054923,21/04/2017,2017,320000,5.505149978,DN7 5SU,D,N,0,No,4,3
50F18103-90CB-9FD5-E050-A8C063054923,24/02/2017,2017,250000,5.397940009,DN7 6SD,D,N,0,No,4,3
50F18103-C71A-9FD5-E050-A8C063054923,19/05/2017,2017,275000,5.439332694,DN14 7FD,D,N,0,No,4,3
50F18103-C734-9FD5-E050-A8C063054923,28/04/2017,2017,322000,5.507855872,YO8 6DH,D,N,0,No,4,3
50F18103-C74A-9FD5-E050-A8C063054923,19/04/2017,2017,277700,5.44357588,DN14 0AL,D,N,0,No,4,3
50F18103-C7CD-9FD5-E050-A8C063054923,13/01/2017,2017,175000,5.243038049,DN14 7SJ,D,N,0,No,4,3
96DCAFFD-3908-46C3-9AA0-A137FA4FE7D3,01/06/2015 00:00,2015,200000,5.301029996,DN9 1JT,D,N,,,4,2
50F18103-C7DF-9FD5-E050-A8C063054923,09/03/2017,2017,185000,5.267171728,DN14 6YR,D,Y,0,No,3,3
50F18103-C7E3-9FD5-E050-A8C063054923,03/03/2017,2017,240000,5.380211242,DN14 6YR,D,Y,0,No,3,3
51D3307B-7111-44AB-9FEE-FAB02CBC0405,04/06/2013,2013,315000,5.498310554,DN7 5JY,D,N,0,No,4,1
51D3AEDB-738B-4250-AB84-363CD4986CB4,21/03/2014,2014,148000,5.170261715,DN7 4QG,D,N,0,No,4,2
52027D03-6ABF-458E-AE35-327978CDEA0E,16/11/2012,2012,110000,5.041392685,DN15 9YF,D,N,0,No,4,1
520721BE-A22A-4DF0-9E9C-754EF927FF16,12/06/2015,2015,270000,5.431363764,DN15 9JG,D,N,0,No,4,2
5376B385-7E7B-34C1-E053-6B04A8C09FF6,26/05/2017,2017,260000,5.414973348,DN15 9ED,D,N,0,No,4,3
5376B385-7EC8-34C1-E053-6B04A8C09FF6,26/05/2017,2017,405000,5.607455023,DN14 7EU,D,N,0,No,3,3
5376B385-7F9C-34C1-E053-6B04A8C09FF6,16/05/2017,2017,288000,5.459392488,DN14 5JU,D,N,0,No,3,3
5376B385-7FB5-34C1-E053-6B04A8C09FF6,19/05/2017,2017,270000,5.431363764,DN15 9ED,D,N,0,No,4,3
5376B385-7FCB-34C1-E053-6B04A8C09FF6,26/05/2017,2017,131000,5.117271296,HU15 2UJ,D,N,0,No,4,3
5376B385-7FF2-34C1-E053-6B04A8C09FF6,26/06/2017,2017,144950,5.16121822,DN15 9EJ,D,N,0,No,4,3
5376B385-CB8D-34C1-E053-6B04A8C09FF6,09/05/2017,2017,410000,5.612783857,YO8 8HR,D,N,0,No,4,3
5376B385-CBCC-34C1-E053-6B04A8C09FF6,16/06/2017,2017,295000,5.469822016,DN14 9PN,D,N,0,No,4,3
5376B385-CC98-34C1-E053-6B04A8C09FF6,08/06/2017,2017,315000,5.498310554,YO8 6TG,D,N,0,No,4,3
5376B385-CCD8-34C1-E053-6B04A8C09FF6,26/05/2017,2017,230000,5.361727836,DN14 9RT,D,N,0,No,4,3
5376B385-CD3C-34C1-E053-6B04A8C09FF6,19/05/2017,2017,187500,5.273001272,YO8 8HW,D,N,0,No,4,3
5376B385-CDF3-34C1-E053-6B04A8C09FF6,09/06/2017,2017,205000,5.311753861,DN14 9PN,D,N,0,No,4,3
5376B385-CF01-34C1-E053-6B04A8C09FF6,24/05/2017,2017,370000,5.568201724,YO8 8PD,D,N,0,No,4,3
5376B385-F862-34C1-E053-6B04A8C09FF6,25/05/2017,2017,130000,5.113943352,DN8 5QW,D,N,0,No,3,3
5376B385-FA08-34C1-E053-6B04A8C09FF6,13/04/2017,2017,210000,5.322219295,DN7 4QG,D,N,0,No,4,3
5376B385-FB73-34C1-E053-6B04A8C09FF6,08/06/2017,2017,122000,5.086359831,DN8 5EL,D,N,0,No,3,3
5376B385-FBEE-34C1-E053-6B04A8C09FF6,14/06/2017,2017,339950,5.531415046,DN7 5SU,D,N,0,No,4,3
5376B386-378C-34C1-E053-6B04A8C09FF6,31/05/2017,2017,261000,5.416640507,DN14 9TL,D,N,0,No,4,3
5376B386-379F-34C1-E053-6B04A8C09FF6,26/05/2017,2017,375000,5.574031268,DN14 7YW,D,N,0,No,4,3
5376B386-3858-34C1-E053-6B04A8C09FF6,21/04/2017,2017,185000,5.267171728,DN14 6YR,D,Y,0,No,3,3
539B49B5-387F-4BA8-8AB9-A372FB050BFD,02/03/2012,2012,100000,5,DN8 4LG,D,N,0,No,3,1
53CC22C7-822A-42E1-9349-A0684AF82AFC,22/05/2015,2015,211500,5.325310372,DN14 9TL,D,N,0,No,4,2
53FF96F2-4D11-481A-A01D-80D959E47B47,06/12/2013,2013,69193,4.840062161,DN17 4ER,D,N,0,No,3,1
54540957-7322-4FD8-BF89-108C4122947F,03/02/2011,2011,123000,5.089905111,HU15 2UG,D,N,0,No,4,1
5475DB36-41B6-450F-822A-C9307705EACA,01/06/2012,2012,235000,5.371067862,DN14 9EF,D,N,0,No,3,1
549C8893-A859-4405-84CA-E77A575E7EEA,30/08/2013,2013,148000,5.170261715,DN17 4NY,D,N,0,No,3,1
54DCFD0C-CC86-448A-9FC0-53FA06A6E04E,27/11/2013,2013,272500,5.435366507,DN14 7ER,D,N,0,No,3,1
556D75B7-3EAA-4EEA-8B91-E2BB5BBE42F3,02/04/2015,2015,218000,5.338456494,DN14 7SG,D,N,0,No,4,2
5582DADC-4C97-461C-9103-B37468066BF0,21/02/2014,2014,135000,5.130333768,DN7 5JU,D,N,0,No,4,2
55BDCAE6-0555-521D-E053-6B04A8C0DD7A,06/07/2017,2017,325000,5.511883361,HU15 2UJ,D,N,0,No,4,3
55BDCAE6-0584-521D-E053-6B04A8C0DD7A,19/05/2017,2017,187950,5.27404233,DN14 7LL,D,N,0,No,4,3
55BDCAE6-05B3-521D-E053-6B04A8C0DD7A,12/07/2017,2017,118500,5.07371835,DN17 3LW,D,N,0,No,4,3
55BDCAE6-05ED-521D-E053-6B04A8C0DD7A,24/05/2017,2017,140000,5.146128036,DN14 5LS,D,N,0,No,3,3
55BDCAE6-06D7-521D-E053-6B04A8C0DD7A,21/07/2017,2017,500000,5.698970004,YO8 6DH,D,N,0,No,4,3
55BDCAE6-0722-521D-E053-6B04A8C0DD7A,09/06/2017,2017,178000,5.250420002,DN17 4JR,D,N,0,No,3,3
55BDCAE6-0785-521D-E053-6B04A8C0DD7A,02/06/2017,2017,160000,5.204119983,DN15 9EQ,D,N,0,No,4,3
55BDCAE6-07E6-521D-E053-6B04A8C0DD7A,20/06/2017,2017,245000,5.389166084,DN15 9AD,D,N,0,No,4,3
55BDCAE6-5520-521D-E053-6B04A8C0DD7A,25/05/2017,2017,215000,5.33243846,YO8 6UD,D,N,0,No,4,3
55BDCAE6-553D-521D-E053-6B04A8C0DD7A,30/06/2017,2017,185000,5.267171728,YO8 8HH,D,N,0,No,4,3
55BDCAE6-5560-521D-E053-6B04A8C0DD7A,30/06/2017,2017,305000,5.484299839,YO8 6QJ,D,N,0,No,4,3
55BDCAE6-5703-521D-E053-6B04A8C0DD7A,05/07/2017,2017,230000,5.361727836,YO8 8ED,D,N,0,No,4,3
55BDCAE6-57A2-521D-E053-6B04A8C0DD7A,28/06/2017,2017,180000,5.255272505,DN14 9PN,D,N,0,No,4,3
55BDCAE6-57C1-521D-E053-6B04A8C0DD7A,26/05/2017,2017,150000,5.176091259,DN14 0QY,D,N,0,No,4,3
55BDCAE6-57D7-521D-E053-6B04A8C0DD7A,05/07/2017,2017,220000,5.342422681,YO8 8HW,D,N,0,No,4,3
55BDCAE6-8243-521D-E053-6B04A8C0DD7A,06/07/2017,2017,195000,5.290034611,DN7 4DR,D,N,0,No,4,3
55BDCAE6-829F-521D-E053-6B04A8C0DD7A,05/07/2017,2017,145000,5.161368002,DN7 4DR,D,N,0,No,4,3
55BDCAE6-837B-521D-E053-6B04A8C0DD7A,21/06/2017,2017,230000,5.361727836,DN8 4AX,D,N,0,No,3,3
55BDCAE6-839A-521D-E053-6B04A8C0DD7A,14/07/2017,2017,135500,5.131939295,DN7 4EZ,D,N,0,No,4,3
55BDCAE6-84EA-521D-E053-6B04A8C0DD7A,09/06/2017,2017,169000,5.227886705,DN8 5AE,D,N,0,No,3,3
55BDCAE6-861E-521D-E053-6B04A8C0DD7A,14/07/2017,2017,170000,5.230448921,DN8 5RJ,D,N,0,No,4,3
55BDCAE6-87F3-521D-E053-6B04A8C0DD7A,30/06/2017,2017,125995,5.100353311,DN7 5PB,D,Y,0,No,4,3
55BDCAE6-C29B-521D-E053-6B04A8C0DD7A,27/06/2017,2017,265000,5.423245874,DN14 7QD,D,N,0,No,4,3
55BDCAE6-C2B8-521D-E053-6B04A8C0DD7A,09/06/2017,2017,158000,5.198657087,HU15 2YE,D,N,0,No,4,3
56345D61-390A-4217-8DE4-88E28E2B3A4F,11/09/2015,2015,230000,5.361727836,DN14 9HT,D,N,0,No,4,2
569D1674-9412-4575-BD87-FD914E495EA2,24/10/2014,2014,155000,5.190331698,DN8 5RF,D,N,0,No,3,2
574E24E0-7A6F-438C-8228-C7D5C7F623FA,30/01/2015,2015,65625,4.817069316,DN15 9ET,D,N,0,No,4,2
576C2497-442B-4F86-930C-21EF1F4C3F79,16/07/2014,2014,78750,4.896250562,DN7 6PA,D,N,0,No,4,2
57E18879-2EB9-4DDE-BB66-A60D85BA72C3,14/02/2014,2014,200000,5.301029996,DN14 9TL,D,N,0,No,4,2
582D0637-0AA3-8F22-E053-6C04A8C01BAC,14/07/2017,2017,345000,5.537819095,DN14 0DR,D,N,0,No,4,3
582D0637-0B32-8F22-E053-6C04A8C01BAC,09/08/2017,2017,287000,5.457881897,DN14 0DR,D,N,0,No,4,3
582D0637-0C93-8F22-E053-6C04A8C01BAC,14/07/2017,2017,340000,5.531478917,DN9 1QG,D,N,0,No,4,3
582D0637-0CF1-8F22-E053-6C04A8C01BAC,26/07/2017,2017,157000,5.195899652,DN15 9EF,D,N,0,No,4,3
582D0637-62C2-8F22-E053-6C04A8C01BAC,21/07/2017,2017,187500,5.273001272,YO8 8HW,D,N,0,No,4,3
582D0637-8EFE-8F22-E053-6C04A8C01BAC,17/07/2017,2017,137000,5.136720567,DN7 4DR,D,N,0,No,4,3
582D0637-90D6-8F22-E053-6C04A8C01BAC,30/06/2017,2017,155000,5.190331698,DN7 4EY,D,N,0,No,4,3
582D0637-9163-8F22-E053-6C04A8C01BAC,05/07/2017,2017,328000,5.515873844,DN8 5QP,D,N,0,No,3,3
582D0637-91A2-8F22-E053-6C04A8C01BAC,07/07/2017,2017,150000,5.176091259,DN7 6HX,D,N,0,No,4,3
582D0637-92F6-8F22-E053-6C04A8C01BAC,30/06/2017,2017,160000,5.204119983,DN7 6AQ,D,N,0,No,4,3
582D0637-9367-8F22-E053-6C04A8C01BAC,17/08/2017,2017,135000,5.130333768,DN8 5RN,D,N,0,No,3,3
582D0637-D430-8F22-E053-6C04A8C01BAC,21/07/2017,2017,190000,5.278753601,DN14 7GA,D,N,0,No,4,3
582D0637-D439-8F22-E053-6C04A8C01BAC,27/07/2017,2017,234000,5.369215857,DN14 7TP,D,N,0,No,3,3
582D0637-D43B-8F22-E053-6C04A8C01BAC,05/07/2017,2017,150000,5.176091259,HU15 2UZ,D,N,0,No,4,3
582D0637-D441-8F22-E053-6C04A8C01BAC,28/07/2017,2017,405000,5.607455023,DN14 8LJ,D,N,0,No,3,3
582D0637-D52B-8F22-E053-6C04A8C01BAC,26/04/2017,2017,445000,5.648360011,DN14 7EU,D,N,0,No,3,3
582D0637-D5B8-8F22-E053-6C04A8C01BAC,22/08/2017,2017,236500,5.373831145,YO8 8HH,D,N,0,No,4,3
582D0637-D5E6-8F22-E053-6C04A8C01BAC,04/08/2017,2017,147500,5.16879202,YO8 8HD,D,N,0,No,4,3
583D1C42-8B85-4122-A2F6-4B8916A4ED97,23/11/2012,2012,215000,5.33243846,DN14 9LS,D,N,0,No,4,1
584870D3-3554-441F-8CDD-BC724705CB93,16/08/2013,2013,195000,5.290034611,YO8 6PH,D,N,0,No,4,1
589B1135-22D2-4015-8947-1F7C53236B37,07/05/2014,2014,237000,5.374748346,DN9 1QG,D,N,0,No,4,2
58E2AACB-74BB-4FB4-A873-FE3A7B153409,28/03/2013,2013,546024,5.737211732,DN14 7GW,D,Y,0,No,3,1
59AFF325-C5B5-43D5-91FD-E7D562687018,29/05/2015,2015,210000,5.322219295,DN14 7DQ,D,N,0,No,3,2
59DF39BE-A2D0-47F3-A9BA-D7495D0AA46F,01/03/2013,2013,174000,5.240549248,DN14 5LY,D,N,0,No,3,1
5A78511A-4109-44AC-B0B5-3BD9DB0B1EF3,08/11/2013,2013,263000,5.419955748,DN9 1TS,D,N,0,No,4,1
5A9D8B55-375A-68EB-E053-6B04A8C0D293,04/08/2017,2017,75000,4.875061263,DN14 0AL,D,N,0,No,4,3
5A9D8B55-37EA-68EB-E053-6B04A8C0D293,15/09/2017,2017,220000,5.342422681,DN14 8AG,D,N,0,No,2,3
5A9D8B55-381C-68EB-E053-6B04A8C0D293,12/09/2017,2017,315000,5.498310554,DN15 9ED,D,N,0,No,4,3
5A9D8B55-384D-68EB-E053-6B04A8C0D293,31/07/2017,2017,180000,5.255272505,DN14 0DP,D,N,0,No,4,3
5A9D8B55-3942-68EB-E053-6B04A8C0D293,08/09/2017,2017,150000,5.176091259,DN15 9EQ,D,N,0,No,4,3
5A9D8B55-3A27-68EB-E053-6B04A8C0D293,18/08/2017,2017,240000,5.380211242,DN17 4AD,D,N,0,No,4,3
5A9D8B55-3A70-68EB-E053-6B04A8C0D293,30/05/2017,2017,382500,5.582631439,DN9 1QP,D,N,0,No,4,3
5A9D8B55-8AED-68EB-E053-6B04A8C0D293,30/06/2017,2017,164950,5.21735232,DN14 9QH,D,N,0,No,4,3
5A9D8B55-8B45-68EB-E053-6B04A8C0D293,22/08/2017,2017,202000,5.305351369,YO8 8ED,D,N,0,No,4,3
5A9D8B55-8B52-68EB-E053-6B04A8C0D293,08/09/2017,2017,195000,5.290034611,DN14 9PN,D,N,0,No,4,3
5A9D8B55-8CB0-68EB-E053-6B04A8C0D293,22/05/2017,2017,305000,5.484299839,YO8 6NG,D,N,0,No,4,3
5A9D8B55-B940-68EB-E053-6B04A8C0D293,05/09/2017,2017,360000,5.556302501,DN7 5LN,D,N,0,No,4,3
5A9D8B55-B94B-68EB-E053-6B04A8C0D293,25/08/2017,2017,260000,5.414973348,DN8 4JF,D,N,0,No,3,3
5A9D8B55-B9F2-68EB-E053-6B04A8C0D293,14/09/2017,2017,230000,5.361727836,DN7 6NF,D,N,0,No,4,3
5A9D8B55-BA5C-68EB-E053-6B04A8C0D293,18/09/2017,2017,102000,5.008600172,DN7 4JL,D,N,0,No,4,3
5A9D8B55-BDF5-68EB-E053-6B04A8C0D293,25/08/2017,2017,195000,5.290034611,DN8 5QN,D,N,0,No,3,3
5A9D8B55-BF5D-68EB-E053-6B04A8C0D293,14/08/2017,2017,146000,5.164352856,DN7 6AH,D,N,0,No,4,3
5A9D8B55-BF84-68EB-E053-6B04A8C0D293,11/08/2017,2017,110000,5.041392685,DN7 4HG,D,N,0,No,4,3
5A9D8B55-FD1B-68EB-E053-6B04A8C0D293,25/08/2017,2017,230000,5.361727836,DN14 5PJ,D,N,0,No,3,3
5A9D8B55-FD36-68EB-E053-6B04A8C0D293,25/08/2017,2017,210000,5.322219295,DN14 9JG,D,N,0,No,4,3
5A9D8B55-FDC5-68EB-E053-6B04A8C0D293,02/06/2017,2017,240000,5.380211242,DN14 6YR,D,Y,0,No,3,3
5AD390EE-49B9-4696-8E2E-75292139529F,28/03/2011,2011,185000,5.267171728,YO8 8HW,D,N,0,No,4,1
5B8FE085-B186-42E8-92F8-5386F5BA1336,08/11/2012,2012,425000,5.62838893,DN6 0HD,D,N,0,No,4,1
5BDFCC94-9AAB-4A61-A508-58E3CB313B07,08/05/2015,2015,147250,5.168055303,DN14 9HZ,D,N,0,No,4,2
5CCC6AB3-FCD0-4907-B3BB-CCE49DD5E232,05/12/2014,2014,240000,5.380211242,YO8 6DH,D,N,0,No,4,2
5CE869D9-C441-4569-9623-0C1215810146,24/04/2015,2015,165000,5.217483944,DN7 6AQ,D,N,0,No,4,2
5CF9903B-FD22-7F13-E053-6C04A8C074B1,07/09/2017,2017,475000,5.67669361,DN14 0AL,D,N,0,No,4,3
5CF9903B-FD39-7F13-E053-6C04A8C074B1,29/09/2017,2017,100000,5,DN9 1QG,D,N,0,No,4,3
5CF9903B-FD81-7F13-E053-6C04A8C074B1,10/10/2017,2017,182500,5.261262869,DN14 5PT,D,N,0,No,3,3
5CF9903B-FEF8-7F13-E053-6C04A8C074B1,21/09/2017,2017,144000,5.158362492,DN15 9EQ,D,N,0,No,4,3
5CF9903B-FF03-7F13-E053-6C04A8C074B1,08/09/2017,2017,260000,5.414973348,DN9 1QG,D,N,0,No,4,3
5CF9903B-FF25-7F13-E053-6C04A8C074B1,22/09/2017,2017,200000,5.301029996,DN9 1PE,D,N,0,No,4,3
5CF9903B-FF2D-7F13-E053-6C04A8C074B1,26/05/2017,2017,245000,5.389166084,DN9 1PP,D,N,0,No,4,3
5CF9903C-0075-7F13-E053-6C04A8C074B1,25/09/2017,2017,155000,5.190331698,DN15 9EF,D,N,0,No,4,3
5CF9903C-51E0-7F13-E053-6C04A8C074B1,01/10/2017,2017,175000,5.243038049,DN14 9RQ,D,N,0,No,4,3
5CF9903C-5331-7F13-E053-6C04A8C074B1,09/06/2017,2017,350000,5.544068044,DN14 9PZ,D,N,0,No,4,3
5CF9903C-5348-7F13-E053-6C04A8C074B1,20/10/2017,2017,290000,5.462397998,YO8 6RA,D,N,0,No,4,3
5CF9903C-842B-7F13-E053-6C04A8C074B1,27/09/2017,2017,240000,5.380211242,DN7 6JJ,D,N,0,No,4,3
5CF9903C-8485-7F13-E053-6C04A8C074B1,30/06/2017,2017,110000,5.041392685,DN7 5NP,D,N,0,No,4,3
5CF9903C-852F-7F13-E053-6C04A8C074B1,13/07/2017,2017,152000,5.181843588,DN7 6JP,D,N,0,No,4,3
5CF9903C-87AE-7F13-E053-6C04A8C074B1,21/06/2017,2017,84000,4.924279286,DN7 6PS,D,N,0,No,4,3
5CF9903C-C961-7F13-E053-6C04A8C074B1,14/07/2017,2017,261950,5.418218403,DN14 8TP,D,N,0,No,3,3
5CF9903C-C982-7F13-E053-6C04A8C074B1,11/10/2017,2017,265000,5.423245874,DN14 8TN,D,N,0,No,3,3
5CF9903C-C9A0-7F13-E053-6C04A8C074B1,29/09/2017,2017,272000,5.434568904,DN14 9TB,D,N,0,No,4,3
5CF9903C-C9D7-7F13-E053-6C04A8C074B1,06/10/2017,2017,350000,5.544068044,DN14 7GJ,D,N,0,No,3,3
5CF9903C-CA28-7F13-E053-6C04A8C074B1,16/06/2017,2017,280000,5.447158031,DN14 6YR,D,Y,0,No,3,3
5CF9903C-CA43-7F13-E053-6C04A8C074B1,22/06/2017,2017,165000,5.217483944,DN14 9LJ,D,N,0,No,4,3
5CF9903C-CA99-7F13-E053-6C04A8C074B1,07/09/2017,2017,285000,5.45484486,YO8 6DH,D,N,0,No,4,3
5CF9903C-CB52-7F13-E053-6C04A8C074B1,08/09/2017,2017,188500,5.275311355,DN7 6AG,D,N,0,No,4,3
5D3A150D-2C45-41C8-B94E-150B441E5E8E,02/02/2015,2015,165000,5.217483944,HU15 2TY,D,N,0,No,4,2
5D63FDCB-9D85-43E5-B829-424ECB4DFF96,02/04/2015,2015,202000,5.305351369,DN14 5JT,D,N,0,No,3,2
5DD852D6-28D6-4B0D-9222-BC8B04526335,07/04/2011,2011,120000,5.079181246,DN14 9QA,D,N,0,No,4,1
5DF896C9-9B18-4107-8FFA-71FD916CB5BD,12/03/2013,2013,120000,5.079181246,DN9 1QH,D,N,0,No,4,1
5E234A43-1B0F-4BB9-A08B-45CABEA61A61,17/04/2014,2014,310000,5.491361694,YO8 8EG,D,N,0,No,4,2
5E48C9C9-D7FF-4D63-B1BF-4E3A1B53817B,17/06/2011,2011,236500,5.373831145,DN7 6JJ,D,N,0,No,4,1
5E6760F7-2AE7-4A08-872F-86424EF522C1,01/11/2014,2014,360000,5.556302501,DN14 9BN,D,N,0,No,4,2
5E9543F5-B10A-49A1-8DF9-D299D10CDCAC,25/11/2013,2013,180000,5.255272505,DN14 9LP,D,N,0,No,4,1
5F07893F-F7EF-409A-9464-370A741DA2BD,10/06/2015,2015,124000,5.093421685,DN8 5QW,D,N,0,No,3,2
5F54B81D-31F9-2B45-E053-6B04A8C01FB0,20/10/2017,2017,250000,5.397940009,DN14 9EG,D,N,0,No,3,3
5F54B81D-3228-2B45-E053-6B04A8C01FB0,10/11/2017,2017,150000,5.176091259,DN9 1QG,D,N,0,No,4,3
5F54B81D-33CF-2B45-E053-6B04A8C01FB0,24/10/2017,2017,185000,5.267171728,DN17 4PA,D,N,0,No,3,3
5F54B81D-3474-2B45-E053-6B04A8C01FB0,06/11/2017,2017,627500,5.79761373,DN17 4BN,D,N,0,No,3,3
5F54B81D-34F8-2B45-E053-6B04A8C01FB0,25/10/2017,2017,200000,5.301029996,DN17 4NL,D,N,0,No,3,3
5F54B81D-8D29-2B45-E053-6B04A8C01FB0,06/11/2017,2017,210000,5.322219295,DN14 9QF,D,N,0,No,4,3
5F54B81D-8E9F-2B45-E053-6B04A8C01FB0,13/10/2017,2017,250000,5.397940009,DN14 9LP,D,N,0,No,4,3
5F54B81D-9065-2B45-E053-6B04A8C01FB0,03/11/2017,2017,160000,5.204119983,YO8 8HW,D,N,0,No,4,3
5F54B81D-911A-2B45-E053-6B04A8C01FB0,27/10/2017,2017,245000,5.389166084,DN14 9QS,D,N,0,No,4,3
5F54B81D-BD33-2B45-E053-6B04A8C01FB0,08/09/2017,2017,136000,5.133538908,DN8 4SA,D,N,0,No,3,3
5F54B81D-BF0D-2B45-E053-6B04A8C01FB0,10/11/2017,2017,215000,5.33243846,DN8 5RE,D,N,0,No,3,3
5F54B81D-C0AB-2B45-E053-6B04A8C01FB0,06/10/2017,2017,345000,5.537819095,DN8 4JQ,D,N,0,No,3,3
5F54B81D-C0BE-2B45-E053-6B04A8C01FB0,10/11/2017,2017,155000,5.190331698,DN8 5RE,D,N,0,No,3,3
5F54B81D-C1C3-2B45-E053-6B04A8C01FB0,27/11/2017,2017,250000,5.397940009,DN7 6JJ,D,N,0,No,4,3
5F54B81D-C299-2B45-E053-6B04A8C01FB0,17/10/2017,2017,230000,5.361727836,DN8 5EL,D,N,0,No,3,3
5F54B81D-C3F5-2B45-E053-6B04A8C01FB0,30/06/2017,2017,125995,5.100353311,DN7 5PB,D,Y,0,No,4,3
5F54B81D-C3F8-2B45-E053-6B04A8C01FB0,21/09/2017,2017,120995,5.082767424,DN7 5PB,D,Y,0,No,4,3
5F54B81E-0840-2B45-E053-6B04A8C01FB0,06/10/2017,2017,480000,5.681241237,DN14 7TG,D,N,0,No,4,3
5F54B81E-0897-2B45-E053-6B04A8C01FB0,28/09/2017,2017,500000,5.698970004,YO8 6DH,D,N,0,No,4,3
5F54B81E-0927-2B45-E053-6B04A8C01FB0,14/07/2017,2017,245000,5.389166084,DN14 6YR,D,Y,0,No,3,3
5F54B81E-0936-2B45-E053-6B04A8C01FB0,26/07/2017,2017,285000,5.45484486,DN14 6YR,D,Y,0,No,3,3
5F8433B1-9A65-4082-BE5C-DCA00DD750A4,25/03/2011,2011,550000,5.740362689,DN14 7JZ,D,N,0,No,4,1
606AA12C-5768-46F4-BD1F-A2B46089097D,28/03/2013,2013,425000,5.62838893,DN7 6SD,D,N,0,No,4,1
609C7FC1-7F5E-45A2-8FC0-F446422817A9,05/07/2013,2013,152000,5.181843588,DN14 8QD,D,N,0,No,3,1
61D33B9A-1CEC-48F6-A7D9-E5E3F9E15F46,04/06/2014,2014,195999,5.292253856,DN7 6NQ,D,N,0,No,4,2
61D8894D-F4AE-3DE6-E053-6C04A8C01207,20/11/2017,2017,260000,5.414973348,DN14 9FD,D,N,0,No,4,3
61D8894D-F4C4-3DE6-E053-6C04A8C01207,01/12/2017,2017,205000,5.311753861,HU15 2UB,D,N,0,No,4,3
61D8894D-F4D3-3DE6-E053-6C04A8C01207,01/12/2017,2017,185000,5.267171728,DN17 3NF,D,N,0,No,4,3
61D8894D-F504-3DE6-E053-6C04A8C01207,22/11/2017,2017,340000,5.531478917,DN14 0AR,D,N,0,No,4,3
61D8894E-3559-3DE6-E053-6C04A8C01207,30/11/2017,2017,276000,5.440909082,YO8 6RA,D,N,0,No,4,3
61D8894E-359E-3DE6-E053-6C04A8C01207,06/12/2017,2017,243000,5.385606274,DN14 9RT,D,N,0,No,4,3
61D8894E-5B6E-3DE6-E053-6C04A8C01207,15/12/2017,2017,165000,5.217483944,DN7 6HR,D,N,0,No,4,3
61D8894E-5C8B-3DE6-E053-6C04A8C01207,04/10/2017,2017,125995,5.100353311,DN7 5PB,D,Y,0,No,4,3
61D8894E-5CFE-3DE6-E053-6C04A8C01207,17/11/2017,2017,135000,5.130333768,DN8 5TG,D,N,0,No,4,3
61D8894E-8C63-3DE6-E053-6C04A8C01207,01/12/2017,2017,263000,5.419955748,DN14 7QS,D,N,0,No,4,3
61D8894E-8C72-3DE6-E053-6C04A8C01207,01/12/2017,2017,252500,5.402261382,DN14 8TN,D,N,0,No,3,3
61F25D0A-8827-46EB-B342-D0340EECC353,21/07/2014,2014,305000,5.484299839,DN14 7EY,D,N,0,No,3,2
625C8FDF-F17D-43A1-883A-648C2025437A,18/08/2015,2015,270000,5.431363764,DN7 5ST,D,N,0,No,4,2
6266499F-6A39-4924-A29D-A01A2A926366,17/07/2015,2015,430000,5.633468456,DN14 5PJ,D,N,0,No,3,2
62C7C781-8A0B-41D7-A6FF-50F144EFDDA4,03/07/2015,2015,175000,5.243038049,DN14 7GA,D,N,0,No,4,2
62CCF73C-A9D9-425E-BA4D-2DE5ACD661B4,28/08/2015,2015,249950,5.397853141,DN8 4LG,D,N,0,No,3,2
62E16D4B-B45A-4B37-8107-EDD504E9774D,04/10/2013,2013,185000,5.267171728,YO8 8HD,D,N,0,No,4,1
62E36F2C-9750-4395-9467-727FBBCF213D,13/05/2014,2014,250000,5.397940009,DN15 9DF,D,N,0,No,4,2
62EC9646-9AA4-4438-8394-5D5182BDA1CE,06/12/2012,2012,330000,5.51851394,DN6 0HD,D,N,0,No,4,1
63BD435B-F8DF-447F-9FEF-93C33223F54B,21/04/2015,2015,106667,5.028030081,DN14 9DE,D,N,0,No,4,2
64342BFE-4829-422C-E053-6C04A8C0FB8A,08/12/2017,2017,207500,5.317018101,DN9 1NN,D,N,0,No,4,3
64342BFE-4868-422C-E053-6C04A8C0FB8A,19/12/2017,2017,320000,5.505149978,DN14 0DL,D,N,0,No,4,3
64342BFE-48DB-422C-E053-6C04A8C0FB8A,30/11/2017,2017,261000,5.416640507,DN14 7AE,D,N,0,No,4,3
64342BFE-4900-422C-E053-6C04A8C0FB8A,21/12/2017,2017,185000,5.267171728,HU15 2TY,D,N,0,No,4,3
64342BFE-4908-422C-E053-6C04A8C0FB8A,17/11/2017,2017,270000,5.431363764,DN14 7JB,D,N,0,No,4,3
64342BFE-490A-422C-E053-6C04A8C0FB8A,05/01/2018,2018,181000,5.257678575,DN17 4NY,D,N,0,No,3,3
64342BFE-4957-422C-E053-6C04A8C0FB8A,08/12/2017,2017,183000,5.26245109,DN17 4BG,D,N,0,No,3,3
64342BFE-4A29-422C-E053-6C04A8C0FB8A,14/12/2017,2017,160000,5.204119983,DN9 1TJ,D,N,0,No,4,3
64342BFE-4A52-422C-E053-6C04A8C0FB8A,15/12/2017,2017,202500,5.306425028,DN15 9AD,D,N,0,No,4,3
64342BFE-4AC7-422C-E053-6C04A8C0FB8A,15/12/2017,2017,226000,5.354108439,DN9 1FG,D,N,0,No,4,3
64342BFE-4B95-422C-E053-6C04A8C0FB8A,17/11/2017,2017,420000,5.62324929,DN9 1QG,D,N,0,No,4,3
64342BFE-4C11-422C-E053-6C04A8C0FB8A,06/10/2017,2017,510000,5.707570176,DN17 3JB,D,N,0,No,4,3
64342BFE-4C7E-422C-E053-6C04A8C0FB8A,15/12/2017,2017,195000,5.290034611,DN9 1NS,D,N,0,No,4,3
64342BFE-A9CF-422C-E053-6C04A8C0FB8A,15/12/2017,2017,198000,5.29666519,DN14 9QZ,D,N,0,No,4,3
64342BFE-AE65-422C-E053-6C04A8C0FB8A,15/12/2017,2017,250000,5.397940009,YO8 8HX,D,N,0,No,4,3
64342BFE-DFEC-422C-E053-6C04A8C0FB8A,19/12/2017,2017,335000,5.525044807,DN14 9AJ,D,N,0,No,4,3
64342BFE-E0C5-422C-E053-6C04A8C0FB8A,15/12/2017,2017,180000,5.255272505,DN7 4EZ,D,N,0,No,4,3
64342BFE-E0F8-422C-E053-6C04A8C0FB8A,11/12/2017,2017,193000,5.285557309,DN7 6AF,D,N,0,No,4,3
64342BFE-E109-422C-E053-6C04A8C0FB8A,08/12/2017,2017,110000,5.041392685,DN7 4JL,D,N,0,No,4,3
64342BFE-E180-422C-E053-6C04A8C0FB8A,27/10/2017,2017,177543,5.249303554,DN7 6PA,D,N,0,No,4,3
64342BFE-E198-422C-E053-6C04A8C0FB8A,10/11/2017,2017,220000,5.342422681,DN7 6EZ,D,N,0,No,4,3
64342BFE-E249-422C-E053-6C04A8C0FB8A,24/11/2017,2017,300000,5.477121255,DN14 9TP,D,N,0,No,4,3
64342BFE-E350-422C-E053-6C04A8C0FB8A,17/11/2017,2017,238000,5.376576957,DN8 5RE,D,N,0,No,3,3
64342BFE-E456-422C-E053-6C04A8C0FB8A,09/01/2018,2018,204000,5.309630167,DN7 6TL,D,N,0,No,4,3
64342BFE-E4BA-422C-E053-6C04A8C0FB8A,08/12/2017,2017,246000,5.390935107,DN8 4LG,D,N,0,No,3,3
64342BFE-E4E1-422C-E053-6C04A8C0FB8A,18/12/2017,2017,350000,5.544068044,DN7 5LP,D,N,0,No,4,3
64342BFE-E517-422C-E053-6C04A8C0FB8A,21/12/2017,2017,219500,5.341434525,DN7 6PY,D,N,0,No,4,3
64342BFF-30FF-422C-E053-6C04A8C0FB8A,23/01/2018,2018,432500,5.635986112,DN14 7GD,D,N,0,No,3,3
64342BFF-313D-422C-E053-6C04A8C0FB8A,18/12/2017,2017,250000,5.397940009,DN14 8LJ,D,N,0,No,3,3
64342BFF-31E6-422C-E053-6C04A8C0FB8A,24/08/2017,2017,274995,5.439324797,DN14 9FH,D,Y,0,No,3,3
64342BFF-31F3-422C-E053-6C04A8C0FB8A,18/08/2017,2017,314995,5.49830366,DN14 9FH,D,Y,0,No,3,3
64342BFF-31F6-422C-E053-6C04A8C0FB8A,24/08/2017,2017,259995,5.414964996,DN14 9FH,D,Y,0,No,3,3
64342BFF-3207-422C-E053-6C04A8C0FB8A,08/09/2017,2017,275000,5.439332694,DN14 6YR,D,Y,0,No,3,3
64342BFF-320A-422C-E053-6C04A8C0FB8A,25/08/2017,2017,244995,5.389157221,DN14 9FH,D,Y,0,No,3,3
64342BFF-320D-422C-E053-6C04A8C0FB8A,22/09/2017,2017,250000,5.397940009,DN14 6YR,D,Y,0,No,3,3
64342BFF-3233-422C-E053-6C04A8C0FB8A,05/10/2017,2017,195000,5.290034611,DN14 6YR,D,Y,0,No,3,3
64342BFF-3237-422C-E053-6C04A8C0FB8A,29/09/2017,2017,329995,5.51850736,DN14 9FJ,D,Y,0,No,3,3
64342BFF-323B-422C-E053-6C04A8C0FB8A,13/10/2017,2017,319995,5.505143192,DN14 9FH,D,Y,0,No,3,3
64342BFF-3240-422C-E053-6C04A8C0FB8A,20/10/2017,2017,190000,5.278753601,DN14 6YR,D,Y,0,No,3,3
64342BFF-326E-422C-E053-6C04A8C0FB8A,31/10/2017,2017,264995,5.42323768,DN14 9BP,D,Y,0,No,3,3
64342BFF-3270-422C-E053-6C04A8C0FB8A,17/11/2017,2017,225000,5.352182518,DN14 6YR,D,Y,0,No,3,3
64342BFF-3281-422C-E053-6C04A8C0FB8A,24/11/2017,2017,219995,5.34241281,DN14 9BP,D,Y,0,No,3,3
64342BFF-3284-422C-E053-6C04A8C0FB8A,23/11/2017,2017,222995,5.348295125,DN14 9BP,D,Y,0,No,3,3
64342BFF-3287-422C-E053-6C04A8C0FB8A,30/11/2017,2017,279995,5.447150276,DN14 9BP,D,Y,0,No,3,3
64342BFF-3288-422C-E053-6C04A8C0FB8A,30/11/2017,2017,249995,5.397931323,DN14 9BP,D,Y,0,No,3,3
656D09EE-5235-4E2A-9D2C-A9CE007174FA,12/12/2014,2014,150000,5.176091259,DN8 5QN,D,N,0,No,3,2
658F0681-2C22-407C-8D3E-4DAB6E48F98E,25/05/2012,2012,235000,5.371067862,DN6 0HD,D,N,0,No,4,1
662796A3-1AB2-4417-8978-1B2EC2705A9A,07/12/2012,2012,287000,5.457881897,DN15 9HS,D,N,0,No,4,1
663BF65F-6790-4FD5-A0D2-DE2771201BEA,26/11/2012,2012,500000,5.698970004,DN14 7HJ,D,N,0,No,4,1
666758D6-E1DB-3363-E053-6B04A8C0D74E,24/11/2017,2017,240000,5.380211242,DN15 8JB,D,N,0,No,4,3
666758D7-29D1-3363-E053-6B04A8C0D74E,18/01/2018,2018,205000,5.311753861,YO8 8HD,D,N,0,No,4,3
666758D7-4F9A-3363-E053-6B04A8C0D74E,26/01/2018,2018,123500,5.091666958,DN7 4DS,D,N,0,No,4,3
666758D7-50BD-3363-E053-6B04A8C0D74E,15/12/2017,2017,290000,5.462397998,DN7 5LN,D,N,0,No,4,3
666758D7-5174-3363-E053-6B04A8C0D74E,29/01/2018,2018,270000,5.431363764,DN7 6EQ,D,N,0,No,4,3
666758D7-52A0-3363-E053-6B04A8C0D74E,22/01/2018,2018,144000,5.158362492,DN8 5RU,D,N,0,No,3,3
666758D7-5312-3363-E053-6B04A8C0D74E,05/02/2018,2018,120000,5.079181246,DN8 5NX,D,N,0,No,3,3
666758D7-53F2-3363-E053-6B04A8C0D74E,20/10/2017,2017,320000,5.505149978,DN8 5LE,D,N,0,No,3,3
666758D7-54F1-3363-E053-6B04A8C0D74E,29/09/2017,2017,146995,5.167302563,DN7 5PB,D,Y,0,No,4,3
666758D7-55A0-3363-E053-6B04A8C0D74E,15/12/2017,2017,168000,5.225309282,DN8 5EA,D,N,0,No,3,3
666758D7-55B4-3363-E053-6B04A8C0D74E,26/10/2017,2017,250000,5.397940009,DN7 6SF,D,N,0,No,4,3
666758D7-8A5A-3363-E053-6B04A8C0D74E,19/01/2018,2018,261000,5.416640507,DN14 0DR,D,N,0,No,4,3
666758D7-8B02-3363-E053-6B04A8C0D74E,21/12/2017,2017,342995,5.535287789,DN14 9FL,D,Y,0,No,3,3
666758D7-8B03-3363-E053-6B04A8C0D74E,22/12/2017,2017,279995,5.447150276,DN14 9FL,D,Y,0,No,3,3
666758D7-8B05-3363-E053-6B04A8C0D74E,22/12/2017,2017,289995,5.46239051,DN14 9FL,D,Y,0,No,3,3
666758D7-8B18-3363-E053-6B04A8C0D74E,21/12/2017,2017,279995,5.447150276,DN14 9FL,D,Y,0,No,3,3
666758D7-8B1F-3363-E053-6B04A8C0D74E,22/12/2017,2017,299995,5.477114016,DN14 9FL,D,Y,0,No,3,3
666B27E1-BBC8-44F6-B5B2-214BE17BE37C,02/02/2015,2015,285000,5.45484486,DN14 7QS,D,N,0,No,4,2
6715D0BA-76DD-4E60-B183-2D9EE8C1A26D,02/05/2012,2012,235000,5.371067862,DN15 8EH,D,N,0,No,4,1
675E458D-E801-460B-A834-F691F80A5291,24/07/2014,2014,214000,5.330413773,DN14 8LY,D,N,0,No,3,2
6777D1A9-9108-4E23-95B7-343EE1C40969,28/04/2014,2014,189950,5.278639298,DN14 5JU,D,N,0,No,3,2
67C1184F-C1AD-43E9-8AE1-34F368FC6C7E,16/03/2011,2011,135000,5.130333768,DN7 4ET,D,N,0,No,4,1
682B0C47-697F-4F84-938D-C71BC565DE99,28/05/2012,2012,312500,5.494850022,DN14 7LG,D,N,0,No,4,1
68C3E7E1-2560-40D6-914C-1AD69A5CFC85,31/07/2015,2015,200000,5.301029996,YO8 8JW,D,N,0,No,4,2
68EDCFC7-CA03-4099-A6D0-0DA6C2EE379A,27/03/2015,2015,148000,5.170261715,DN7 4NU,D,N,0,No,4,2
68FEB20B-88BC-38DA-E053-6C04A8C051AE,12/02/2018,2018,235000,5.371067862,DN14 0UG,D,N,0,No,4,3
68FEB20B-88C9-38DA-E053-6C04A8C051AE,27/02/2018,2018,195000,5.290034611,DN9 1NT,D,N,0,No,4,3
68FEB20B-89D3-38DA-E053-6C04A8C051AE,05/03/2018,2018,155000,5.190331698,DN9 1TJ,D,N,0,No,4,3
68FEB20B-89E9-38DA-E053-6C04A8C051AE,02/02/2018,2018,241500,5.382917135,DN14 7DY,D,N,0,No,3,3
68FEB20B-8A92-38DA-E053-6C04A8C051AE,23/02/2018,2018,170000,5.230448921,DN17 4NW,D,N,0,No,3,3
68FEB20B-8B62-38DA-E053-6C04A8C051AE,19/02/2018,2018,205000,5.311753861,DN15 9JA,D,N,0,No,4,3
68FEB20B-D2C1-38DA-E053-6C04A8C051AE,02/03/2018,2018,357500,5.553276046,YO8 8EW,D,N,0,No,4,3
68FEB20B-D40D-38DA-E053-6C04A8C051AE,02/03/2018,2018,215000,5.33243846,YO8 8JR,D,N,0,No,4,3
68FEB20B-D414-38DA-E053-6C04A8C051AE,02/03/2018,2018,205000,5.311753861,YO8 8EU,D,N,0,No,4,3
68FEB20B-D445-38DA-E053-6C04A8C051AE,26/01/2018,2018,235000,5.371067862,YO8 8ES,D,N,0,No,4,3
68FEB20B-D73B-38DA-E053-6C04A8C051AE,07/03/2018,2018,225000,5.352182518,DN14 9QP,D,N,0,No,4,3
68FEB20B-FC24-38DA-E053-6C04A8C051AE,19/01/2018,2018,120000,5.079181246,DN8 5RF,D,N,0,No,3,3
68FEB20B-FFA8-38DA-E053-6C04A8C051AE,08/02/2018,2018,127500,5.105510185,DN8 4SA,D,N,0,No,3,3
68FEB20C-001F-38DA-E053-6C04A8C051AE,01/12/2017,2017,295000,5.469822016,DN7 6NF,D,N,0,No,4,3
68FEB20C-002A-38DA-E053-6C04A8C051AE,07/12/2017,2017,274000,5.437750563,DN7 6SA,D,N,0,No,4,3
68FEB20C-00FE-38DA-E053-6C04A8C051AE,21/12/2017,2017,120995,5.082767424,DN7 5PU,D,Y,0,No,4,3
68FEB20C-39A6-38DA-E053-6C04A8C051AE,05/03/2018,2018,169000,5.227886705,DN14 0DH,D,N,0,No,4,3
68FEB20C-3A1E-38DA-E053-6C04A8C051AE,05/12/2017,2017,515000,5.711807229,DN14 8AA,D,N,0,No,2,3
68FEB20C-3A96-38DA-E053-6C04A8C051AE,27/02/2018,2018,251745,5.400960854,DN14 9BP,D,Y,0,No,3,3
69055B9C-A9E4-4D2D-8817-C9ADEAB4009E,23/01/2015,2015,354000,5.549003262,DN14 7JT,D,N,0,No,4,2
690F5DFA-F30A-4C07-8983-42B4C83391C3,30/08/2013,2013,183000,5.26245109,DN14 0UG,D,N,0,No,4,1
692788CA-4530-4205-84CB-24E82E158164,20/11/2013,2013,135000,5.130333768,HU15 2UG,D,N,0,No,4,1
69897377-B575-42DF-A715-2F40A99D5481,14/10/2011,2011,215000,5.33243846,DN14 9JQ,D,N,0,No,4,1
6A4038EE-8084-4FE2-BB6D-234233BAD0F3,10/05/2012,2012,136000,5.133538908,DN8 5RJ,D,N,0,No,4,1
6A5D2D7B-E9CA-4FAE-88DF-1ECA03616D6D,06/09/2013,2013,206000,5.31386722,DN14 8TL,D,N,0,No,3,1
6AB47CA4-4E6B-4036-B2AB-251A546B10F7,27/08/2014,2014,340000,5.531478917,DN14 9BL,D,N,0,No,4,2
6AE3654C-5773-4E8A-A87F-B2C9F0E74A80,02/04/2013,2013,147000,5.167317335,DN7 4QG,D,N,0,No,4,1
6B0E4AF6-E843-4D5A-9CE7-7B842B4897D9,27/05/2011,2011,188000,5.274157849,DN9 1NS,D,N,0,No,4,1
6B294B3F-7CE3-4F24-BA8A-D952D79BD512,20/02/2015,2015,180000,5.255272505,DN17 4NW,D,N,0,No,3,2
6B32222C-4A38-01F1-E053-6C04A8C0D2C8,23/03/2018,2018,140000,5.146128036,DN15 9DY,D,N,0,No,4,3
6B32222C-4A42-01F1-E053-6C04A8C0D2C8,23/03/2018,2018,225000,5.352182518,DN14 7LJ,D,N,0,No,4,3
6B32222C-4A59-01F1-E053-6C04A8C0D2C8,09/04/2018,2018,337500,5.528273777,DN14 8LY,D,N,0,No,3,3
6B32222C-4B2E-01F1-E053-6C04A8C0D2C8,29/03/2018,2018,174000,5.240549248,DN15 9ET,D,N,0,No,4,3
6B32222C-4B3D-01F1-E053-6C04A8C0D2C8,28/03/2018,2018,365000,5.562292864,DN15 8JB,D,N,0,No,4,3
6B32222C-8A1C-01F1-E053-6C04A8C0D2C8,12/04/2018,2018,240000,5.380211242,YO8 8ER,D,N,0,No,4,3
6B32222C-8A2C-01F1-E053-6C04A8C0D2C8,27/03/2018,2018,330000,5.51851394,YO8 6RA,D,N,0,No,4,3
6B32222C-8A52-01F1-E053-6C04A8C0D2C8,29/03/2018,2018,210000,5.322219295,YO8 8HW,D,N,0,No,4,3
6B32222C-B154-01F1-E053-6C04A8C0D2C8,22/12/2017,2017,120995,5.082767424,DN7 5PU,D,Y,0,No,4,3
6B32222C-B156-01F1-E053-6C04A8C0D2C8,21/12/2017,2017,114995,5.060678958,DN7 5PB,D,Y,0,No,4,3
6B32222C-E1DE-01F1-E053-6C04A8C0D2C8,29/03/2018,2018,247000,5.392696953,DN14 9JS,D,N,0,No,4,3
6B32222C-E237-01F1-E053-6C04A8C0D2C8,29/03/2018,2018,186500,5.270678836,DN14 7GA,D,N,0,No,4,3
6BB3DA37-D47A-4844-AF84-6A72C7ABB8B1,03/10/2014,2014,105000,5.021189299,DN15 8DY,D,N,0,No,4,2
6C189D1D-DFC4-4EE3-AAC3-8DDBA516AAD1,07/04/2014,2014,115000,5.06069784,DN14 7TZ,D,N,0,No,4,2
6C556FE6-4CD4-42A0-A6E6-DECFBDA7E5AD,25/01/2013,2013,99950,4.999782798,DN15 8DZ,D,N,0,No,4,1
6CB09CFE-5C3C-43AA-8DB8-78656C7305BD,14/02/2014,2014,245000,5.389166084,DN14 7DU,D,N,0,No,3,2
6CC46113-1E64-4F41-9D56-F359153C549F,25/02/2015,2015,199000,5.298853076,DN8 5AB,D,N,0,No,3,2
6CEEF38D-2FD0-4EEB-918E-887A4833ED6F,05/07/2011,2011,155000,5.190331698,DN14 5PJ,D,N,0,No,3,1
6D02DD97-FA97-43D3-A8B3-D17FD1374783,16/01/2012,2012,140000,5.146128036,DN14 7ST,D,N,0,No,4,1
6D1D2A8A-0CB6-4543-8E18-D99E132947F3,20/02/2013,2013,165000,5.217483944,YO8 8NJ,D,N,0,No,3,1
6D579FB2-06F2-4BEC-8DDB-E101FD4FE1AC,08/05/2015,2015,189000,5.276461804,DN8 5RJ,D,N,0,No,4,2
6DA08449-F9A1-30F2-E053-6B04A8C05F3B,04/05/2018,2018,415000,5.618048097,DN17 4PA,D,N,0,No,3,3
6DA08449-F9B8-30F2-E053-6B04A8C05F3B,27/04/2018,2018,205000,5.311753861,DN14 7SG,D,N,0,No,4,3
6DA08449-FA5C-30F2-E053-6B04A8C05F3B,01/05/2018,2018,380000,5.579783597,DN14 8LJ,D,N,0,No,3,3
6DA08449-FC6B-30F2-E053-6B04A8C05F3B,16/05/2018,2018,158000,5.198657087,DN17 4NY,D,N,0,No,3,3
6DA0844A-3F53-30F2-E053-6B04A8C05F3B,13/04/2018,2018,205000,5.311753861,DN14 9LP,D,N,0,No,4,3
6DA0844A-402F-30F2-E053-6B04A8C05F3B,09/05/2018,2018,155000,5.190331698,YO8 8JW,D,N,0,No,4,3
6DA0844A-4034-30F2-E053-6B04A8C05F3B,09/05/2018,2018,235000,5.371067862,DN14 9QF,D,N,0,No,4,3
6DA0844A-4100-30F2-E053-6B04A8C05F3B,23/02/2018,2018,240000,5.380211242,YO8 8HS,D,N,0,No,4,3
6DA0844A-4140-30F2-E053-6B04A8C05F3B,01/05/2018,2018,202500,5.306425028,DN14 9QR,D,N,0,No,4,3
6DA0844A-420B-30F2-E053-6B04A8C05F3B,12/04/2018,2018,186000,5.269512944,DN14 0QZ,D,N,0,No,4,3
6DA0844A-684C-30F2-E053-6B04A8C05F3B,19/01/2018,2018,155000,5.190331698,DN7 6HU,D,N,0,No,4,3
6DA0844A-69EC-30F2-E053-6B04A8C05F3B,27/04/2018,2018,146995,5.167302563,DN7 5PU,D,Y,0,No,4,3
6DA0844A-9E3F-30F2-E053-6B04A8C05F3B,27/04/2018,2018,447000,5.650307523,DN14 8QL,D,N,0,No,3,3
6DA0844A-9E72-30F2-E053-6B04A8C05F3B,27/04/2018,2018,245000,5.389166084,DN14 8TL,D,N,0,No,3,3
6DA0844A-9EC1-30F2-E053-6B04A8C05F3B,27/04/2018,2018,339000,5.530199698,DN14 8QR,D,N,0,No,3,3
6DA0844A-9EE0-30F2-E053-6B04A8C05F3B,06/04/2018,2018,172500,5.236789099,DN14 7SX,D,N,0,No,3,3
6DA0844A-9F26-30F2-E053-6B04A8C05F3B,26/03/2018,2018,254995,5.406531665,DN14 9BP,D,Y,0,No,3,3
6DA0844A-9F27-30F2-E053-6B04A8C05F3B,26/03/2018,2018,254995,5.406531665,DN14 9BP,D,Y,0,No,3,3
6DA0844A-9F49-30F2-E053-6B04A8C05F3B,04/05/2018,2018,192000,5.283301229,DN14 7DQ,D,N,0,No,3,3
6DBCE32A-3FD5-41C9-809A-BB83DFFA2510,11/05/2015,2015,127500,5.105510185,DN14 9DE,D,N,0,No,4,2
6DE15FAB-EAE2-4A66-9329-D5E7E8470F2D,07/05/2015,2015,250000,5.397940009,DN14 9NX,D,N,0,No,4,2
6DF83BBE-570A-484B-94DF-36ED4C1E404D,29/01/2014,2014,250000,5.397940009,DN14 7EU,D,N,0,No,3,2
6E662C5D-6C86-4D56-9C86-C013471A8F8D,19/07/2013,2013,125000,5.096910013,DN14 9LS,D,N,0,No,4,1
6E7FC78C-8FC6-48A3-B06B-9366E9BDC7B5,03/07/2012,2012,163000,5.212187604,DN7 5LS,D,N,0,No,4,1
6F070CDE-FB05-46B0-B754-F25EE159DA4F,08/03/2011,2011,220000,5.342422681,DN7 6AS,D,N,0,No,4,1
6F0BCE3F-E49F-4626-916F-0FF93A77C47E,15/06/2012,2012,250000,5.397940009,DN8 5SZ,D,N,0,No,4,1
7011B109-6FB9-8ED6-E053-6B04A8C075C1,14/05/2018,2018,550000,5.740362689,DN14 7QW,D,N,0,No,4,3
7011B109-7048-8ED6-E053-6B04A8C075C1,25/05/2018,2018,145000,5.161368002,DN15 9YF,D,N,0,No,4,3
7011B109-70A9-8ED6-E053-6B04A8C075C1,08/06/2018,2018,190000,5.278753601,DN14 7GA,D,N,0,No,4,3
7011B109-70CE-8ED6-E053-6B04A8C075C1,22/05/2018,2018,272500,5.435366507,DN17 4JR,D,N,0,No,3,3
7011B109-71F8-8ED6-E053-6B04A8C075C1,16/02/2018,2018,185000,5.267171728,DN15 9JA,D,N,0,No,4,3
7011B109-72AE-8ED6-E053-6B04A8C075C1,04/06/2018,2018,310000,5.491361694,DN14 8QT,D,N,0,No,3,3
7011B109-B7B3-8ED6-E053-6B04A8C075C1,20/04/2018,2018,179950,5.255151851,YO8 6UD,D,N,0,No,4,3
7011B109-B98D-8ED6-E053-6B04A8C075C1,21/05/2018,2018,240000,5.380211242,YO8 8EW,D,N,0,No,4,3
7011B109-B995-8ED6-E053-6B04A8C075C1,25/05/2018,2018,205000,5.311753861,DN14 0RF,D,N,0,No,4,3
7011B109-B9F3-8ED6-E053-6B04A8C075C1,21/05/2018,2018,365000,5.562292864,YO8 8HD,D,N,0,No,4,3
7011B109-BB85-8ED6-E053-6B04A8C075C1,18/05/2018,2018,195000,5.290034611,DN14 9QG,D,N,0,No,4,3
7011B109-BB98-8ED6-E053-6B04A8C075C1,27/04/2018,2018,149000,5.173186268,YO8 8HW,D,N,0,No,4,3
7011B109-DEE4-8ED6-E053-6B04A8C075C1,25/05/2018,2018,182000,5.260071388,DN7 6QS,D,N,0,No,4,3
7011B109-DFF8-8ED6-E053-6B04A8C075C1,08/06/2018,2018,130000,5.113943352,DN7 4EY,D,N,0,No,4,3
7011B109-E00E-8ED6-E053-6B04A8C075C1,25/05/2018,2018,163000,5.212187604,DN7 4EY,D,N,0,No,4,3
7011B109-E055-8ED6-E053-6B04A8C075C1,25/05/2018,2018,122000,5.086359831,DN7 4EY,D,N,0,No,4,3
7011B109-E139-8ED6-E053-6B04A8C075C1,08/06/2018,2018,322000,5.507855872,DN7 6QJ,D,N,0,No,4,3
7011B10A-19C1-8ED6-E053-6B04A8C075C1,24/05/2018,2018,417500,5.62065648,HU15 2SP,D,N,0,No,4,3
7011B10A-19C7-8ED6-E053-6B04A8C075C1,21/05/2018,2018,249995,5.397931323,DN14 9BP,D,Y,0,No,3,3
7011B10A-19E1-8ED6-E053-6B04A8C075C1,18/05/2018,2018,292995,5.466860209,DN14 9BP,D,Y,0,No,3,3
7011B10A-19EB-8ED6-E053-6B04A8C075C1,24/05/2018,2018,130000,5.113943352,HU15 2SU,D,N,0,No,4,3
703F4B55-DFF6-4A4E-9821-0B27FF891B39,10/11/2011,2011,102000,5.008600172,DN17 3JB,D,N,0,No,4,1
70734B0E-DC1F-43B6-99FA-F6BD7748D844,31/10/2014,2014,370000,5.568201724,DN14 9QS,D,N,0,No,4,2
70C90987-E6FA-4EAB-B3DD-B8F183E4F917,31/01/2011,2011,100000,5,YO8 6UD,D,N,0,No,4,1
70D8DED6-04D8-4022-B4CB-1281E3837960,11/04/2014,2014,242250,5.384263786,DN17 4TE,D,N,0,No,3,2
71108DC5-AA01-42B3-8FE8-575326533433,21/10/2013,2013,165000,5.217483944,DN7 6BP,D,Y,0,No,4,1
71D2993F-9861-4AB3-8AE2-BDC9F6F39FB1,13/09/2013,2013,199000,5.298853076,DN14 0RP,D,N,0,No,4,1
720FCC3D-F7EB-4F01-9CA0-9341CFBDC3A6,03/05/2013,2013,202500,5.306425028,DN14 5JT,D,N,0,No,3,1
726BF13A-D35F-0A46-E053-6C04A8C01D0D,29/06/2018,2018,395000,5.596597096,DN14 0AL,D,N,0,No,4,3
726BF13A-D360-0A46-E053-6C04A8C01D0D,18/07/2018,2018,225000,5.352182518,DN14 7LN,D,N,0,No,4,3
726BF13A-D38B-0A46-E053-6C04A8C01D0D,05/06/2018,2018,306000,5.485721426,DN15 9AD,D,N,0,No,4,3
726BF13A-D427-0A46-E053-6C04A8C01D0D,17/07/2018,2018,238000,5.376576957,DN15 9JG,D,N,0,No,4,3
726BF13A-D458-0A46-E053-6C04A8C01D0D,10/07/2018,2018,242500,5.384711743,DN14 7HR,D,N,0,No,4,3
726BF13A-D4F7-0A46-E053-6C04A8C01D0D,02/07/2018,2018,250000,5.397940009,DN17 3EY,D,N,0,No,4,3
726BF13A-D50F-0A46-E053-6C04A8C01D0D,21/06/2018,2018,260000,5.414973348,DN9 1QH,D,N,0,No,4,3
726BF13A-D551-0A46-E053-6C04A8C01D0D,21/06/2018,2018,222500,5.347330015,DN9 1FG,D,N,0,No,4,3
726BF13A-D67A-0A46-E053-6C04A8C01D0D,29/06/2018,2018,218000,5.338456494,DN15 9EQ,D,N,0,No,4,3
726BF13A-D694-0A46-E053-6C04A8C01D0D,20/07/2018,2018,180000,5.255272505,DN9 1NT,D,N,0,No,4,3
726BF13B-21BE-0A46-E053-6C04A8C01D0D,28/06/2018,2018,225000,5.352182518,DN14 9QL,D,N,0,No,4,3
726BF13B-2400-0A46-E053-6C04A8C01D0D,10/07/2018,2018,160000,5.204119983,YO8 8HW,D,N,0,No,4,3
726BF13B-249E-0A46-E053-6C04A8C01D0D,29/05/2018,2018,205000,5.311753861,DN14 9LS,D,N,0,No,4,3
726BF13B-259E-0A46-E053-6C04A8C01D0D,29/06/2018,2018,160000,5.204119983,DN14 9QQ,D,N,0,No,4,3
726BF13B-25D5-0A46-E053-6C04A8C01D0D,08/06/2018,2018,136000,5.133538908,DN14 9QB,D,N,0,No,4,3
726BF13B-4EF3-0A46-E053-6C04A8C01D0D,12/07/2018,2018,150000,5.176091259,DN8 5RE,D,N,0,No,3,3
726BF13B-4EFC-0A46-E053-6C04A8C01D0D,13/07/2018,2018,170500,5.231724383,DN7 4BX,D,N,0,No,4,3
726BF13B-50B2-0A46-E053-6C04A8C01D0D,28/06/2018,2018,125000,5.096910013,DN7 4EY,D,N,0,No,4,3
726BF13B-5392-0A46-E053-6C04A8C01D0D,25/05/2018,2018,122000,5.086359831,DN8 5JX,D,N,0,No,3,3
726BF13B-542F-0A46-E053-6C04A8C01D0D,29/06/2018,2018,520000,5.716003344,DN14 9BN,D,N,0,No,4,3
726BF13B-553C-0A46-E053-6C04A8C01D0D,29/06/2018,2018,175000,5.243038049,DN7 6QJ,D,N,0,No,4,3
726BF13B-92F1-0A46-E053-6C04A8C01D0D,18/05/2018,2018,302995,5.481435462,DN14 9BP,D,Y,0,No,3,3
726BF13B-93F8-0A46-E053-6C04A8C01D0D,22/06/2018,2018,200000,5.301029996,YO8 8HH,D,N,0,No,4,3
729B8D0F-51A6-4DAA-8C73-9BE99A2C68BA,12/06/2015,2015,215000,5.33243846,DN9 1QG,D,N,0,No,4,2
72DA1494-89C7-4452-A147-8DD26A4DC26A,25/11/2011,2011,161000,5.206825876,DN17 4NY,D,N,0,No,3,1
73DC6D11-5625-4F8E-9077-FE9808E616D1,25/11/2014,2014,400000,5.602059991,DN9 1QG,D,N,0,No,4,2
7421D52B-C813-4C00-A1A4-39EDF5127DCC,25/11/2011,2011,135000,5.130333768,DN8 5NX,D,N,0,No,3,1
7485B0F2-EFD9-4C02-AE88-64CED56639B0,21/10/2011,2011,155000,5.190331698,DN14 9QD,D,N,0,No,4,1
748A70D2-075B-4F3D-9259-66B1EC3EDBB0,23/06/2015,2015,405000,5.607455023,DN7 6HN,D,N,0,No,4,2
74AC2AF9-937C-4413-93E8-0730190FF80D,24/11/2014,2014,245000,5.389166084,DN7 6LP,D,N,0,No,4,2
75050A85-2D56-9A88-E053-6B04A8C02390,30/07/2018,2018,346000,5.539076099,DN14 7JB,D,N,0,No,4,3
75050A85-2D9F-9A88-E053-6B04A8C02390,17/07/2018,2018,299995,5.477114016,DN15 8JB,D,N,0,No,4,3
75050A85-2DB9-9A88-E053-6B04A8C02390,01/08/2018,2018,285500,5.455606113,DN17 4AD,D,N,0,No,4,3
75050A85-2F03-9A88-E053-6B04A8C02390,31/05/2018,2018,220000,5.342422681,DN9 1FG,D,N,0,No,4,3
75050A85-8309-9A88-E053-6B04A8C02390,20/08/2018,2018,205000,5.311753861,DN14 0BX,D,N,0,No,4,3
75050A85-84A6-9A88-E053-6B04A8C02390,16/04/2018,2018,150000,5.176091259,YO8 6QG,D,N,0,No,4,3
75050A85-8654-9A88-E053-6B04A8C02390,30/07/2018,2018,200000,5.301029996,DN14 0RT,D,N,0,No,4,3
75050A85-B1D6-9A88-E053-6B04A8C02390,26/07/2018,2018,240000,5.380211242,DN7 6NQ,D,N,0,No,4,3
75050A85-B22A-9A88-E053-6B04A8C02390,03/08/2018,2018,180000,5.255272505,DN7 6AH,D,N,0,No,4,3
75050A85-B416-9A88-E053-6B04A8C02390,26/07/2018,2018,164000,5.214843848,DN7 5JU,D,N,0,No,4,3
75050A85-B4C8-9A88-E053-6B04A8C02390,31/07/2018,2018,118000,5.071882007,DN8 5RU,D,N,0,No,3,3
75050A85-B80D-9A88-E053-6B04A8C02390,29/06/2018,2018,146995,5.167302563,DN7 5PU,D,Y,0,No,4,3
75050A85-B815-9A88-E053-6B04A8C02390,11/05/2018,2018,159000,5.201397124,DN8 5RN,D,N,0,No,3,3
75050A85-F6CD-9A88-E053-6B04A8C02390,18/07/2018,2018,235000,5.371067862,DN14 5NX,D,N,0,No,3,3
75050A85-F7CA-9A88-E053-6B04A8C02390,23/07/2018,2018,120000,5.079181246,DN14 0AR,D,N,0,No,4,3
75050A85-F7D0-9A88-E053-6B04A8C02390,22/06/2018,2018,155000,5.190331698,DN14 9DE,D,N,0,No,4,3
7512CE7B-80ED-4D40-9974-8AA34DD8ED47,14/05/2014,2014,124950,5.09673626,DN17 3JB,D,N,0,No,4,2
752E91BF-758B-46FC-AAFA-7A7DBDD5867A,03/08/2015,2015,180000,5.255272505,DN14 9JL,D,N,0,No,4,2
75A7ED1B-D3DE-464F-80A2-813722734467,09/08/2013,2013,190000,5.278753601,YO8 6DH,D,N,0,No,4,1
75D27062-9CA4-4D2C-815B-5A907073C30E,04/05/2012,2012,185000,5.267171728,DN7 6AG,D,N,0,No,4,1
75F737C7-33E3-47ED-AD06-3561D81E0A69,10/09/2013,2013,445000,5.648360011,YO8 6DH,D,N,0,No,4,1
7620D7D0-2E96-4185-AD94-D0EAAFD2552F,18/10/2013,2013,165000,5.217483944,DN14 9RT,D,N,0,No,4,1
7679ADA4-2BED-4688-A01B-56CA1516B993,10/02/2014,2014,187500,5.273001272,DN14 8NF,D,N,0,No,3,2
768E3C5E-8E14-45D2-A2A1-F32034E4F403,26/01/2011,2011,250000,5.397940009,YO8 8GZ,D,N,0,No,4,1
76D7EA71-4A1B-40CD-B6BC-868D5652D1DD,03/08/2012,2012,212500,5.327358934,YO8 6RA,D,N,0,No,4,1
77280F4C-67F8-4DA6-9BD7-C44B76E16954,17/02/2014,2014,196000,5.292256071,DN14 9QP,D,N,0,No,4,2
7731B9CD-868C-4132-B6AD-2860C3DABFE0,20/12/2013,2013,338000,5.5289167,DN14 0AL,D,N,0,No,4,1
773788C2-B25E-2CE4-E053-6C04A8C05E57,13/08/2018,2018,160000,5.204119983,DN9 1QU,D,N,0,No,4,3
773788C2-B2BF-2CE4-E053-6C04A8C05E57,16/08/2018,2018,300000,5.477121255,DN9 1QG,D,N,0,No,4,3
773788C2-B320-2CE4-E053-6C04A8C05E57,22/08/2018,2018,194000,5.28780173,DN14 7QS,D,N,0,No,4,3
773788C2-B32F-2CE4-E053-6C04A8C05E57,14/09/2018,2018,225000,5.352182518,DN15 8JB,D,N,0,No,4,3
AB1810C0-4D9E-46F2-9B2C-AB3C7D84D804,23/03/2012 00:00,2012,199995,5.301019138,DN9 1GX,D,Y,,,4,1
773788C2-B395-2CE4-E053-6C04A8C05E57,10/09/2018,2018,195000,5.290034611,DN14 9RA,D,N,0,No,3,3
773788C2-B416-2CE4-E053-6C04A8C05E57,10/08/2018,2018,378000,5.5774918,DN9 1NS,D,N,0,No,4,3
773788C2-B498-2CE4-E053-6C04A8C05E57,14/09/2018,2018,147500,5.16879202,DN17 3NB,D,N,0,No,4,3
773788C3-03D5-2CE4-E053-6C04A8C05E57,17/08/2018,2018,250000,5.397940009,YO8 8HD,D,N,0,No,4,3
773788C3-0692-2CE4-E053-6C04A8C05E57,21/06/2018,2018,224995,5.352172867,DN14 9FP,D,Y,0,No,4,3
773788C3-0739-2CE4-E053-6C04A8C05E57,13/08/2018,2018,302500,5.480725379,DN14 9LR,D,N,0,No,4,3
773788C3-073A-2CE4-E053-6C04A8C05E57,31/08/2018,2018,265000,5.423245874,YO8 6NH,D,N,0,No,4,3
773788C3-32BA-2CE4-E053-6C04A8C05E57,24/08/2018,2018,134000,5.127104798,DN8 5QW,D,N,0,No,3,3
773788C3-3337-2CE4-E053-6C04A8C05E57,08/08/2018,2018,203000,5.307496038,DN7 6AF,D,N,0,No,4,3
773788C3-336D-2CE4-E053-6C04A8C05E57,28/06/2018,2018,155000,5.190331698,DN7 6RS,D,N,0,No,4,3
773788C3-3485-2CE4-E053-6C04A8C05E57,16/07/2018,2018,440000,5.643452676,DN8 5SA,D,N,0,No,4,3
773788C3-3627-2CE4-E053-6C04A8C05E57,31/08/2018,2018,185000,5.267171728,DN8 4BD,D,N,0,No,3,3
773788C3-36BE-2CE4-E053-6C04A8C05E57,09/08/2018,2018,264000,5.421603927,DN7 6PA,D,N,0,No,4,3
773788C3-3790-2CE4-E053-6C04A8C05E57,28/06/2018,2018,250000,5.397940009,DN8 5LA,D,N,0,No,3,3
773788C3-7545-2CE4-E053-6C04A8C05E57,30/08/2018,2018,290000,5.462397998,DN14 9EF,D,N,0,No,3,3
773788C3-7565-2CE4-E053-6C04A8C05E57,17/08/2018,2018,254500,5.405687787,DN14 8TL,D,N,0,No,3,3
773788C3-7579-2CE4-E053-6C04A8C05E57,20/08/2018,2018,195000,5.290034611,HU15 2YE,D,N,0,No,4,3
773788C3-75E1-2CE4-E053-6C04A8C05E57,20/08/2018,2018,245000,5.389166084,HU15 2GF,D,N,0,No,4,3
77606865-5254-4AE7-939B-2356132D0674,08/07/2015,2015,135000,5.130333768,DN14 9QD,D,N,0,No,4,2
7785BD18-2427-45CD-B517-AE821329260C,12/12/2013,2013,170000,5.230448921,YO8 8HH,D,N,0,No,4,1
78A0309C-AE0F-4C72-A4BE-861179131FD6,24/07/2014,2014,169000,5.227886705,DN14 9QH,D,N,0,No,4,2
78F30D3E-7114-41A7-94AF-AF708FAD29A0,30/04/2015,2015,194995,5.290023475,YO8 8HP,D,N,0,No,4,2
79A74E21-A2BA-1289-E053-6B04A8C01627,28/09/2018,2018,125000,5.096910013,HU15 2TT,D,N,0,No,4,3
79A74E21-A31F-1289-E053-6B04A8C01627,28/09/2018,2018,230000,5.361727836,DN15 9HY,D,N,0,No,4,3
79A74E21-A3B2-1289-E053-6B04A8C01627,19/10/2018,2018,230000,5.361727836,DN15 9AB,D,N,0,No,4,3
79A74E21-A3C3-1289-E053-6B04A8C01627,03/10/2018,2018,161500,5.208172527,DN15 8DY,D,N,0,No,4,3
79A74E21-A40C-1289-E053-6B04A8C01627,28/09/2018,2018,228600,5.359076226,DN9 1FG,D,N,0,No,4,3
79A74E21-A554-1289-E053-6B04A8C01627,04/09/2018,2018,162500,5.210853365,DN15 9EH,D,N,0,No,4,3
79A74E21-F9A7-1289-E053-6B04A8C01627,21/09/2018,2018,181000,5.257678575,DN14 9PN,D,N,0,No,4,3
79A74E21-FA21-1289-E053-6B04A8C01627,04/10/2018,2018,520000,5.716003344,YO8 8EG,D,N,0,No,4,3
79A74E21-FBCE-1289-E053-6B04A8C01627,14/09/2018,2018,250000,5.397940009,YO8 8EW,D,N,0,No,4,3
79A74E21-FC23-1289-E053-6B04A8C01627,10/10/2018,2018,172000,5.235528447,DN14 9QF,D,N,0,No,4,3
79A74E21-FD1E-1289-E053-6B04A8C01627,27/06/2018,2018,256995,5.409924674,DN14 9FP,D,Y,0,No,4,3
79A74E21-FD36-1289-E053-6B04A8C01627,29/06/2018,2018,255995,5.408231483,DN14 9FP,D,Y,0,No,4,3
79A74E21-FD55-1289-E053-6B04A8C01627,03/08/2018,2018,279995,5.447150276,DN14 9FP,D,Y,0,No,4,3
79A74E21-FD83-1289-E053-6B04A8C01627,28/09/2018,2018,200000,5.301029996,DN14 9FR,D,Y,0,No,4,3
79A74E21-FE5E-1289-E053-6B04A8C01627,29/08/2018,2018,200000,5.301029996,YO8 8HP,D,N,0,No,4,3
79A74E22-2C62-1289-E053-6B04A8C01627,12/10/2018,2018,320000,5.505149978,DN7 5JT,D,N,0,No,4,3
79A74E22-2DAF-1289-E053-6B04A8C01627,12/09/2018,2018,217500,5.337459261,DN8 5LE,D,N,0,No,3,3
79A74E22-2E6A-1289-E053-6B04A8C01627,04/09/2018,2018,225000,5.352182518,DN8 4AX,D,N,0,No,3,3
79A74E22-2E6E-1289-E053-6B04A8C01627,07/09/2018,2018,170500,5.231724383,DN8 5EE,D,N,0,No,3,3
79A74E22-2E98-1289-E053-6B04A8C01627,03/09/2018,2018,172000,5.235528447,DN7 6AQ,D,N,0,No,4,3
79A74E22-2FF2-1289-E053-6B04A8C01627,26/09/2018,2018,282000,5.450249108,DN6 0HB,D,N,0,No,4,3
79A74E22-7708-1289-E053-6B04A8C01627,14/09/2018,2018,285000,5.45484486,DN14 7LT,D,N,0,No,4,3
79A74E22-7720-1289-E053-6B04A8C01627,17/10/2018,2018,155000,5.190331698,HU15 2TY,D,N,0,No,4,3
79A74E22-7735-1289-E053-6B04A8C01627,19/09/2018,2018,220000,5.342422681,DN14 9QN,D,N,0,No,3,3
79A74E22-775C-1289-E053-6B04A8C01627,14/09/2018,2018,275000,5.439332694,DN14 9FD,D,N,0,No,4,3
79A74E22-779D-1289-E053-6B04A8C01627,26/09/2018,2018,300000,5.477121255,DN14 0AU,D,N,0,No,4,3
B01F8B52-8DF6-4033-A762-DBC2137C7F8E,29/06/2012 00:00,2012,225000,5.352182518,DN9 1GX,D,Y,,,4,1
79A74E22-779F-1289-E053-6B04A8C01627,22/08/2018,2018,170000,5.230448921,HU15 2UL,D,N,0,No,4,3
7A73F546-E1CA-4672-BC37-15198AA9AC28,20/06/2014,2014,165000,5.217483944,DN7 4DR,D,N,0,No,4,2
7AC91E63-CE57-4B04-ACD5-6F8ED6ACEA58,20/05/2011,2011,80000,4.903089987,DN7 6HU,D,N,0,No,4,1
7ADA79B1-282C-4FB6-9377-86C13A11F2AC,22/11/2013,2013,165000,5.217483944,DN14 9JS,D,N,0,No,4,1
7AEB855D-D9D5-4EF0-88FA-369433B5ED57,22/11/2013,2013,358000,5.553883027,DN14 7GY,D,Y,0,No,4,1
7B40A535-A4F9-4AF4-91EA-0F9BF7491D81,14/04/2015,2015,187720,5.273510546,DN17 4JR,D,N,0,No,3,2
7B9B9D50-0B8A-44A9-A088-A9C9944A9734,28/04/2011,2011,499950,5.698926573,DN17 4BN,D,N,0,No,3,1
7BB550A9-968B-4B40-B4BB-BB0C44B869A3,30/11/2012,2012,192500,5.284430734,DN14 7QD,D,N,0,No,4,1
7C2D0700-26CD-4963-E053-6B04A8C07B97,09/11/2018,2018,155000,5.190331698,DN9 1QU,D,N,0,No,4,3
7C2D0700-26D1-4963-E053-6B04A8C07B97,22/10/2018,2018,420000,5.62324929,YO8 6DH,D,N,0,No,4,3
7C2D0700-272A-4963-E053-6B04A8C07B97,09/11/2018,2018,210000,5.322219295,DN14 9LJ,D,N,0,No,4,3
7C2D0700-27D6-4963-E053-6B04A8C07B97,02/11/2018,2018,215000,5.33243846,DN14 7JW,D,N,0,No,4,3
7C2D0700-2869-4963-E053-6B04A8C07B97,25/10/2018,2018,275000,5.439332694,DN17 4JR,D,N,0,No,3,3
7C2D0700-7DCD-4963-E053-6B04A8C07B97,09/11/2018,2018,228000,5.357934847,DN14 9SA,D,N,0,No,4,3
7C2D0700-7EA1-4963-E053-6B04A8C07B97,22/10/2018,2018,250000,5.397940009,YO8 6UG,D,N,0,No,4,3
7C2D0700-7F46-4963-E053-6B04A8C07B97,19/10/2018,2018,375500,5.574609941,YO8 6QG,D,N,0,No,4,3
7C2D0700-7F57-4963-E053-6B04A8C07B97,23/11/2018,2018,220000,5.342422681,DN14 9LU,D,N,0,No,4,3
7C2D0700-8026-4963-E053-6B04A8C07B97,06/11/2018,2018,161000,5.206825876,YO8 8JW,D,N,0,No,4,3
B2545220-79D8-4954-8262-AEE2F809B0FF,29/06/2012 00:00,2012,445000,5.648360011,DN9 1JL,D,N,,,4,1
7C2D0700-821A-4963-E053-6B04A8C07B97,22/10/2018,2018,370000,5.568201724,DN14 9NL,D,N,0,No,4,3
7C2D0700-AE58-4963-E053-6B04A8C07B97,06/11/2018,2018,140000,5.146128036,DN7 4JL,D,N,0,No,4,3
7C2D0700-AF03-4963-E053-6B04A8C07B97,02/11/2018,2018,227000,5.356025857,DN7 6AF,D,N,0,No,4,3
7C2D0700-B0C0-4963-E053-6B04A8C07B97,29/10/2018,2018,215000,5.33243846,DN7 6JT,D,N,0,No,4,3
7C2D0700-B135-4963-E053-6B04A8C07B97,08/10/2018,2018,201000,5.303196057,DN8 4JA,D,N,0,No,3,3
7C2D0700-B369-4963-E053-6B04A8C07B97,04/10/2018,2018,128000,5.10720997,DN8 5RS,D,N,0,No,3,3
7C2D0700-B38E-4963-E053-6B04A8C07B97,24/10/2018,2018,130500,5.115610512,DN8 5RE,D,N,0,No,3,3
7C2D0700-F482-4963-E053-6B04A8C07B97,12/11/2018,2018,276000,5.440909082,DN14 7LJ,D,N,0,No,4,3
7C2D0700-F506-4963-E053-6B04A8C07B97,15/11/2018,2018,345000,5.537819095,DN14 7GW,D,N,0,No,3,3
7C2D0700-F521-4963-E053-6B04A8C07B97,12/11/2018,2018,245000,5.389166084,DN14 6NF,D,N,0,No,3,3
7C2D0700-F585-4963-E053-6B04A8C07B97,19/10/2018,2018,185000,5.267171728,HU15 2UL,D,N,0,No,4,3
7C39F91B-E146-4CBA-886B-84E9DF5A753D,11/06/2014,2014,249950,5.397853141,DN7 6PA,D,N,0,No,4,2
7CA64C3A-2A92-4B20-8C9E-8A86C83DA282,09/09/2014,2014,69000,4.838849091,DN15 9JN,D,N,0,No,4,2
7CC0E3DA-16CB-4A7A-9531-1B260D3264F0,07/09/2012,2012,235000,5.371067862,YO8 6RA,D,N,0,No,4,1
7CCE3CEB-276F-4E58-87C3-DAA23C0344A1,27/02/2015,2015,445000,5.648360011,DN7 6HN,D,N,0,No,4,2
7DBEC2A7-67A9-4AEA-8070-92D0FABE318E,13/11/2014,2014,145000,5.161368002,DN17 4BG,D,N,0,No,3,2
7E11117F-9F23-411C-B02E-514F635626DF,01/09/2014,2014,195000,5.290034611,DN14 5NX,D,N,0,No,3,2
7E38D542-92EF-44E4-B829-694B806810BF,01/09/2014,2014,185000,5.267171728,DN14 8NQ,D,N,0,No,3,2
7E656491-ECFB-45D0-A365-AFF493F5D1A4,25/09/2015,2015,250000,5.397940009,DN14 0RP,D,N,0,No,4,2
7E86B6FA-E4A7-458C-E053-6B04A8C0C84C,24/10/2018,2018,345000,5.537819095,DN14 0DL,D,N,0,No,4,3
7E86B6FA-E501-458C-E053-6B04A8C0C84C,21/11/2018,2018,155000,5.190331698,HU15 2SU,D,N,0,No,4,3
7E86B6FA-E545-458C-E053-6B04A8C0C84C,04/12/2018,2018,405000,5.607455023,DN15 9JN,D,N,0,No,4,3
7E86B6FA-E56F-458C-E053-6B04A8C0C84C,23/11/2018,2018,140000,5.146128036,DN17 4HL,D,N,0,No,3,3
7E86B6FA-E656-458C-E053-6B04A8C0C84C,16/11/2018,2018,199950,5.300921408,DN15 9JN,D,N,0,No,4,3
7E86B6FA-E6A3-458C-E053-6B04A8C0C84C,23/11/2018,2018,249900,5.397766256,DN14 8NF,D,N,0,No,3,3
7E86B6FB-3034-458C-E053-6B04A8C0C84C,30/11/2018,2018,186000,5.269512944,DN14 9PD,D,N,0,No,4,3
7E86B6FB-3107-458C-E053-6B04A8C0C84C,02/11/2018,2018,279995,5.447150276,DN14 9FR,D,Y,0,No,4,3
7E86B6FB-310B-458C-E053-6B04A8C0C84C,12/10/2018,2018,262995,5.419947492,DN14 9FR,D,Y,0,No,4,3
7E86B6FB-3142-458C-E053-6B04A8C0C84C,30/11/2018,2018,289995,5.46239051,DN14 9FR,D,Y,0,No,4,3
7E86B6FB-322C-458C-E053-6B04A8C0C84C,09/11/2018,2018,190000,5.278753601,DN14 9NZ,D,N,0,No,4,3
7E86B6FB-5A03-458C-E053-6B04A8C0C84C,15/11/2018,2018,169000,5.227886705,DN7 5SB,D,N,0,No,4,3
7E86B6FB-5BDC-458C-E053-6B04A8C0C84C,02/11/2018,2018,178000,5.250420002,DN8 5RF,D,N,0,No,3,3
7E86B6FB-95D9-458C-E053-6B04A8C0C84C,19/11/2018,2018,243000,5.385606274,DN14 8TL,D,N,0,No,3,3
7E86B6FB-9640-458C-E053-6B04A8C0C84C,30/11/2018,2018,178000,5.250420002,DN14 9LH,D,N,0,No,4,3
7E86B6FB-966D-458C-E053-6B04A8C0C84C,19/11/2018,2018,225000,5.352182518,DN14 9RA,D,N,0,No,3,3
7F803D63-A70E-4EA6-A755-A52B5D7C6144,14/09/2011,2011,170000,5.230448921,DN15 9HP,D,N,0,No,4,1
7FB9E3AE-7B7C-43A1-ABA3-6EF1B17535BE,08/07/2011,2011,154950,5.190191581,DN17 4BG,D,N,0,No,3,1
7FDF0054-D912-4C58-88C2-8192B510C870,16/03/2015,2015,150000,5.176091259,DN15 9JD,D,N,0,No,4,2
8058DC72-FA86-446B-9941-DD7DA0DF7772,11/05/2015,2015,225000,5.352182518,DN14 9TB,D,N,0,No,4,2
806633D7-2D3C-47FE-926A-6B5A571AFDB0,08/05/2015,2015,191000,5.281033367,YO8 8HH,D,N,0,No,4,2
807B3969-51B7-4883-8C5B-9E9624367386,26/09/2014,2014,400000,5.602059991,DN15 9JG,D,N,0,No,4,2
80B53F7E-E7D3-4BD9-9E25-DFC856D95FB4,20/12/2012,2012,217000,5.336459734,YO8 8ED,D,N,0,No,4,1
80E1AA97-A492-7BF8-E053-6C04A8C00BF2,17/01/2019,2019,262000,5.418301291,DN17 4AX,D,N,0,No,4,3
80E1AA98-287C-7BF8-E053-6C04A8C00BF2,07/12/2018,2018,411000,5.613841822,DN14 0DP,D,N,0,No,4,3
80E1AA98-2883-7BF8-E053-6C04A8C00BF2,14/12/2018,2018,195000,5.290034611,DN9 1NT,D,N,0,No,4,3
80E1AA98-2A7B-7BF8-E053-6C04A8C00BF2,07/01/2019,2019,208000,5.318063335,DN9 1FG,D,N,0,No,4,3
80E1AA98-2B5C-7BF8-E053-6C04A8C00BF2,11/09/2018,2018,261131,5.416858432,DN15 9DE,D,N,0,No,4,3
80E1AA98-7BAF-7BF8-E053-6C04A8C00BF2,19/10/2018,2018,220000,5.342422681,YO8 8RA,D,N,0,No,4,3
80E1AA98-7CFA-7BF8-E053-6C04A8C00BF2,04/01/2019,2019,320000,5.505149978,YO8 8NJ,D,N,0,No,3,3
80E1AA98-7D20-7BF8-E053-6C04A8C00BF2,14/12/2018,2018,222500,5.347330015,YO8 8LX,D,N,0,No,4,3
80E1AA98-7EA2-7BF8-E053-6C04A8C00BF2,30/11/2018,2018,279995,5.447150276,DN14 9FP,D,Y,0,No,4,3
80E1AA98-7EFF-7BF8-E053-6C04A8C00BF2,19/12/2018,2018,249995,5.397931323,DN14 9FR,D,Y,0,No,4,3
80E1AA98-A831-7BF8-E053-6C04A8C00BF2,07/01/2019,2019,215000,5.33243846,DN8 5QP,D,N,0,No,3,3
80E1AA98-A8CC-7BF8-E053-6C04A8C00BF2,11/12/2018,2018,280000,5.447158031,DN7 5SU,D,N,0,No,4,3
80E1AA98-A9C4-7BF8-E053-6C04A8C00BF2,21/12/2018,2018,218500,5.339451441,DN8 4JB,D,N,0,No,3,3
80E1AA98-AA31-7BF8-E053-6C04A8C00BF2,14/12/2018,2018,170000,5.230448921,DN7 6AQ,D,N,0,No,4,3
80E1AA98-AD50-7BF8-E053-6C04A8C00BF2,07/12/2018,2018,230000,5.361727836,DN8 4SA,D,N,0,No,3,3
80E1AA98-ECD6-7BF8-E053-6C04A8C00BF2,21/01/2019,2019,265000,5.423245874,DN14 0DP,D,N,0,No,4,3
80E1AA98-ED2B-7BF8-E053-6C04A8C00BF2,13/11/2018,2018,344995,5.537812801,DN14 9FN,D,Y,0,No,4,3
80E1AA98-ED8B-7BF8-E053-6C04A8C00BF2,21/01/2019,2019,218300,5.339053736,DN14 5JT,D,N,0,No,3,3
80E1AA98-EDEB-7BF8-E053-6C04A8C00BF2,12/11/2018,2018,195000,5.290034611,DN7 6AQ,D,N,0,No,4,3
81112395-2C2F-4473-9BB2-75CB693A917B,21/11/2013,2013,310000,5.491361694,DN14 7BW,D,N,0,No,4,1
81EA44FD-058D-49AC-9B2E-4ACADA70D2E2,26/10/2012,2012,400000,5.602059991,DN7 6HN,D,N,0,No,4,1
BA3C0DC2-5BBB-440C-A755-EE4001D5C8F8,18/05/2011 00:00,2011,226000,5.354108439,DN9 1JN,D,N,,,4,1
82150D86-FE79-4B21-A48A-ACAB7027CB07,29/05/2015,2015,220000,5.342422681,DN14 8TP,D,N,0,No,3,2
8255DB6F-FCC2-4DC7-9674-15EC29B5ED5B,31/03/2014,2014,249999,5.397938271,DN14 9EG,D,N,0,No,3,2
82B39801-DC52-4EE0-8FD1-D6A84CCFA06B,17/04/2014,2014,225000,5.352182518,DN8 4JG,D,N,0,No,3,2
82B534C4-1957-449D-A691-8B0C96023F91,12/12/2014,2014,170000,5.230448921,DN7 6AH,D,N,0,No,4,2
82F66C5A-BA62-4745-B461-CDAD0418EEE7,21/01/2011,2011,240000,5.380211242,DN14 9NP,D,N,0,No,4,1
83269A5E-C88D-4008-9693-6868F1C462AF,15/07/2015,2015,350000,5.544068044,DN14 9FG,D,N,0,No,3,2
8355F009-0BE7-55C5-E053-6B04A8C0D090,09/01/2019,2019,158000,5.198657087,DN17 4NY,D,N,0,No,3,3
8355F009-0C44-55C5-E053-6B04A8C0D090,15/02/2019,2019,235000,5.371067862,DN9 1PE,D,N,0,No,4,3
8355F009-0CEE-55C5-E053-6B04A8C0D090,08/02/2019,2019,172500,5.236789099,DN9 1QG,D,N,0,No,4,3
8355F009-0D43-55C5-E053-6B04A8C0D090,08/02/2019,2019,117000,5.068185862,DN17 3JB,D,N,0,No,4,3
8355F009-0DB4-55C5-E053-6B04A8C0D090,11/01/2019,2019,480000,5.681241237,DN9 1QG,D,N,0,No,4,3
8355F009-4F9F-55C5-E053-6B04A8C0D090,18/01/2019,2019,227000,5.356025857,DN14 9QZ,D,N,0,No,4,3
8355F009-50B1-55C5-E053-6B04A8C0D090,31/01/2019,2019,340000,5.531478917,YO8 8JW,D,N,0,No,4,3
8355F009-50C1-55C5-E053-6B04A8C0D090,30/01/2019,2019,307500,5.48784512,YO8 6QG,D,N,0,No,4,3
8355F009-50C6-55C5-E053-6B04A8C0D090,28/01/2019,2019,230000,5.361727836,DN14 9QP,D,N,0,No,4,3
8355F009-5332-55C5-E053-6B04A8C0D090,15/02/2019,2019,175000,5.243038049,YO8 6NH,D,N,0,No,4,3
8355F009-5389-55C5-E053-6B04A8C0D090,25/01/2019,2019,185000,5.267171728,YO8 6PW,D,N,0,No,4,3
8355F009-74B4-55C5-E053-6B04A8C0D090,24/01/2019,2019,230000,5.361727836,DN8 5EL,D,N,0,No,3,3
8355F009-74F3-55C5-E053-6B04A8C0D090,11/01/2019,2019,337000,5.527629901,DN7 6RS,D,N,0,No,4,3
8355F009-763D-55C5-E053-6B04A8C0D090,21/02/2019,2019,120000,5.079181246,DN7 4NW,D,N,0,No,4,3
8355F009-7661-55C5-E053-6B04A8C0D090,18/01/2019,2019,250000,5.397940009,DN8 4AX,D,N,0,No,3,3
8355F009-76F2-55C5-E053-6B04A8C0D090,24/01/2019,2019,141000,5.149219113,DN7 5BJ,D,N,0,No,4,3
8355F009-77B2-55C5-E053-6B04A8C0D090,25/01/2019,2019,185000,5.267171728,DN7 4DS,D,N,0,No,4,3
8355F009-7A0F-55C5-E053-6B04A8C0D090,21/01/2019,2019,170000,5.230448921,DN8 5RP,D,N,0,No,3,3
8355F009-AE0E-55C5-E053-6B04A8C0D090,25/01/2019,2019,315000,5.498310554,DN14 7FD,D,N,0,No,4,3
8355F009-AE1F-55C5-E053-6B04A8C0D090,14/02/2019,2019,255000,5.40654018,DN14 8TP,D,N,0,No,3,3
8355F009-AF04-55C5-E053-6B04A8C0D090,21/11/2018,2018,307995,5.488543666,DN14 9FN,D,Y,0,No,4,3
83BEC09D-A63E-4C2E-83A4-9D7D7DFF2A22,03/08/2012,2012,125000,5.096910013,DN7 4NW,D,N,0,No,4,1
83C34614-854B-4D93-B516-FC30CCDB7B02,18/09/2012,2012,155000,5.190331698,DN7 5LN,D,N,0,No,4,1
83C91117-AAFD-4E17-A48A-6626B23DCE7B,21/11/2013,2013,142000,5.152288344,DN7 6PA,D,N,0,No,4,1
83D23070-5BE6-4B8F-9C9A-D21B57A179BA,12/08/2014,2014,272500,5.435366507,DN14 7FD,D,N,0,No,4,2
842CBA5D-33B5-4E2F-99AC-8ABEE701E027,10/08/2012,2012,165000,5.217483944,DN14 9PB,D,N,0,No,4,1
843F9900-709A-4935-BCED-5F05FCEC7472,01/04/2011,2011,125000,5.096910013,DN14 9QR,D,N,0,No,4,1
84418C18-4AFD-4465-BAB1-8DB9457AE4C1,14/03/2014,2014,149995,5.176076782,DN14 9QZ,D,N,0,No,4,2
84647CEC-5B63-42F9-8490-5CB0B477E692,10/01/2014,2014,152500,5.183269844,HU15 2UG,D,N,0,No,4,2
84766706-9FA1-42A9-ACC4-63B760ABA67C,22/04/2013,2013,189000,5.276461804,DN14 7JB,D,N,0,No,4,1
849C2F04-4DC3-4190-A361-55D0D38E1642,31/10/2013,2013,150000,5.176091259,DN15 9JN,D,N,0,No,4,1
84AD1D6E-B6C3-4552-98B1-79791F0A0067,21/09/2012,2012,156250,5.193820026,DN14 7GH,D,N,0,No,3,1
84C9F6B1-5D74-4302-83F8-C7B782789672,31/05/2013,2013,200000,5.301029996,YO8 8HS,D,N,0,No,4,1
8565B2BB-3759-438F-A248-433F0F6484E5,12/07/2011,2011,230000,5.361727836,DN14 9SA,D,N,0,No,4,1
8569E130-09D6-4E71-A460-F40A6E9F191E,21/11/2014,2014,167000,5.222716471,DN14 9QZ,D,N,0,No,4,2
85866A64-D061-143F-E053-6B04A8C06A15,07/03/2019,2019,428000,5.631443769,YO8 6DH,D,N,0,No,4,3
85866A64-D20E-143F-E053-6B04A8C06A15,31/01/2019,2019,102000,5.008600172,DN17 4PA,D,N,0,No,3,3
85866A65-199B-143F-E053-6B04A8C06A15,08/03/2019,2019,200000,5.301029996,DN14 9PE,D,N,0,No,4,3
85866A65-1B6E-143F-E053-6B04A8C06A15,01/03/2019,2019,235000,5.371067862,YO8 8ED,D,N,0,No,4,3
85866A65-1D44-143F-E053-6B04A8C06A15,08/02/2019,2019,259995,5.414964996,DN14 9FR,D,Y,0,No,4,3
85866A65-1D72-143F-E053-6B04A8C06A15,22/02/2019,2019,279995,5.447150276,DN14 9FS,D,Y,0,No,4,3
85866A65-1DD9-143F-E053-6B04A8C06A15,01/03/2019,2019,170000,5.230448921,YO8 8NJ,D,N,0,No,3,3
85866A65-4183-143F-E053-6B04A8C06A15,20/03/2019,2019,140000,5.146128036,DN8 5YP,D,N,0,No,4,3
85866A65-4290-143F-E053-6B04A8C06A15,01/03/2019,2019,375000,5.574031268,DN7 6HB,D,N,0,No,4,3
85866A65-4687-143F-E053-6B04A8C06A15,05/11/2018,2018,275000,5.439332694,DN8 5LE,D,Y,0,No,3,3
85866A65-7D35-143F-E053-6B04A8C06A15,27/02/2019,2019,439000,5.64246452,YO8 6DH,D,N,0,No,4,3
85866A65-7D49-143F-E053-6B04A8C06A15,21/02/2019,2019,439000,5.64246452,DN14 8ER,D,N,0,No,3,3
85866A65-7D73-143F-E053-6B04A8C06A15,08/03/2019,2019,350000,5.544068044,DN14 7SJ,D,N,0,No,4,3
85866A65-7DCA-143F-E053-6B04A8C06A15,28/02/2019,2019,231995,5.365478625,DN14 9BP,D,Y,0,No,3,3
85866A65-7DE1-143F-E053-6B04A8C06A15,22/02/2019,2019,304995,5.48429272,DN14 9BP,D,Y,0,No,3,3
85CEA97B-E127-4146-8FD1-10B518268356,13/10/2014,2014,190500,5.27989498,DN14 8TN,D,N,0,No,3,2
85FB69CF-6E98-442A-A31A-664D1A01A292,13/11/2013,2013,124000,5.093421685,DN7 4EY,D,N,0,No,4,1
8613B0DF-1349-4A38-B0C0-A296995D8DB6,18/12/2014,2014,185000,5.267171728,YO8 8NF,D,N,0,No,3,2
861C7A22-30D5-4D9A-905B-48E32BC89AF9,20/03/2015,2015,150000,5.176091259,DN8 4AF,D,N,0,No,3,2
8716B85F-8526-41D2-A74D-AB7880E1C5FE,21/11/2014,2014,390000,5.591064607,HU15 2UU,D,N,0,No,4,2
873B9847-2D2C-4592-B679-1CA3960B152C,09/10/2013,2013,250000,5.397940009,DN14 5JT,D,N,0,No,3,1
8775B8E6-CC9B-4134-8DE9-FA5D765DF2C2,13/09/2012,2012,142000,5.152288344,DN14 0RF,D,N,0,No,4,1
87E1551E-3A01-6405-E053-6C04A8C0B2EE,05/04/2019,2019,203000,5.307496038,DN14 9EB,D,N,0,No,3,3
87E1551E-3A07-6405-E053-6C04A8C0B2EE,15/03/2019,2019,232000,5.365487985,DN9 1QG,D,N,0,No,4,3
87E1551E-3A57-6405-E053-6C04A8C0B2EE,26/03/2019,2019,270000,5.431363764,DN14 7JB,D,N,0,No,4,3
87E1551E-3ADC-6405-E053-6C04A8C0B2EE,15/02/2019,2019,140000,5.146128036,DN17 3NJ,D,N,0,No,4,3
87E1551E-3BA3-6405-E053-6C04A8C0B2EE,15/03/2019,2019,190000,5.278753601,DN15 9AD,D,N,0,No,4,3
87E1551E-7813-6405-E053-6C04A8C0B2EE,13/03/2019,2019,200000,5.301029996,DN14 9QH,D,N,0,No,4,3
87E1551E-7929-6405-E053-6C04A8C0B2EE,28/02/2019,2019,340000,5.531478917,YO8 8HD,D,N,0,No,4,3
87E1551E-797F-6405-E053-6C04A8C0B2EE,29/03/2019,2019,178000,5.250420002,DN14 9QG,D,N,0,No,4,3
87E1551E-798B-6405-E053-6C04A8C0B2EE,29/03/2019,2019,255000,5.40654018,DN14 9FQ,D,Y,0,No,4,3
87E1551E-98F6-6405-E053-6C04A8C0B2EE,18/04/2019,2019,150000,5.176091259,DN8 5RE,D,N,0,No,3,3
87E1551E-99DB-6405-E053-6C04A8C0B2EE,04/04/2019,2019,257000,5.409933123,DN7 6JJ,D,N,0,No,4,3
87E1551E-9B4F-6405-E053-6C04A8C0B2EE,29/03/2019,2019,105000,5.021189299,DN7 5LR,D,N,0,No,4,3
87E1551E-9CDE-6405-E053-6C04A8C0B2EE,12/04/2019,2019,120000,5.079181246,DN8 5RE,D,N,0,No,3,3
87E1551E-CA47-6405-E053-6C04A8C0B2EE,12/04/2019,2019,350000,5.544068044,DN14 0DL,D,N,0,No,4,3
87E1551E-CA61-6405-E053-6C04A8C0B2EE,29/03/2019,2019,314000,5.496929648,DN14 5PJ,D,N,0,No,3,3
87E1551E-CA66-6405-E053-6C04A8C0B2EE,29/03/2019,2019,490000,5.69019608,YO8 6DH,D,N,0,No,4,3
87E1551E-CACD-6405-E053-6C04A8C0B2EE,13/03/2019,2019,128000,5.10720997,DN14 5LT,D,N,0,No,3,3
87E1551E-CB05-6405-E053-6C04A8C0B2EE,29/03/2019,2019,224995,5.352172867,DN14 9FN,D,Y,0,No,4,3
87E1551E-CB08-6405-E053-6C04A8C0B2EE,17/04/2019,2019,415000,5.618048097,DN14 7JT,D,N,0,No,4,3
88A013EF-C0DD-4451-8BE9-897EA35F64DC,11/04/2014,2014,115000,5.06069784,DN7 5LP,D,N,0,No,4,2
88E75B26-E461-4955-95A9-4A928243A4C3,18/05/2012,2012,227000,5.356025857,YO8 6RA,D,N,0,No,4,1
89B108D7-BABD-41F9-894F-CCC95B24A19F,05/07/2012,2012,152000,5.181843588,DN14 7BW,D,N,0,No,4,1
89D95519-3FC5-4D3F-B87B-6E4420FA10A9,10/03/2011,2011,245000,5.389166084,YO8 8GZ,D,N,0,No,4,1
8A44C6A7-5A11-4E23-8ECA-97FD4FC695FB,14/08/2015,2015,299950,5.477048866,DN14 7DU,D,N,0,No,3,2
8A45AC4A-5CFE-45D2-A0DF-E839B935C5BB,02/07/2015,2015,142000,5.152288344,DN8 5RU,D,N,0,No,3,2
8A78B2AF-9F4C-5CB0-E053-6B04A8C0F504,03/05/2019,2019,200000,5.301029996,DN14 7BB,D,N,0,No,4,3
8A78B2AF-9F60-5CB0-E053-6B04A8C0F504,10/04/2019,2019,175000,5.243038049,DN14 7TP,D,N,0,No,3,3
8A78B2AF-E6D1-5CB0-E053-6B04A8C0F504,16/04/2019,2019,205000,5.311753861,YO8 8ED,D,N,0,No,4,3
8A78B2AF-E7D1-5CB0-E053-6B04A8C0F504,23/05/2019,2019,215000,5.33243846,DN14 9QB,D,N,0,No,4,3
8A78B2AF-E849-5CB0-E053-6B04A8C0F504,15/03/2019,2019,279995,5.447150276,DN14 9FS,D,Y,0,No,4,3
8A78B2AF-E86D-5CB0-E053-6B04A8C0F504,08/04/2019,2019,170000,5.230448921,DN14 9QD,D,N,0,No,4,3
8A78B2AF-E88E-5CB0-E053-6B04A8C0F504,01/03/2019,2019,249995,5.397931323,DN14 9FP,D,Y,0,No,4,3
8A78B2AF-E8F5-5CB0-E053-6B04A8C0F504,07/05/2019,2019,167500,5.224014811,YO8 8HW,D,N,0,No,4,3
8A78B2B0-0D8D-5CB0-E053-6B04A8C0F504,26/04/2019,2019,102500,5.010723865,DN7 4EZ,D,N,0,No,4,3
8A78B2B0-0D9C-5CB0-E053-6B04A8C0F504,08/05/2019,2019,106000,5.025305865,DN8 5RF,D,N,0,No,3,3
8A78B2B0-0DB2-5CB0-E053-6B04A8C0F504,22/05/2019,2019,200000,5.301029996,DN8 4BX,D,N,0,No,3,3
8A78B2B0-0E14-5CB0-E053-6B04A8C0F504,05/04/2019,2019,240000,5.380211242,DN7 6RY,D,N,0,No,4,3
8A78B2B0-10A8-5CB0-E053-6B04A8C0F504,29/03/2019,2019,187500,5.273001272,DN7 6AH,D,N,0,No,4,3
8A78B2B0-45CB-5CB0-E053-6B04A8C0F504,18/04/2019,2019,725000,5.860338007,DN14 7HN,D,N,0,No,4,3
8A78B2B0-45D4-5CB0-E053-6B04A8C0F504,12/04/2019,2019,340000,5.531478917,DN14 7GD,D,N,0,No,3,3
8A78B2B0-464E-5CB0-E053-6B04A8C0F504,21/05/2019,2019,420000,5.62324929,DN14 7HR,D,N,0,No,4,3
8A78B2B0-4672-5CB0-E053-6B04A8C0F504,18/12/2018,2018,215000,5.33243846,HU15 2SW,D,N,0,No,4,3
8A78B2B0-4692-5CB0-E053-6B04A8C0F504,04/04/2019,2019,220000,5.342422681,DN14 9HB,D,N,0,No,4,3
8A78B2B0-4727-5CB0-E053-6B04A8C0F504,09/05/2019,2019,178500,5.25163822,YO8 8HD,D,N,0,No,4,3
8AA93AA4-B59A-475D-AF36-0AD0791B277B,29/05/2015,2015,250000,5.397940009,YO8 8EW,D,N,0,No,4,2
8B12EB59-F505-4247-8F1C-62E8AF8C375F,12/12/2014,2014,185000,5.267171728,DN8 4JJ,D,N,0,No,3,2
8B6DB0C2-00CC-4BA9-A166-50F9E4876E61,20/03/2015,2015,112500,5.051152522,DN8 5RF,D,N,0,No,3,2
8BD6B21B-EAD1-4DC3-BF57-A310E2232A5B,19/03/2015,2015,170000,5.230448921,DN15 9DB,D,N,0,No,4,2
8C7D7C27-48F2-4F86-8098-973D70560EDD,02/07/2012,2012,177500,5.249198357,YO8 8EW,D,N,0,No,4,1
8CA4B020-56E0-4BD8-8BC4-542003D0A29D,14/08/2015,2015,110000,5.041392685,DN15 9EJ,D,N,0,No,4,2
8CAC1318-4D49-0253-E053-6B04A8C08E51,10/05/2019,2019,225000,5.352182518,DN14 9JW,D,N,0,No,4,3
8CAC1318-4EA5-0253-E053-6B04A8C08E51,09/05/2019,2019,130000,5.113943352,DN15 8DZ,D,N,0,No,4,3
8CAC1318-92B5-0253-E053-6B04A8C08E51,23/05/2019,2019,250000,5.397940009,DN14 9LS,D,N,0,No,4,3
8CAC1318-92C3-0253-E053-6B04A8C08E51,18/12/2018,2018,262000,5.418301291,YO8 8HW,D,N,0,No,4,3
8CAC1318-9315-0253-E053-6B04A8C08E51,17/05/2019,2019,254995,5.406531665,DN14 9FQ,D,Y,0,No,4,3
8CAC1318-934E-0253-E053-6B04A8C08E51,22/05/2019,2019,249995,5.397931323,DN14 9FS,D,Y,0,No,4,3
8CAC1318-9392-0253-E053-6B04A8C08E51,20/05/2019,2019,179995,5.255260441,DN14 9LP,D,N,0,No,4,3
8CAC1318-93C1-0253-E053-6B04A8C08E51,07/06/2019,2019,307000,5.487138375,YO8 6RA,D,N,0,No,4,3
8CAC1318-9422-0253-E053-6B04A8C08E51,05/06/2019,2019,270000,5.431363764,DN14 9SB,D,N,0,No,4,3
8CAC1318-B5D0-0253-E053-6B04A8C08E51,24/05/2019,2019,193500,5.286680969,DN7 6NQ,D,N,0,No,4,3
8CAC1318-B5FF-0253-E053-6B04A8C08E51,29/05/2019,2019,450000,5.653212514,DN7 5JY,D,N,0,No,4,3
8CAC1318-B611-0253-E053-6B04A8C08E51,24/05/2019,2019,106500,5.027349608,DN7 4DR,D,N,0,No,4,3
8CAC1318-B6CD-0253-E053-6B04A8C08E51,29/05/2019,2019,215000,5.33243846,DN7 5SU,D,N,0,No,4,3
8CAC1318-B6E6-0253-E053-6B04A8C08E51,24/05/2019,2019,197250,5.295017012,DN7 6QN,D,N,0,No,4,3
8CAC1318-BB0A-0253-E053-6B04A8C08E51,05/12/2018,2018,275000,5.439332694,DN8 5LE,D,N,0,No,3,3
8CAC1318-BCE5-0253-E053-6B04A8C08E51,18/06/2019,2019,160000,5.204119983,DN7 6AH,D,N,0,No,4,3
8CAC1318-BD02-0253-E053-6B04A8C08E51,31/05/2019,2019,240000,5.380211242,DN7 6SQ,D,N,0,No,4,3
8CAC1318-EE6C-0253-E053-6B04A8C08E51,06/06/2019,2019,185000,5.267171728,DN14 7GH,D,N,0,No,3,3
8CAC1318-EF23-0253-E053-6B04A8C08E51,26/04/2019,2019,228195,5.358306124,DN14 9FN,D,Y,0,No,4,3
8CAC1318-EF27-0253-E053-6B04A8C08E51,30/04/2019,2019,269995,5.431355722,DN14 9FN,D,Y,0,No,4,3
8CAC1318-EF2C-0253-E053-6B04A8C08E51,02/05/2019,2019,185000,5.267171728,HU15 2TN,D,N,0,No,4,3
8CAC1318-EF4F-0253-E053-6B04A8C08E51,05/06/2019,2019,274995,5.439324797,DN14 9BP,D,Y,0,No,3,3
8DA1C64D-1C68-4052-833C-BBB22EAF8472,15/01/2013,2013,140000,5.146128036,DN15 9EQ,D,N,0,No,4,1
8DAC2FEA-2F12-464B-8EA2-7C8AA200A5C4,30/05/2014,2014,135000,5.130333768,DN8 5QW,D,N,0,No,3,2
8E64F038-266D-414A-9EB0-17F214CFBA39,13/09/2012,2012,178000,5.250420002,DN14 7BW,D,N,0,No,4,1
8F1B26BD-BEC5-53DB-E053-6C04A8C03649,27/06/2019,2019,200000,5.301029996,DN14 8QR,D,N,0,No,3,3
8F1B26BD-C049-53DB-E053-6C04A8C03649,27/06/2019,2019,225000,5.352182518,DN14 9RA,D,N,0,No,3,3
8F1B26BD-C10B-53DB-E053-6C04A8C03649,22/07/2019,2019,165000,5.217483944,DN15 9EH,D,N,0,No,4,3
8F1B26BD-C127-53DB-E053-6C04A8C03649,19/07/2019,2019,499950,5.698926573,DN9 1QH,D,N,0,No,4,3
8F1B26BD-C17E-53DB-E053-6C04A8C03649,28/06/2019,2019,146500,5.165837625,DN15 9ET,D,N,0,No,4,3
8F1B26BD-C18D-53DB-E053-6C04A8C03649,28/06/2019,2019,199950,5.300921408,DN15 9JN,D,N,0,No,4,3
8F1B26BE-0B3F-53DB-E053-6C04A8C03649,12/07/2019,2019,210000,5.322219295,DN14 9PJ,D,N,0,No,4,3
8F1B26BE-0B6E-53DB-E053-6C04A8C03649,04/07/2019,2019,180000,5.255272505,YO8 8EW,D,N,0,No,4,3
8F1B26BE-0F1C-53DB-E053-6C04A8C03649,21/06/2019,2019,239995,5.380202194,DN14 9FQ,D,Y,0,No,4,3
8F1B26BE-0F33-53DB-E053-6C04A8C03649,21/06/2019,2019,249995,5.397931323,DN14 9FS,D,Y,0,No,4,3
8F1B26BE-0F43-53DB-E053-6C04A8C03649,20/12/2018,2018,279995,5.447150276,DN14 9FP,D,Y,0,No,4,3
8F1B26BE-0F61-53DB-E053-6C04A8C03649,28/06/2019,2019,239995,5.380202194,DN14 9FS,D,Y,0,No,4,3
8F1B26BE-0F6A-53DB-E053-6C04A8C03649,27/06/2019,2019,242995,5.385597337,DN14 9FQ,D,Y,0,No,4,3
8F1B26BE-0F6F-53DB-E053-6C04A8C03649,28/06/2019,2019,274995,5.439324797,DN14 9FQ,D,Y,0,No,4,3
8F1B26BE-0F82-53DB-E053-6C04A8C03649,27/06/2019,2019,247995,5.394442925,DN14 9FQ,D,Y,0,No,4,3
8F1B26BE-1000-53DB-E053-6C04A8C03649,07/06/2019,2019,260000,5.414973348,YO8 6QF,D,N,0,No,4,3
8F1B26BE-3AA3-53DB-E053-6C04A8C03649,12/07/2019,2019,301000,5.478566496,DN7 6QN,D,N,0,No,4,3
8F1B26BE-3BEC-53DB-E053-6C04A8C03649,17/06/2019,2019,121995,5.086342031,DN7 5PB,D,Y,0,No,4,3
8F1B26BE-3BEF-53DB-E053-6C04A8C03649,28/06/2019,2019,152995,5.184677238,DN7 5PT,D,Y,0,No,4,3
8F1B26BE-768B-53DB-E053-6C04A8C03649,24/05/2019,2019,375000,5.574031268,DN14 9FG,D,N,0,No,3,3
8F1B26BE-7690-53DB-E053-6C04A8C03649,16/07/2019,2019,165000,5.217483944,HU15 2YB,D,N,0,No,4,3
8F1B26BE-76A9-53DB-E053-6C04A8C03649,14/06/2019,2019,274000,5.437750563,DN14 9TL,D,N,0,No,4,3
8F1B26BE-76B4-53DB-E053-6C04A8C03649,17/01/2019,2019,180000,5.255272505,HU15 2FD,D,N,0,No,4,3
8F1B26BE-76FB-53DB-E053-6C04A8C03649,27/06/2019,2019,355000,5.550228353,DN14 5PJ,D,N,0,No,3,3
8FD4FE6E-2F43-40B4-A538-52760E5C1C29,20/03/2015,2015,255000,5.40654018,YO8 8HH,D,N,0,No,4,2
8FD61B54-AF03-45B4-BFF9-A84DD936A4D3,16/07/2013,2013,307500,5.48784512,DN14 7JN,D,N,0,No,4,1
9009ADFD-3FCD-498F-A6C9-84FAEEC274B0,01/08/2014,2014,250000,5.397940009,YO8 6QG,D,N,0,No,4,2
900D829C-4831-4BCF-96B6-60A5B04F82C7,03/06/2011,2011,207500,5.317018101,DN14 0DR,D,N,0,No,4,1
90B6305E-1E73-4B96-878B-04BF0FE5C716,03/10/2014,2014,165000,5.217483944,DN15 9EQ,D,N,0,No,4,2
90DDEFAE-1129-4747-AADD-AF04E428C39E,04/03/2013,2013,155000,5.190331698,DN8 4JB,D,N,0,No,3,1
91257B5E-DC92-4A8D-B78E-CF148AD1A596,12/10/2012,2012,120000,5.079181246,DN14 9HY,D,N,0,No,4,1
919FEC05-4E0F-9A90-E053-6C04A8C0A300,19/07/2019,2019,210000,5.322219295,DN14 9EL,D,N,0,No,3,3
919FEC05-4E56-9A90-E053-6C04A8C0A300,09/08/2019,2019,440000,5.643452676,DN15 9JG,D,N,0,No,4,3
919FEC05-9A98-9A90-E053-6C04A8C0A300,29/07/2019,2019,330000,5.51851394,DN14 0RP,D,N,0,No,4,3
919FEC05-9AF0-9A90-E053-6C04A8C0A300,23/08/2019,2019,230000,5.361727836,YO8 8HH,D,N,0,No,4,3
919FEC05-9E41-9A90-E053-6C04A8C0A300,21/06/2019,2019,269995,5.431355722,DN14 9FS,D,Y,0,No,4,3
919FEC05-9E7C-9A90-E053-6C04A8C0A300,28/06/2019,2019,269995,5.431355722,DN14 9FS,D,Y,0,No,4,3
919FEC05-CC4E-9A90-E053-6C04A8C0A300,19/07/2019,2019,130000,5.113943352,DN7 5PB,D,N,0,No,4,3
919FEC05-CD49-9A90-E053-6C04A8C0A300,16/07/2019,2019,170000,5.230448921,DN7 6JU,D,N,0,No,4,3
919FEC06-0743-9A90-E053-6C04A8C0A300,29/07/2019,2019,385000,5.58546073,DN14 9FG,D,N,0,No,3,3
919FEC06-07BA-9A90-E053-6C04A8C0A300,25/07/2019,2019,448000,5.651278014,YO8 6DH,D,N,0,No,4,3
919FEC06-07CD-9A90-E053-6C04A8C0A300,31/05/2019,2019,269995,5.431355722,DN14 7JW,D,Y,0,No,4,3
919FEC06-07CE-9A90-E053-6C04A8C0A300,14/06/2019,2019,319995,5.505143192,DN14 7JW,D,Y,0,No,4,3
919FEC06-07CF-9A90-E053-6C04A8C0A300,17/06/2019,2019,319995,5.505143192,DN14 7JW,D,Y,0,No,4,3
919FEC06-07E4-9A90-E053-6C04A8C0A300,12/07/2019,2019,284995,5.454837241,DN14 9FN,D,Y,0,No,4,3
919FEC06-07FA-9A90-E053-6C04A8C0A300,25/07/2019,2019,279995,5.447150276,DN14 7ZJ,D,Y,0,No,4,3
919FEC06-0811-9A90-E053-6C04A8C0A300,19/07/2019,2019,280000,5.447158031,DN14 7JT,D,N,0,No,4,3
919FEC06-081F-9A90-E053-6C04A8C0A300,28/06/2019,2019,352995,5.547768554,DN14 9FN,D,Y,0,No,4,3
919FEC06-0836-9A90-E053-6C04A8C0A300,09/08/2019,2019,310000,5.491361694,DN14 7DJ,D,N,0,No,3,3
91C5852F-4579-4495-9BDA-D10D3D63A63A,09/06/2014,2014,218000,5.338456494,DN9 1NS,D,N,0,No,4,2
91F47D7E-EC92-485C-B6EB-F030336553C1,26/02/2014,2014,160000,5.204119983,DN8 5EL,D,N,0,No,3,2
9252AF64-DB72-4162-A88F-EE04B525CD8F,04/09/2015,2015,169950,5.230321169,DN9 1TF,D,N,0,No,4,2
92DDDD12-C35A-465C-92FF-3782440945E5,18/10/2013,2013,124000,5.093421685,HU15 2SU,D,N,0,No,4,1
93126B1D-14F7-4812-B943-E8DEC1037B85,02/05/2014,2014,175000,5.243038049,YO8 8ED,D,N,0,No,4,2
93709422-FE7A-438C-8359-5E25D608E9A1,23/03/2012,2012,175000,5.243038049,DN14 9JG,D,N,0,No,4,1
9384C76F-1320-4A2B-856C-7F585B1434E4,19/08/2013,2013,117500,5.070037867,DN15 9YF,D,N,0,No,4,1
93DB9C2C-A346-4592-BDD4-626F8E286707,18/07/2014,2014,138000,5.139879086,DN8 5NF,D,N,0,No,3,2
93E6821E-5FC1-40FD-E053-6B04A8C0C1DF,18/09/2019,2019,285000,5.45484486,DN15 9HP,D,N,0,No,4,3
93E6821E-6103-40FD-E053-6B04A8C0C1DF,21/08/2019,2019,187500,5.273001272,DN14 9LL,D,N,0,No,4,3
93E6821E-6141-40FD-E053-6B04A8C0C1DF,09/09/2019,2019,290000,5.462397998,DN14 9HZ,D,N,0,No,4,3
93E6821E-ACB5-40FD-E053-6B04A8C0C1DF,28/08/2019,2019,290000,5.462397998,YO8 8ES,D,N,0,No,4,3
93E6821E-AD61-40FD-E053-6B04A8C0C1DF,17/09/2019,2019,162500,5.210853365,DN14 9PG,D,N,0,No,4,3
93E6821E-AEA3-40FD-E053-6B04A8C0C1DF,21/02/2019,2019,295000,5.469822016,YO8 8SN,D,N,0,No,4,3
93E6821E-AEA8-40FD-E053-6B04A8C0C1DF,08/10/2018,2018,325000,5.511883361,YO8 8HW,D,N,0,No,4,3
93E6821E-AF39-40FD-E053-6B04A8C0C1DF,19/07/2019,2019,239995,5.380202194,DN14 9FS,D,Y,0,No,4,3
93E6821E-D71E-40FD-E053-6B04A8C0C1DF,13/06/2019,2019,175000,5.243038049,DN7 4DR,D,N,0,No,4,3
93E6821E-D72B-40FD-E053-6B04A8C0C1DF,16/07/2019,2019,275000,5.439332694,DN8 4JB,D,N,0,No,3,3
93E6821E-D7B5-40FD-E053-6B04A8C0C1DF,16/08/2019,2019,175000,5.243038049,DN8 5RN,D,N,0,No,3,3
93E6821E-D9D2-40FD-E053-6B04A8C0C1DF,21/08/2019,2019,117500,5.070037867,DN8 5RE,D,N,0,No,3,3
93E6821F-1570-40FD-E053-6B04A8C0C1DF,30/08/2019,2019,950000,5.977723605,YO8 6DH,D,N,0,No,4,3
93E6821F-157D-40FD-E053-6B04A8C0C1DF,21/08/2019,2019,360000,5.556302501,HU15 2FP,D,N,0,No,4,3
93E6821F-1595-40FD-E053-6B04A8C0C1DF,11/07/2019,2019,285000,5.45484486,DN14 8TN,D,N,0,No,3,3
93E6821F-159D-40FD-E053-6B04A8C0C1DF,17/07/2019,2019,157000,5.195899652,DN14 5LS,D,N,0,No,3,3
93E6821F-15A1-40FD-E053-6B04A8C0C1DF,23/08/2019,2019,250000,5.397940009,DN14 9ED,D,N,0,No,3,3
93E6821F-15A4-40FD-E053-6B04A8C0C1DF,27/03/2019,2019,250000,5.397940009,DN14 5DH,D,N,0,No,2,3
93E6821F-15B9-40FD-E053-6B04A8C0C1DF,30/08/2019,2019,126000,5.100370545,DN14 7JP,D,N,0,No,4,3
93E6821F-1663-40FD-E053-6B04A8C0C1DF,31/07/2019,2019,324995,5.511876679,DN14 7ZJ,D,Y,0,No,4,3
93E6821F-1683-40FD-E053-6B04A8C0C1DF,28/06/2019,2019,270000,5.431363764,DN14 9BP,D,Y,0,No,3,3
93E6821F-1685-40FD-E053-6B04A8C0C1DF,06/09/2019,2019,255000,5.40654018,DN14 9LJ,D,N,0,No,4,3
93E6821F-1686-40FD-E053-6B04A8C0C1DF,30/08/2019,2019,389995,5.591059039,DN14 7ZJ,D,Y,0,No,4,3
93E6821F-1699-40FD-E053-6B04A8C0C1DF,04/09/2019,2019,274995,5.439324797,DN14 9BP,D,Y,0,No,3,3
93E6821F-16A1-40FD-E053-6B04A8C0C1DF,28/08/2019,2019,309995,5.491354689,DN14 9FN,D,Y,0,No,4,3
CF6E5CD3-3C3F-44D2-8DCA-2D009182F15F,25/07/2014 00:00,2014,239000,5.378397901,DN9 1JY,D,N,,,4,2
93E6821F-173C-40FD-E053-6B04A8C0C1DF,19/07/2019,2019,223000,5.348304863,DN7 5LE,D,N,0,No,4,3
943B7321-A622-4716-A0C7-62B8514B0D13,25/04/2012,2012,92500,4.966141733,DN14 7DU,D,N,0,No,3,1
94586385-CA7D-4285-A385-2F8BE7293DF7,16/02/2015,2015,250000,5.397940009,DN14 9TB,D,N,0,No,4,2
94696C94-7635-4410-96B5-5540A6EB8A53,27/06/2013,2013,100000,5,DN15 8DZ,D,N,0,No,4,1
94A30884-AD8A-41B3-B064-AC2B0E8ADB03,12/12/2013,2013,415000,5.618048097,DN7 6SA,D,N,0,No,4,1
94C81A25-FAD4-4566-BDA5-EA729FCD0858,07/06/2013,2013,175000,5.243038049,DN8 5RJ,D,N,0,No,4,1
95230C14-6A71-405B-BBA8-4F5C6686AE16,20/12/2011,2011,154000,5.187520721,DN14 7SG,D,N,0,No,4,1
95B1F477-D775-44FA-8610-C604B4BC2087,04/04/2014,2014,225000,5.352182518,DN14 7XF,D,N,0,No,4,2
95C4CB24-8FD6-4168-97E0-04C3E6397BE5,04/09/2013,2013,184000,5.264817823,DN15 8EJ,D,N,0,No,4,1
D03FB6E9-0FC3-40B3-ADA2-82C5F7FFE5BA,31/01/2014 00:00,2014,205000,5.311753861,DN9 1JT,D,N,,,4,2
961C4F99-10CB-4388-AFCE-437F003BF9F1,23/01/2013,2013,148500,5.171726454,DN8 5RF,D,N,0,No,3,1
965B6D91-718A-95E4-E053-6C04A8C07729,30/09/2019,2019,551000,5.741151599,HU15 2XR,D,N,0,No,4,3
965B6D91-7361-95E4-E053-6C04A8C07729,18/09/2019,2019,260000,5.414973348,DN17 4AD,D,N,0,No,4,3
965B6D91-73BD-95E4-E053-6C04A8C07729,20/09/2019,2019,230000,5.361727836,DN17 4AD,D,N,0,No,4,3
965B6D91-BFDE-95E4-E053-6C04A8C07729,11/10/2019,2019,162000,5.209515015,DN14 9QZ,D,N,0,No,4,3
965B6D91-C21C-95E4-E053-6C04A8C07729,17/09/2019,2019,275000,5.439332694,YO8 8SJ,D,N,0,No,4,3
965B6D91-C25B-95E4-E053-6C04A8C07729,16/10/2019,2019,510000,5.707570176,YO8 8EG,D,N,0,No,4,3
965B6D91-C283-95E4-E053-6C04A8C07729,09/10/2019,2019,375000,5.574031268,DN14 9LR,D,N,0,No,4,3
965B6D91-C3AF-95E4-E053-6C04A8C07729,19/06/2019,2019,239995,5.380202194,DN14 9FQ,D,Y,0,No,4,3
965B6D91-ED24-95E4-E053-6C04A8C07729,30/08/2019,2019,305500,5.485011215,DN7 5JT,D,N,0,No,4,3
965B6D91-EF32-95E4-E053-6C04A8C07729,04/10/2019,2019,167000,5.222716471,DN8 4AX,D,N,0,No,3,3
965B6D91-EFC2-95E4-E053-6C04A8C07729,08/10/2019,2019,140000,5.146128036,DN7 4BS,D,N,0,No,4,3
965B6D91-F355-95E4-E053-6C04A8C07729,20/09/2019,2019,254950,5.406455016,DN7 6EF,D,Y,0,No,4,3
965B6D92-2E60-95E4-E053-6C04A8C07729,11/07/2019,2019,150000,5.176091259,DN14 5LS,D,N,0,No,3,3
965B6D92-2F17-95E4-E053-6C04A8C07729,25/09/2019,2019,269995,5.431355722,DN14 9BP,D,Y,0,No,3,3
965B6D92-2F3E-95E4-E053-6C04A8C07729,16/09/2019,2019,245000,5.389166084,DN14 9EF,D,N,0,No,3,3
965B6D92-2F41-95E4-E053-6C04A8C07729,27/09/2019,2019,334995,5.525038325,DN14 7ZJ,D,Y,0,No,4,3
965B6D92-2F6B-95E4-E053-6C04A8C07729,04/10/2019,2019,224995,5.352172867,DN14 7ZL,D,Y,0,No,4,3
96F40CF8-0B3A-4CFF-9996-945AC09DD34D,12/07/2013,2013,40500,4.607455023,DN7 5QB,D,N,0,No,4,1
96F71C83-ABAF-4C72-9697-8CDF3F5BD531,20/09/2013,2013,112000,5.049218023,DN8 5RU,D,N,0,No,3,1
97B2EE34-E605-4D07-AF13-2171FE91DF50,28/02/2014,2014,249950,5.397853141,DN15 8EH,D,N,0,No,4,2
9802A41F-3E94-4793-A006-2D09180F47E2,14/09/2012,2012,161000,5.206825876,DN14 9QQ,D,N,0,No,4,1
988F7674-A8D7-477A-9E79-EEB9418E4291,11/10/2013,2013,186500,5.270678836,DN14 9PH,D,N,0,No,4,1
989B4D6B-9225-49E8-A7A0-43C9CB89D3A6,23/08/2012,2012,240000,5.380211242,YO8 8ES,D,N,0,No,4,1
98C75471-E53A-72E9-E053-6B04A8C042F0,04/11/2019,2019,121000,5.08278537,DN14 0AL,D,N,0,No,4,3
D3E3BB10-9BDB-4603-9579-0A7DE01AEFD9,14/03/2013 00:00,2013,160000,5.204119983,DN9 1JZ,D,N,,,4,1
98C75471-E697-72E9-E053-6B04A8C042F0,07/10/2019,2019,232000,5.365487985,DN14 9EE,D,N,0,No,4,3
D43096FF-F90A-44C9-904A-6A3E6E0197D3,11/06/2014 00:00,2014,219000,5.340444115,DN9 1LH,D,N,,,4,2
98C75471-E6CA-72E9-E053-6B04A8C042F0,08/11/2019,2019,360000,5.556302501,YO8 6DH,D,N,0,No,4,3
98C75472-3139-72E9-E053-6B04A8C042F0,15/11/2019,2019,200000,5.301029996,DN14 9PJ,D,N,0,No,4,3
98C75472-34BE-72E9-E053-6B04A8C042F0,08/03/2019,2019,281995,5.450241408,DN14 9FS,D,Y,0,No,4,3
98C75472-3563-72E9-E053-6B04A8C042F0,14/11/2019,2019,231000,5.36361198,YO8 8JW,D,N,0,No,4,3
98C75472-5D3F-72E9-E053-6B04A8C042F0,01/11/2019,2019,128000,5.10720997,DN8 4SA,D,N,0,No,3,3
98C75472-5F62-72E9-E053-6B04A8C042F0,08/11/2019,2019,530000,5.72427587,DN6 0HD,D,N,0,No,4,3
98C75472-60DB-72E9-E053-6B04A8C042F0,03/09/2019,2019,325000,5.511883361,DN8 4JQ,D,N,0,No,3,3
98C75472-60EE-72E9-E053-6B04A8C042F0,25/10/2019,2019,182500,5.261262869,DN7 5SU,D,N,0,No,4,3
98C75472-6294-72E9-E053-6B04A8C042F0,09/10/2019,2019,120000,5.079181246,DN7 6PT,D,Y,0,No,4,3
98C75472-630A-72E9-E053-6B04A8C042F0,30/09/2019,2019,123995,5.093404173,DN7 5PP,D,Y,0,No,4,3
98C75472-631A-72E9-E053-6B04A8C042F0,27/08/2019,2019,175000,5.243038049,DN7 6AH,D,N,0,No,4,3
98C75472-9AC4-72E9-E053-6B04A8C042F0,08/11/2019,2019,212500,5.327358934,DN14 7GH,D,N,0,No,3,3
98C75472-9AD2-72E9-E053-6B04A8C042F0,08/10/2019,2019,260000,5.414973348,DN14 8TL,D,N,0,No,3,3
98C75472-9AE0-72E9-E053-6B04A8C042F0,04/10/2019,2019,242000,5.383815366,HU15 2FD,D,N,0,No,4,3
98C75472-9AE1-72E9-E053-6B04A8C042F0,17/10/2019,2019,270000,5.431363764,DN14 0AL,D,N,0,No,4,3
98C75472-9AF4-72E9-E053-6B04A8C042F0,23/08/2019,2019,275000,5.439332694,DN14 9TB,D,N,0,No,4,3
D5D31337-8C1E-406C-AE88-112DD26EBF0D,19/05/2011 00:00,2011,220995,5.344382448,DN9 1GX,D,Y,,,4,1
98C75472-9B4B-72E9-E053-6B04A8C042F0,25/10/2019,2019,202000,5.305351369,HU15 2GF,D,N,0,No,4,3
98C75472-9B62-72E9-E053-6B04A8C042F0,21/03/2019,2019,270000,5.431363764,DN14 7JW,D,N,0,No,4,3
98C75472-9B83-72E9-E053-6B04A8C042F0,24/05/2019,2019,227995,5.357925323,DN14 9FN,D,Y,0,No,4,3
98C75472-9B8A-72E9-E053-6B04A8C042F0,11/10/2019,2019,334995,5.525038325,DN14 7ZL,D,Y,0,No,4,3
98C75472-9B8B-72E9-E053-6B04A8C042F0,25/10/2019,2019,256395,5.408909552,DN14 9FN,D,Y,0,No,4,3
98C75472-9B91-72E9-E053-6B04A8C042F0,04/10/2019,2019,340795,5.532493214,DN14 9FN,D,Y,0,No,4,3
98C75472-9BA7-72E9-E053-6B04A8C042F0,25/10/2019,2019,334995,5.525038325,DN14 7ZL,D,Y,0,No,4,3
98C75472-9BAE-72E9-E053-6B04A8C042F0,15/10/2019,2019,329995,5.51850736,DN14 9FN,D,Y,0,No,4,3
98C75472-9BB7-72E9-E053-6B04A8C042F0,16/08/2019,2019,314995,5.49830366,DN14 7JW,D,Y,0,No,4,3
98C75472-9BC3-72E9-E053-6B04A8C042F0,31/10/2019,2019,309995,5.491354689,DN14 7ZL,D,Y,0,No,4,3
98C75472-9BD3-72E9-E053-6B04A8C042F0,18/10/2019,2019,299995,5.477114016,DN14 7ZL,D,Y,0,No,4,3
98C75472-9BD4-72E9-E053-6B04A8C042F0,31/07/2019,2019,324995,5.511876679,DN14 7ZJ,D,Y,0,No,4,3
98C75472-9BD7-72E9-E053-6B04A8C042F0,12/09/2019,2019,242995,5.385597337,DN14 7ZJ,D,Y,0,No,4,3
98C75472-9BDF-72E9-E053-6B04A8C042F0,31/10/2019,2019,299995,5.477114016,DN14 7ZL,D,Y,0,No,4,3
98D15ADE-FD1C-4C8C-A7F5-2022DCE0BB4A,04/06/2014,2014,246000,5.390935107,DN9 1LS,D,N,0,No,4,2
992CA163-4394-4B99-95B6-76F455A5A6B7,17/10/2014,2014,150000,5.176091259,DN7 6SH,D,N,0,No,4,2
9A4792E2-DC78-47ED-BC2C-D4BB471F3490,23/08/2012,2012,322500,5.508529719,DN14 7ER,D,N,0,No,3,1
9A849223-B1E6-4676-9D1C-FBBFBDCBF57C,26/03/2012,2012,205000,5.311753861,DN14 9EA,D,N,0,No,3,1
9ACD8B02-FE80-43FF-B76F-9EC927F4C482,24/11/2011,2011,110000,5.041392685,DN9 1QU,D,N,0,No,4,1
9B361206-4F1F-1904-E053-6B04A8C0EEB5,22/11/2019,2019,150000,5.176091259,DN17 3LW,D,N,0,No,4,3
9B361206-4F49-1904-E053-6B04A8C0EEB5,08/11/2019,2019,380000,5.579783597,DN14 0DR,D,N,0,No,4,3
9B361206-4F4B-1904-E053-6B04A8C0EEB5,29/11/2019,2019,200000,5.301029996,DN17 4DR,D,N,0,No,3,3
9B361206-509D-1904-E053-6B04A8C0EEB5,28/11/2019,2019,176000,5.245512668,DN14 7QS,D,N,0,No,4,3
9B361206-5179-1904-E053-6B04A8C0EEB5,02/12/2019,2019,290000,5.462397998,DN9 1QP,D,N,0,No,4,3
9B361206-5221-1904-E053-6B04A8C0EEB5,13/12/2019,2019,183500,5.263636069,DN17 3JB,D,N,0,No,4,3
9B361206-93A6-1904-E053-6B04A8C0EEB5,17/12/2019,2019,248000,5.394451681,YO8 8HX,D,N,0,No,4,3
9B361206-945C-1904-E053-6B04A8C0EEB5,12/12/2019,2019,205000,5.311753861,DN14 9RT,D,N,0,No,4,3
9B361206-BA48-1904-E053-6B04A8C0EEB5,04/11/2019,2019,135000,5.130333768,DN8 5YP,D,N,0,No,4,3
9B361206-BB82-1904-E053-6B04A8C0EEB5,29/11/2019,2019,220000,5.342422681,DN7 6QJ,D,N,0,No,4,3
9B361206-BB86-1904-E053-6B04A8C0EEB5,29/11/2019,2019,148750,5.172456974,DN8 5QW,D,N,0,No,3,3
9B361206-BC0C-1904-E053-6B04A8C0EEB5,22/11/2019,2019,260000,5.414973348,DN7 6EZ,D,N,0,No,4,3
9B361206-BC15-1904-E053-6B04A8C0EEB5,22/11/2019,2019,174000,5.240549248,DN8 5AD,D,N,0,No,3,3
9B361206-BD26-1904-E053-6B04A8C0EEB5,01/11/2019,2019,210000,5.322219295,DN7 6NF,D,N,0,No,4,3
9B361206-BD97-1904-E053-6B04A8C0EEB5,27/11/2019,2019,140000,5.146128036,DN8 5LH,D,N,0,No,3,3
9B361206-BE45-1904-E053-6B04A8C0EEB5,22/11/2019,2019,460000,5.662757832,DN7 6JG,D,N,0,No,4,3
9B361206-BE56-1904-E053-6B04A8C0EEB5,22/11/2019,2019,285000,5.45484486,DN7 6QJ,D,N,0,No,4,3
9B361206-BEB9-1904-E053-6B04A8C0EEB5,20/11/2019,2019,232500,5.366422957,DN7 6PY,D,N,0,No,4,3
9B361206-BECC-1904-E053-6B04A8C0EEB5,11/11/2019,2019,249950,5.397853141,DN8 5BZ,D,N,0,No,3,3
9B361206-BEFB-1904-E053-6B04A8C0EEB5,25/11/2019,2019,520000,5.716003344,DN14 9BN,D,N,0,No,4,3
D9A7E075-D1AE-4D76-9769-A8E199F0077C,02/12/2013 00:00,2013,246000,5.390935107,DN9 1FF,D,N,,,4,1
9B361206-BF31-1904-E053-6B04A8C0EEB5,15/11/2019,2019,147500,5.16879202,DN8 5RU,D,N,0,No,3,3
9B361206-BF5F-1904-E053-6B04A8C0EEB5,28/06/2019,2019,254950,5.406455016,DN7 6EF,D,Y,0,No,4,3
9B361206-BF63-1904-E053-6B04A8C0EEB5,01/11/2019,2019,250000,5.397940009,DN8 5FA,D,Y,0,No,3,3
9B361206-BF99-1904-E053-6B04A8C0EEB5,31/10/2019,2019,230000,5.361727836,DN14 9AH,D,N,0,No,4,3
9B361206-F245-1904-E053-6B04A8C0EEB5,28/10/2019,2019,190000,5.278753601,DN14 8TP,D,N,0,No,3,3
9B361206-F28B-1904-E053-6B04A8C0EEB5,22/11/2019,2019,315000,5.498310554,DN14 7HD,D,N,0,No,3,3
9B361206-F2E6-1904-E053-6B04A8C0EEB5,31/05/2019,2019,285000,5.45484486,DN14 7EU,D,N,0,No,3,3
9B361206-F31B-1904-E053-6B04A8C0EEB5,22/11/2019,2019,279995,5.447150276,DN14 7ZJ,D,Y,0,No,4,3
9B361206-F324-1904-E053-6B04A8C0EEB5,14/11/2019,2019,232000,5.365487985,DN14 9JW,D,N,0,No,4,3
9B361206-F328-1904-E053-6B04A8C0EEB5,13/09/2019,2019,269995,5.431355722,DN14 7JW,D,Y,0,No,4,3
9B361206-F32D-1904-E053-6B04A8C0EEB5,15/11/2019,2019,309995,5.491354689,DN14 7ZL,D,Y,0,No,4,3
9B48DBBD-1A30-4ADC-A0FD-2003F3693B89,28/10/2011,2011,685000,5.835690571,DN14 9EL,D,N,0,No,3,1
9B68B8E9-6C52-417C-AC9B-D1B641603C35,15/09/2014,2014,306500,5.486430479,DN14 7FD,D,N,0,No,4,2
9BC941F3-3159-48CA-A9BF-09502BA2417D,22/11/2012,2012,242500,5.384711743,DN14 7EY,D,N,0,No,3,1
9C354162-EE53-4C4A-9568-B9562A759D4D,05/07/2011,2011,190000,5.278753601,DN14 7DY,D,N,0,No,3,1
9C6CF7AD-849B-4106-A204-633087FCA837,03/06/2014,2014,70000,4.84509804,YO8 6UG,D,N,0,No,4,2
9CE26A60-6C3A-4B67-B5B6-D41C7FB12085,24/10/2014,2014,250000,5.397940009,DN14 9JG,D,N,0,No,4,2
9D7DABEB-382B-4CD5-B33E-D43E50BFA4AA,18/02/2015,2015,249995,5.397931323,DN14 7XF,D,Y,0,No,4,2
9DBAD221-C778-6EB3-E053-6B04A8C0F257,20/12/2019,2019,142000,5.152288344,DN15 9EF,D,N,0,No,4,3
9DBAD221-C781-6EB3-E053-6B04A8C0F257,28/11/2019,2019,205000,5.311753861,DN14 7LL,D,N,0,No,4,3
9DBAD221-C793-6EB3-E053-6B04A8C0F257,17/12/2019,2019,262500,5.419129308,DN14 7LW,D,N,0,No,4,3
9DBAD221-C896-6EB3-E053-6B04A8C0F257,16/12/2019,2019,235000,5.371067862,DN17 3NB,D,N,0,No,4,3
9DBAD221-C93D-6EB3-E053-6B04A8C0F257,18/12/2019,2019,243000,5.385606274,DN9 1LS,D,N,0,No,4,3
9DBAD222-1922-6EB3-E053-6B04A8C0F257,21/06/2019,2019,269995,5.431355722,DN14 9FP,D,Y,0,No,4,3
9DBAD222-19E7-6EB3-E053-6B04A8C0F257,03/09/2019,2019,167000,5.222716471,DN14 0RP,D,N,0,No,4,3
9DBAD222-1A5C-6EB3-E053-6B04A8C0F257,12/12/2019,2019,304500,5.483587297,DN14 9QS,D,N,0,No,4,3
9DBAD222-4269-6EB3-E053-6B04A8C0F257,20/12/2019,2019,325000,5.511883361,DN8 5BG,D,N,0,No,3,3
9DBAD222-4435-6EB3-E053-6B04A8C0F257,04/12/2019,2019,120000,5.079181246,DN7 4EY,D,N,0,No,4,3
9DBAD222-466F-6EB3-E053-6B04A8C0F257,19/12/2019,2019,310000,5.491361694,DN7 6BU,D,N,0,No,4,3
9DBAD222-48BE-6EB3-E053-6B04A8C0F257,22/11/2019,2019,254950,5.406455016,DN7 6EB,D,Y,0,No,4,3
9DBAD222-832C-6EB3-E053-6B04A8C0F257,06/12/2019,2019,260000,5.414973348,DN14 8TN,D,N,0,No,3,3
9DBAD222-835D-6EB3-E053-6B04A8C0F257,18/12/2019,2019,237000,5.374748346,HU15 2YE,D,N,0,No,4,3
9DBAD222-8397-6EB3-E053-6B04A8C0F257,18/12/2019,2019,500000,5.698970004,DN14 7GJ,D,N,0,No,3,3
9DBAD222-83D3-6EB3-E053-6B04A8C0F257,05/04/2019,2019,230000,5.361727836,DN14 9HY,D,N,0,No,4,3
9DBAD222-83F1-6EB3-E053-6B04A8C0F257,12/12/2019,2019,261246,5.41704965,DN14 9BP,D,Y,0,No,3,3
9DBAD222-8412-6EB3-E053-6B04A8C0F257,16/12/2019,2019,399995,5.602054563,DN14 7ZJ,D,Y,0,No,4,3
9DBAD222-8427-6EB3-E053-6B04A8C0F257,25/10/2019,2019,389995,5.591059039,DN14 7ZL,D,Y,0,No,4,3
9DBAD222-8445-6EB3-E053-6B04A8C0F257,26/11/2019,2019,1425000,6.153814864,YO8 6DH,D,N,0,No,4,3
9E3D4EA1-D829-476F-9CA7-A589B4B1D82C,21/06/2013,2013,131300,5.118264726,DN14 7QR,D,N,0,No,4,1
9EBCC587-66F8-42E6-BC69-0C15CA1A0692,15/11/2013,2013,230000,5.361727836,DN14 7HW,D,N,0,No,4,1
9EEA6057-5983-4333-977E-2D4D67438E97,10/12/2013,2013,164000,5.214843848,DN14 7GA,D,N,0,No,4,1
9EF5FC6E-A800-417E-AB71-BF62B9F0D6DC,21/12/2011,2011,320000,5.505149978,DN14 7HJ,D,N,0,No,4,1
9F0FD542-A9DC-4332-9C9A-F8B1540F0785,15/03/2013,2013,260000,5.414973348,DN7 6SA,D,N,0,No,4,1
9F20D3DA-4A3B-47E5-A64C-13D31234DEAD,03/07/2015,2015,185000,5.267171728,DN14 9JD,D,N,0,No,4,2
9FF0D96A-0C43-11ED-E053-6C04A8C06383,30/09/2019,2019,312500,5.494850022,YO8 8HD,D,N,0,No,4,3
9FF0D96A-0D96-11ED-E053-6C04A8C06383,01/11/2019,2019,425000,5.62838893,YO8 6QG,D,N,0,No,4,3
9FF0D96A-3353-11ED-E053-6C04A8C06383,26/04/2019,2019,153847,5.187089032,DN7 6NN,D,N,0,No,4,3
9FF0D96A-335F-11ED-E053-6C04A8C06383,25/06/2019,2019,310000,5.491361694,DN14 9BE,D,N,0,No,4,3
9FF0D96A-339B-11ED-E053-6C04A8C06383,20/12/2019,2019,169995,5.230436148,DN8 4FE,D,Y,0,No,3,3
9FF0D96A-3410-11ED-E053-6C04A8C06383,20/09/2019,2019,550000,5.740362689,DN14 9BN,D,N,0,No,4,3
9FF0D96A-6355-11ED-E053-6C04A8C06383,17/04/2019,2019,212000,5.326335861,DN14 9BP,D,N,0,No,3,3
9FF0D96A-6368-11ED-E053-6C04A8C06383,06/06/2019,2019,150000,5.176091259,DN14 7YW,D,N,0,No,4,3
9FF0D96A-63A4-11ED-E053-6C04A8C06383,13/12/2019,2019,259995,5.414964996,DN14 9BP,D,Y,0,No,3,3
9FF0D96A-63B7-11ED-E053-6C04A8C06383,19/12/2019,2019,319995,5.505143192,DN14 9FJ,D,Y,0,No,3,3
9FF0D96A-63C3-11ED-E053-6C04A8C06383,29/11/2019,2019,299995,5.477114016,DN14 9FJ,D,Y,0,No,3,3
9FF0D96A-63D6-11ED-E053-6C04A8C06383,13/12/2019,2019,314995,5.49830366,DN14 9BP,D,Y,0,No,3,3
A0243A22-9A32-4A43-ABC4-2C9A118BD91F,05/06/2013,2013,140000,5.146128036,DN14 9PT,D,N,0,No,4,1
A05ED2D3-52EB-49DC-BA22-3D1650EAF2AD,15/07/2011,2011,230000,5.361727836,DN7 5JY,D,N,0,No,4,1
A1C8422F-08A7-403F-9E07-88A5107A88CC,21/10/2011,2011,128000,5.10720997,DN15 9JU,D,N,0,No,4,1
A20F3639-98D9-47A0-AAF0-884FD7330F34,17/10/2014,2014,240000,5.380211242,YO8 6NH,D,N,0,No,4,2
A2479555-9FD1-74C7-E053-6B04A8C0887D,21/11/2019,2019,265000,5.423245874,DN8 5FA,D,Y,0,No,3,3
A2479555-C128-74C7-E053-6B04A8C0887D,15/11/2018,2018,120000,5.079181246,YO8 6DH,D,N,0,No,4,3
A248CA4C-3052-4B6F-BC01-E8E159E594E9,05/12/2013,2013,169950,5.230321169,DN8 5GE,D,N,0,No,3,1
A2604F8B-476B-4B12-911C-64893BC422A5,18/01/2013,2013,207000,5.315970345,DN14 7DY,D,N,0,No,3,1
A2730249-F32A-4E47-889D-19289FF40E08,16/09/2014,2014,150000,5.176091259,YO8 6UD,D,N,0,No,4,2
A2D8C2DB-BDC8-4F3A-AB6C-8139C270A999,10/04/2015,2015,180000,5.255272505,DN14 7BB,D,N,0,No,4,2
A2EA4352-5021-4FE5-A48A-B235685DF441,04/05/2012,2012,340000,5.531478917,DN14 0AR,D,N,0,No,4,1
A2EE024C-C3ED-4E62-B3CC-C72E901BF4BE,15/02/2013,2013,115000,5.06069784,DN15 8DZ,D,N,0,No,4,1
A32D4F04-1D40-470D-87C9-FF718A8458E4,21/07/2015,2015,169000,5.227886705,DN15 8DR,D,N,0,No,4,2
A4E2B3F3-2AB6-41E0-AB30-B3B73ED27358,04/04/2013,2013,150000,5.176091259,DN15 9JG,D,N,0,No,4,1
A5332764-8164-4E2E-84BA-C670BBCE5452,19/10/2011,2011,280000,5.447158031,DN7 6SF,D,N,0,No,4,1
A56C0577-FC94-40F7-93CB-0E4B40B33552,31/05/2011,2011,455000,5.658011397,DN9 1QP,D,N,0,No,4,1
A67390CA-25BA-4F63-8284-1736F5C93EED,15/04/2014,2014,100000,5,DN8 5RS,D,N,0,No,3,2
A69B30CD-BEB0-48FA-B2FD-7F8368C4D492,25/10/2012,2012,137500,5.138302698,DN14 9HJ,D,N,0,No,4,1
A6DFCCDF-8148-46E5-A069-E3A6703B79BB,28/02/2011,2011,385000,5.58546073,DN14 9LP,D,N,0,No,4,1
A6E350C0-F820-47B5-A262-BF308C51F772,13/06/2012,2012,165000,5.217483944,DN14 9EG,D,N,0,No,3,1
A7763427-9862-466E-B711-0A98FDD261F9,03/09/2015,2015,190000,5.278753601,DN7 6QN,D,N,0,No,4,2
A7D722E6-1161-4F23-AA84-8F5873979C26,19/08/2011,2011,210000,5.322219295,DN14 9TL,D,N,0,No,4,1
A8117F51-1C99-405B-9BB1-2CAF2B468198,28/11/2014,2014,189000,5.276461804,DN14 9QP,D,N,0,No,4,2
A81CEFF9-018E-493F-A942-F748B758D89E,20/01/2011,2011,244000,5.387389826,DN7 6BY,D,N,0,No,4,1
A8228793-56D9-43BF-8DB8-3EFE05679EA1,05/04/2012,2012,230000,5.361727836,DN14 7QS,D,N,0,No,4,1
A84BCD6C-2D68-48D0-A413-A9AD04F602DA,28/10/2014,2014,235000,5.371067862,DN14 7BW,D,N,0,No,4,2
A8F66642-9E4A-4C17-A94B-1B131B4EFC12,29/11/2012,2012,230000,5.361727836,DN14 7DY,D,N,0,No,3,1
A9020E0C-A647-4DEB-8890-32B506E71960,08/08/2014,2014,150000,5.176091259,DN14 5LS,D,N,0,No,3,2
A949536F-25FD-4266-BD06-0242FFDA020D,10/04/2013,2013,75000,4.875061263,DN8 5JX,D,N,0,No,3,1
A96E4ACC-C62B-9205-E053-6C04A8C0DA09,19/12/2019,2019,279995,5.447150276,DN14 7ZJ,D,Y,0,No,4,3
A96E4ACC-C62C-9205-E053-6C04A8C0DA09,05/12/2019,2019,302995,5.481435462,DN14 7ZL,D,Y,0,No,4,3
A97B14D4-8443-4423-A7D8-C03830BE590B,18/11/2011,2011,90000,4.954242509,DN17 4ER,D,N,0,No,3,1
A9AFAE1B-DBCC-4A09-8B3B-F61DF9FAC909,04/08/2014,2014,165000,5.217483944,YO8 8HH,D,N,0,No,4,2
A9DF9588-FB62-4E50-AB34-D96051287FE7,22/07/2011,2011,223000,5.348304863,DN14 9TB,D,N,0,No,4,1
AA5296A1-4561-4660-A02E-F410CB6065EE,22/06/2012,2012,218000,5.338456494,DN14 9TB,D,N,0,No,4,1
AAA41B1B-E24B-4079-99C1-8713044D6197,15/08/2011,2011,177500,5.249198357,DN14 8TP,D,N,0,No,3,1
AAB5B988-D2BD-4954-BA93-655B6D4B2273,01/05/2015,2015,232000,5.365487985,DN15 9DE,D,N,0,No,4,2
AACC098E-3165-4116-968C-AD8F827655F4,12/08/2011,2011,150000,5.176091259,DN14 7GH,D,N,0,No,3,1
AACFC6D1-2BFF-492A-AC4F-4DD06267970D,21/04/2011,2011,125000,5.096910013,DN15 8DZ,D,N,0,No,4,1
AB14F700-1F10-467F-9E26-26B4F5B40BAD,26/08/2015,2015,210000,5.322219295,YO8 8HU,D,N,0,No,4,2
AB49635A-E0C1-4A2F-A798-B28C3270D241,16/11/2012,2012,190000,5.278753601,DN14 7LJ,D,N,0,No,4,1
AB5CD85D-08C9-4973-82A7-3825E697884A,12/12/2013,2013,148000,5.170261715,DN7 4QG,D,N,0,No,4,1
AB792EEA-1B8D-4699-9A5E-5473068A6337,05/12/2014,2014,240000,5.380211242,DN7 6EQ,D,N,0,No,4,2
ABBBD41D-307F-478D-8650-CEC18B750001,13/12/2012,2012,168000,5.225309282,DN9 1LS,D,N,0,No,4,1
AC07BBD0-7932-0445-E053-6C04A8C01E31,25/09/2019,2019,243000,5.385606274,DN7 6RS,D,N,0,No,4,3
ACFCF143-2E4A-4871-99D5-F7684D723986,01/09/2015,2015,145000,5.161368002,DN14 7QD,D,N,0,No,4,2
AD51EBB9-F2AC-49B0-AF0A-5AD559D36D26,13/10/2014,2014,249950,5.397853141,DN14 8NZ,D,N,0,No,3,2
AD7589F0-0D1B-4CA2-ABD3-490092169F7A,26/07/2013,2013,290000,5.462397998,DN14 9QT,D,N,0,No,4,1
AD79C3D2-A06F-406F-AD9D-FF1A24F5BED1,29/07/2011,2011,210000,5.322219295,DN14 0AU,D,N,0,No,4,1
ADBB4451-11E0-4049-A696-9B2D217E1B3F,05/03/2015,2015,63000,4.799340549,DN17 3EY,D,N,0,No,4,2
ADF141B5-3980-4255-B14D-396F672442A9,12/08/2011,2011,249450,5.396983508,HU15 2XN,D,N,0,No,4,1
AE2524D7-8C12-4D0F-9A47-C1A2CA5B09C0,07/02/2014,2014,152000,5.181843588,DN14 9LJ,D,N,0,No,4,2
AEC4E412-170F-4106-88EE-57121D10704F,15/03/2013,2013,127000,5.103803721,DN14 5LS,D,N,0,No,3,1
B02D49E3-661D-4F8F-B506-6BBB8958F642,18/07/2011,2011,200000,5.301029996,DN14 9EL,D,N,0,No,3,1
B04FFC80-7278-4AF1-9F3E-B6DA1B841BB5,10/12/2014,2014,95000,4.977723605,DN15 9YF,D,N,0,No,4,2
B0A9D11B-F5E9-4C1F-E053-6C04A8C0D716,17/12/2019,2019,337995,5.528910276,DN14 7ZJ,D,Y,0,No,4,3
B0A9F374-A364-4138-BB91-180D271CB800,12/06/2015,2015,160000,5.204119983,DN8 5RJ,D,N,0,No,4,2
B1CFBBF0-2640-4A62-B158-5CC9B9B74A53,29/07/2013,2013,225000,5.352182518,DN15 8EJ,D,N,0,No,4,1
B20D5BA1-41E5-43C6-BF73-FB1D81689CE6,31/07/2014,2014,197000,5.294466226,YO8 8ES,D,N,0,No,4,2
B2385937-A284-489C-9051-013D2BBB4856,19/08/2013,2013,185000,5.267171728,DN8 5BZ,D,N,0,No,3,1
B2424948-709B-4031-9907-0B9C8DBB12DF,18/01/2013,2013,222500,5.347330015,YO8 8EY,D,N,0,No,4,1
B26784CE-D83C-4E22-A2ED-9FA68946C37E,10/10/2014,2014,55000,4.740362689,DN7 5DU,D,N,0,No,4,2
B2ACCA5E-1DE4-41B7-A55B-11A0B2C04F2F,24/01/2014,2014,150000,5.176091259,DN7 5SB,D,N,0,No,4,2
B2C37190-65D9-4752-BE37-31233684F21F,21/03/2014,2014,153000,5.184691431,DN7 4DS,D,N,0,No,4,2
B2E2545F-7095-42BD-BD8C-65812EB30275,09/05/2013,2013,339000,5.530199698,DN14 7HY,D,N,0,No,4,1
B34403A6-566C-4C62-B7FF-6E0CDA7BB6BA,03/05/2013,2013,125000,5.096910013,DN14 0RU,D,N,0,No,4,1
B397E3D3-ECB2-4275-89F6-436F3A37F1DE,28/03/2014,2014,210000,5.322219295,DN14 7QS,D,N,0,No,4,2
B39D1BF7-73CB-4BA2-8F14-F5E31008E78A,02/11/2012,2012,118000,5.071882007,DN14 9HB,D,N,0,No,4,1
B3C2AD4E-9CB9-45D7-949F-C6378FB0816E,01/08/2014,2014,240000,5.380211242,DN14 9TL,D,N,0,No,4,2
B46EE6F8-CBC2-4FFB-8FF4-AD04EFE6FB81,16/03/2012,2012,160000,5.204119983,YO8 6UD,D,N,0,No,4,1
B4796FC8-24CF-4854-8A1A-3F24B6BCFDF7,22/08/2011,2011,285000,5.45484486,DN14 9TP,D,N,0,No,4,1
B4A9DD41-BDCC-4277-962B-789CCA5D2079,15/05/2013,2013,210000,5.322219295,DN14 7SG,D,N,0,No,4,1
B4BC0748-2D10-4D26-AFF6-DCD4C3B77859,01/05/2015,2015,145000,5.161368002,DN14 8QR,D,N,0,No,3,2
B4D56DEC-20D6-4155-8E30-518D1BA29998,17/06/2011,2011,110000,5.041392685,DN9 1QG,D,N,0,No,4,1
B5A4C2D4-CADD-44DE-BBD9-2B089D5763C6,29/08/2014,2014,342500,5.534660576,DN14 8NF,D,N,0,No,3,2
B5C32B30-FC24-4777-9AD4-D5CD8CD45A95,20/04/2012,2012,145000,5.161368002,DN7 6HR,D,Y,0,No,4,1
B75AC943-7D27-4EF7-9C48-01C1416BEDFF,04/08/2014,2014,175000,5.243038049,DN8 5RJ,D,N,0,No,4,2
B7A783A5-EE83-477C-B00C-DA4FAC14E776,02/02/2011,2011,150000,5.176091259,DN14 9HZ,D,N,0,No,4,1
B7F9A5A2-7AFF-4A8C-95F5-1D60909FFD58,11/03/2011,2011,125000,5.096910013,YO8 6QU,D,N,0,No,4,1
B84C99FC-A229-4350-9359-8D21467C5C20,26/06/2015,2015,175000,5.243038049,HU15 2GF,D,N,0,No,4,2
B88D7ADD-58B2-410E-912D-B2EBE03AE76E,31/01/2014,2014,172500,5.236789099,DN14 7JW,D,N,0,No,4,2
B8A00E99-D1B3-4882-8650-3330605250CC,04/07/2013,2013,235000,5.371067862,DN14 7YW,D,N,0,No,4,1
B8AB3601-D8B0-436A-B98F-8671F53C8ACB,06/09/2013,2013,181000,5.257678575,DN14 9RA,D,N,0,No,3,1
B8C904D8-B627-4ED6-BE62-541A195081BE,30/01/2015,2015,246000,5.390935107,YO8 8GZ,D,N,0,No,4,2
B9F3E726-69BA-459B-A1AA-AB0B510A09F8,10/03/2014,2014,118000,5.071882007,DN15 8DZ,D,N,0,No,4,2
BA558B33-2220-76EF-E053-6B04A8C0B4B7,02/12/2019,2019,125995,5.100353311,DN7 5PP,D,Y,0,No,4,3
E8C00369-0880-4711-B2F0-F9735669DB44,30/01/2014 00:00,2014,185000,5.267171728,DN9 1LL,D,N,,,4,2
BA5EBADF-6ECD-4208-B55F-96984A57B602,15/03/2013,2013,124950,5.09673626,DN15 9EH,D,N,0,No,4,1
BA68B31B-EF37-461A-9A57-16F5F85D983B,18/11/2011,2011,202500,5.306425028,DN14 7JB,D,N,0,No,4,1
BA6B0E0D-7BA2-4CAF-8464-B4EAA3088512,05/06/2015,2015,250000,5.397940009,DN17 4AD,D,N,0,No,4,2
BA6D292A-CEEB-457A-B369-93E98AB17752,09/11/2012,2012,250000,5.397940009,DN14 0AL,D,N,0,No,4,1
BA95B12C-8F5C-4C49-8458-50BC60AC65EE,31/10/2014,2014,146000,5.164352856,DN17 4LL,D,N,0,No,3,2
BB6071E5-0A2E-46D9-87D5-7689C1105AE7,22/01/2015,2015,93300,4.969881644,YO8 8ES,D,N,0,No,4,2
BBC4817D-36F4-4DAF-8CDB-7193900ADBFE,04/04/2014,2014,135000,5.130333768,DN7 6SA,D,N,0,No,4,2
BC7A1EC6-08BF-4647-9D3D-AA74F5057573,24/01/2012,2012,278000,5.444044796,DN14 8NZ,D,N,0,No,3,1
BCEC32FE-AB0A-41D9-B8CD-72873FCCB108,06/03/2015,2015,183000,5.26245109,DN7 5LS,D,N,0,No,4,2
BD9B03D8-A0DA-4B06-9EB0-4DB2EB74B108,17/04/2015,2015,210000,5.322219295,DN14 9QP,D,N,0,No,4,2
BE1E89B0-526A-4C52-ABBC-C3FEDD0F09D3,14/03/2014,2014,93000,4.968482949,DN8 5EL,D,N,0,No,3,2
BE4C328D-E3EA-4B07-9150-A852D1592DCA,11/04/2014,2014,132500,5.122215878,DN8 5NF,D,N,0,No,3,2
BE638EA3-4955-4A9E-9CC1-2FA695B58DB6,20/02/2014,2014,589950,5.770815205,DN17 4BP,D,N,0,No,4,2
BF060B0A-8766-4006-960B-2A1524496347,23/08/2012,2012,198000,5.29666519,DN14 7QY,D,N,0,No,3,1
BF082CBE-3FE9-4093-AFE3-148FE0FB0ECE,13/09/2013,2013,180000,5.255272505,YO8 8EU,D,N,0,No,4,1
BF884CE1-D336-43BB-B887-EAFE03970417,09/09/2011,2011,395000,5.596597096,DN14 7EU,D,N,0,No,3,1
BF8D00C3-0C63-4024-86CE-2318E64ACD88,18/06/2014,2014,115000,5.06069784,DN7 6BS,D,N,0,No,4,2
BFFC9393-8C34-45D8-A294-444D1A3EE0DD,03/07/2013,2013,210000,5.322219295,YO8 8HS,D,Y,0,No,4,1
C04057B3-FCA4-464F-B3EF-114F5CC079FB,15/03/2012,2012,235000,5.371067862,DN14 7QS,D,N,0,No,4,1
C04CCF70-F4F2-4E2D-B27A-A92F766FFA7F,15/07/2011,2011,280000,5.447158031,DN14 9TB,D,N,0,No,4,1
C0559D82-1AD6-4E8D-9EB6-58B093A95157,16/05/2014,2014,250000,5.397940009,DN14 9HY,D,N,0,No,4,2
C0A17917-EDE3-4885-8BA2-C904ED288445,06/12/2013,2013,216000,5.334453751,DN17 4JW,D,N,0,No,3,1
C0D64F0F-5EF8-434C-BD55-F15F2FA18720,28/11/2011,2011,182500,5.261262869,DN14 7SX,D,N,0,No,3,1
C131215F-618C-4838-A743-1AF777F1C29D,30/04/2014,2014,202000,5.305351369,DN7 4BX,D,N,0,No,4,2
C148EE94-3756-4F0A-AD86-20D465E8B9F1,02/03/2012,2012,230000,5.361727836,DN14 9QP,D,N,0,No,4,1
EB265EA5-92C9-49BF-9819-D30750CA6994,30/03/2012 00:00,2012,215000,5.33243846,DN9 1GX,D,Y,,,4,1
C2051CAD-D64C-4228-8DCC-F2B8A951F0A3,25/11/2013,2013,231000,5.36361198,DN14 9TL,D,N,0,No,4,1
C2289C27-6C73-4DBB-B83F-AF8BF1D0150C,17/03/2014,2014,146000,5.164352856,DN9 1TJ,D,N,0,No,4,2
C23E5B23-8CEF-4B2F-B841-8C4B8A310BF4,30/03/2015,2015,362500,5.559308011,DN15 9JN,D,N,0,No,4,2
C2914014-06AF-441D-BC99-023177D3829E,02/12/2011,2011,169000,5.227886705,DN14 9RQ,D,N,0,No,4,1
C2B1EAF2-E1C8-4CB8-8552-0D83C5838C21,04/07/2013,2013,132000,5.120573931,DN14 9HY,D,N,0,No,4,1
C31AA975-0F91-4701-9173-3F2323E8EDC0,12/07/2013,2013,175000,5.243038049,DN14 8TN,D,N,0,No,3,1
EC3B447A-F99D-430F-AF69-59FCBA60121D,16/12/2011 00:00,2011,231995,5.365478625,DN9 1GX,D,Y,,,4,1
C31BF38D-A927-4687-8EE8-27ECD408591A,27/11/2012,2012,155000,5.190331698,DN14 9ND,D,N,0,No,4,1
C394045B-4D5A-483D-97C3-166B821661CB,11/04/2014,2014,249950,5.397853141,DN14 9RJ,D,N,0,No,4,2
C45398DE-62EF-4B72-8478-05DD957E98A9,18/01/2013,2013,162000,5.209515015,YO8 6PW,D,N,0,No,4,1
C458F060-194F-40C4-BDCE-917F78BFB10D,28/11/2014,2014,425000,5.62838893,DN17 4EU,D,N,0,No,3,2
C4C9D558-F493-4021-AC69-961E0C6A7AAB,13/12/2013,2013,350000,5.544068044,DN14 7JN,D,N,0,No,4,1
C57B0DFA-57BE-4C11-A0C4-ED0EF9A83127,19/10/2012,2012,285000,5.45484486,DN14 7ER,D,N,0,No,3,1
C59113B8-01CB-42C5-95C7-E96C10B757B5,14/02/2014,2014,122000,5.086359831,DN9 1TF,D,N,0,No,4,2
C618D47A-8B5B-44F8-8C16-2843006CED71,21/12/2011,2011,235000,5.371067862,DN7 6QN,D,Y,0,No,4,1
C61DD759-8BFE-44CB-9C42-F01FD24FF50C,23/08/2011,2011,175000,5.243038049,DN15 9EB,D,N,0,No,4,1
C63B8876-035F-43C0-9C36-0FE799E89B1A,05/09/2012,2012,212000,5.326335861,DN14 9QP,D,N,0,No,4,1
C6706777-53CD-4486-85CC-FD1E4EE0B81F,05/04/2012,2012,212000,5.326335861,YO8 6QF,D,N,0,No,4,1
C6AF5186-A36D-4CAC-BF3D-E76D413BD1FA,11/06/2015,2015,200000,5.301029996,DN14 9NZ,D,N,0,No,4,2
C6BD4F99-ECD3-4A4D-860A-7A39369D0929,17/12/2012,2012,124950,5.09673626,DN15 9EQ,D,N,0,No,4,1
C6DB73F4-C79A-48E1-B679-1CC0190B20FC,25/11/2011,2011,155000,5.190331698,DN14 9EF,D,N,0,No,3,1
C727E444-F891-4BE2-88E3-606E3D292960,09/09/2011,2011,70000,4.84509804,DN17 3NB,D,N,0,No,4,1
C757A4A1-D50B-46A5-93A7-F3E820E2324E,19/09/2014,2014,162000,5.209515015,DN14 9QZ,D,N,0,No,4,2
C7A075F7-8B5B-430D-9B34-EB0CE653D838,18/03/2015,2015,208000,5.318063335,DN7 6BP,D,Y,0,No,4,2
C7BAC2ED-4840-47BF-8130-80C6FFEB89C6,06/11/2014,2014,230000,5.361727836,DN7 6HR,D,N,0,No,4,2
C808A436-5C60-4FD1-B593-A72EB03D0DDC,10/12/2012,2012,180500,5.256477206,DN14 7GA,D,N,0,No,4,1
C81D99A5-914E-4AEE-8198-3CB90BF89B22,13/04/2015,2015,180000,5.255272505,DN7 4BX,D,N,0,No,4,2
C94D76DB-E803-47AD-A9E1-45AC8A7CFD16,04/11/2014,2014,157500,5.197280558,DN14 9QB,D,N,0,No,4,2
C99CD447-1E0A-4486-90AD-3008CD7A6C0C,28/10/2011,2011,96000,4.982271233,DN17 3LW,D,N,0,No,4,1
C9EFF423-5E4A-4EF0-B025-436195AE896C,26/04/2013,2013,217500,5.337459261,DN14 9QP,D,N,0,No,4,1
CA341503-B09F-414F-A820-E70219140269,24/08/2012,2012,81686,4.91214763,DN17 3LW,D,N,0,No,4,1
CB03C2BD-8431-44BF-9AE8-7DEC8BB3BDFB,25/04/2014,2014,193500,5.286680969,YO8 8JW,D,N,0,No,4,2
CB7664BD-E563-43B1-A8C8-6828603CC3F8,29/06/2015,2015,210000,5.322219295,DN14 9SA,D,N,0,No,4,2
CBBEEFB7-4978-43B9-98B9-475E6D719F97,23/08/2013,2013,153000,5.184691431,DN9 1TJ,D,N,0,No,4,1
CC06C0B1-4468-46B8-90BE-BD0326F81892,22/05/2015,2015,173000,5.238046103,DN17 4NY,D,N,0,No,3,2
CC4F81BC-934C-473B-874B-EA529134F011,13/06/2012,2012,125000,5.096910013,DN15 9EH,D,N,0,No,4,1
CCCC4495-2D8E-461B-B8E8-B0801F7C3A5E,08/07/2011,2011,173000,5.238046103,DN14 8TP,D,N,0,No,3,1
CCDFDF6A-FA11-49F4-A1F6-9A82E8A0D8E7,20/07/2012,2012,244010,5.387407625,DN9 1NW,D,N,0,No,4,1
EF0E747F-C7AC-46F5-B46E-7D5AC1BC842E,29/03/2012 00:00,2012,194995,5.290023475,DN9 1GX,D,Y,,,4,1
CCEE3156-1E2D-4F0A-9046-33CC7FE38C8A,26/09/2011,2011,389950,5.591008925,DN14 7GJ,D,N,0,No,3,1
CD0A5EAF-8382-410D-B0DB-30D6837FF810,28/07/2015,2015,150000,5.176091259,DN17 4LL,D,N,0,No,3,2
CD0A8B20-79A8-4F8F-997A-111A87AD4A54,31/07/2013,2013,235000,5.371067862,DN6 0HD,D,N,0,No,4,1
CD3B3516-B090-46CC-B292-6F3E9E77A5EE,22/04/2014,2014,202000,5.305351369,DN14 7GA,D,N,0,No,4,2
CD4A20E3-209E-41E8-AECC-D6DD5CDBE195,16/06/2014,2014,190000,5.278753601,DN14 9PB,D,N,0,No,4,2
CD5A9DCC-9715-310A-E053-6C04A8C00A1F,28/11/2019,2019,295000,5.469822016,DN14 8TP,D,N,0,No,3,3
CDC9D8B0-8BD6-4FE2-8148-C266D85DE78B,24/04/2012,2012,249995,5.397931323,DN7 5SU,D,N,0,No,4,1
CEB48E0E-0757-4B78-B6B4-9831DE365B0D,11/09/2015,2015,260000,5.414973348,DN7 5LN,D,N,0,No,4,2
CEC6796B-7ED9-48FD-A003-6DCFED8ADDC5,30/11/2012,2012,153000,5.184691431,DN14 9RB,D,N,0,No,4,1
CEE3535E-11CC-4032-8BD2-57A4A25564B3,05/12/2014,2014,188000,5.274157849,DN14 7HR,D,N,0,No,4,2
CF27C31F-96F0-422B-8381-851234A29E1D,24/05/2013,2013,375000,5.574031268,DN14 9FG,D,N,0,No,3,1
CF3F3AD5-28F1-441A-B0AA-9EB1C9242E08,15/06/2011,2011,250000,5.397940009,DN14 9NX,D,N,0,No,4,1
CFA4815A-D7B2-467E-A081-57CF8E04FEF4,21/09/2012,2012,318000,5.50242712,DN14 7LT,D,N,0,No,4,1
CFE5913E-D209-47C1-844E-5C0BE5841C5A,16/12/2014,2014,250000,5.397940009,DN14 9RJ,D,N,0,No,4,2
D0127440-7B07-4670-9DCA-04BEE516AB51,14/06/2013,2013,350000,5.544068044,DN15 9DF,D,N,0,No,4,1
D04E9296-DB46-480F-BCC3-49633676229A,03/12/2014,2014,160000,5.204119983,DN14 9RT,D,N,0,No,4,2
D17607F1-6CFA-43B6-A0AF-D9773F33E905,14/11/2013,2013,235000,5.371067862,DN14 9TL,D,N,0,No,4,1
D21C7872-9C86-4B9F-9D01-1E2B32B6BB2F,12/07/2013,2013,155000,5.190331698,DN14 9PH,D,N,0,No,4,1
D2B337B9-29A1-4C92-A5A1-B662E3E62018,25/01/2012,2012,180000,5.255272505,HU15 2SU,D,N,0,No,4,1
D32EC2FE-3F6F-45A4-91ED-621184C3DE33,12/07/2013,2013,285000,5.45484486,DN14 7DJ,D,N,0,No,3,1
D3E1CC31-2704-4A0C-88BB-FA0DB171C255,18/02/2011,2011,121000,5.08278537,HU15 2YF,D,N,0,No,4,1
D4486F98-8CD9-48C9-8C6D-8FB2CA29BE6A,31/03/2014,2014,195000,5.290034611,DN14 9TL,D,N,0,No,4,2
D45308A5-6938-45BD-A85B-62E91DDCBFD5,28/06/2013,2013,175000,5.243038049,YO8 6QG,D,N,0,No,4,1
D471DE9F-BFC4-4130-A4BB-984C79114C67,12/01/2015,2015,345000,5.537819095,YO8 8EG,D,Y,0,No,4,2
D5296120-AADE-4162-8D85-85E65E393992,17/06/2011,2011,185000,5.267171728,DN14 7LJ,D,N,0,No,4,1
D5AF83ED-BE53-43FE-827A-A55B61F7AEBD,10/07/2014,2014,170000,5.230448921,DN14 9QH,D,N,0,No,4,2
D5C5DBDC-2F1A-4C01-AA2F-8A5A0EE0B120,29/05/2015,2015,237000,5.374748346,DN15 9JN,D,N,0,No,4,2
D5CCD4D4-247F-4ACA-8D22-5C2B6BBD6C96,22/03/2013,2013,110000,5.041392685,HU15 2SU,D,N,0,No,4,1
D6260F54-C140-47B7-B1AB-A393530325EE,03/02/2012,2012,180000,5.255272505,YO8 6NH,D,N,0,No,4,1
D67F6323-6D8F-4745-8A03-6B48B9A88500,14/09/2011,2011,182000,5.260071388,DN14 9RA,D,N,0,No,3,1
D6AEA6E4-4A97-4762-BB05-A4702FED8FD9,05/07/2012,2012,193000,5.285557309,DN14 7LW,D,N,0,No,4,1
D6FCCE4E-7D89-4C3D-BBAD-1CDE931ACC62,19/12/2014,2014,540000,5.73239376,DN7 6SA,D,N,0,No,4,2
D71023BC-94EF-4737-B4DE-5C6B8CA52395,08/05/2015,2015,145000,5.161368002,DN9 1QG,D,N,0,No,4,2
D727374A-EB2F-410A-AA36-80F6E1500EE3,06/05/2011,2011,148000,5.170261715,HU15 2SU,D,N,0,No,4,1
D73357F4-AFF4-480B-A322-23F4844B3C5D,04/09/2015,2015,245000,5.389166084,DN14 9EB,D,N,0,No,3,2
D736D8A8-638A-4A4A-A6BA-576BD6AB0D10,10/12/2014,2014,212500,5.327358934,DN14 7JB,D,N,0,No,4,2
D73D576B-CB34-45D2-804C-201F7ACE5E9A,26/06/2015,2015,147500,5.16879202,HU15 2YE,D,N,0,No,4,2
D7F8351D-72AD-41C8-8318-8F3BD15D8ED5,19/08/2014,2014,175000,5.243038049,YO8 8HW,D,N,0,No,4,2
D93779C2-321B-4CE2-8846-F228C70EA5C1,31/01/2014,2014,212500,5.327358934,DN14 9SB,D,N,0,No,4,2
D96AF494-ACD2-49BA-9026-F11DFC5C7D68,08/09/2014,2014,50000,4.698970004,DN7 5TD,D,N,0,No,4,2
DA0F66A8-6628-449B-A6B3-496A3E2B177C,17/01/2011,2011,88000,4.944482672,DN8 5RF,D,N,0,No,3,1
DA53F137-F056-4713-92E8-BB4C1B55F6A8,06/11/2014,2014,315000,5.498310554,DN8 5SZ,D,N,0,No,4,2
DA5ABFD6-4806-4007-A5D1-64DD243FF108,23/10/2012,2012,83500,4.921686475,DN8 5RF,D,N,0,No,3,1
DA70CA13-E84F-44C7-86DC-4090CC3D4CCA,12/07/2012,2012,148000,5.170261715,HU15 2SU,D,N,0,No,4,1
DAF09E8A-6661-4A43-877B-17505CA2B989,07/02/2013,2013,306000,5.485721426,DN14 7GW,D,Y,0,No,3,1
DC07C551-9861-4107-8E75-2C7378692231,06/05/2011,2011,250000,5.397940009,DN14 8LJ,D,N,0,No,3,1
DCE99CC5-9AAE-45DB-BD50-25AEA18FDC6A,23/06/2014,2014,165000,5.217483944,DN14 9RA,D,N,0,No,3,2
DD1136E4-7A18-45F5-B519-E557D3C986AC,25/11/2011,2011,360000,5.556302501,DN7 6SD,D,N,0,No,4,1
DD1D3F44-0CCB-4B72-9DAB-B8F4847CC86E,20/12/2012,2012,115000,5.06069784,DN7 6JP,D,N,0,No,4,1
DDB23E09-E763-4161-96EB-62D05C16005F,16/07/2012,2012,100000,5,DN14 7HR,D,N,0,No,4,1
DE2D0CE0-3913-51EE-E053-6C04A8C00671,25/07/2019,2019,220000,5.342422681,DN7 6PW,D,N,0,No,4,3
DEEDDB55-61DD-420A-A1D6-164A42B620C6,06/07/2015,2015,360000,5.556302501,DN14 7JN,D,N,0,No,4,2
DF321A54-2D49-45E0-9FF3-64F24131CC42,28/01/2011,2011,145000,5.161368002,DN7 6QB,D,N,0,No,4,1
DF448ABA-3F4D-4A46-919E-AF536222DD51,13/12/2012,2012,230000,5.361727836,DN14 7QS,D,N,0,No,4,1
DF62C848-3624-4131-80F8-69D3794E353D,31/05/2012,2012,210000,5.322219295,YO8 8NJ,D,N,0,No,3,1
DF7D740A-C73F-4008-899A-EAC14DB68FE7,29/07/2015,2015,290000,5.462397998,DN14 0AR,D,N,0,No,4,2
E000C42C-CA09-49C5-BA78-FA2BCB8FB9AF,17/10/2013,2013,132000,5.120573931,YO8 6UE,D,N,0,No,4,1
E01C3C79-930E-4473-96FA-B01FB7300BD3,15/05/2014,2014,190000,5.278753601,DN9 1PE,D,N,0,No,4,2
E0765D83-F880-4791-95EC-F139A4E09FC5,11/09/2013,2013,143000,5.155336037,DN17 4JW,D,N,0,No,3,1
E10D0042-3EBB-49A1-ACF8-5DCE9ABA32C9,11/04/2014,2014,190000,5.278753601,DN14 5LJ,D,N,0,No,3,2
E13AE6DF-7275-4B69-BD0B-B3B3730757A4,08/08/2014,2014,237500,5.375663614,DN14 7DG,D,N,0,No,3,2
E17DA918-D770-4381-B2B0-EE7C276993AC,02/04/2013,2013,187000,5.271841607,DN7 4BP,D,N,0,No,4,1
E1F5D19D-AB27-4F6E-83E5-7F252C20D047,14/11/2014,2014,170000,5.230448921,DN14 7LL,D,N,0,No,4,2
E1F68C0E-FF9D-45DF-B056-C4ADFDA92218,10/04/2014,2014,95000,4.977723605,DN15 9ET,D,N,0,No,4,2
E24B17CB-0E6A-400B-ADF5-322F831789E8,12/12/2013,2013,210000,5.322219295,YO8 8JR,D,N,0,No,4,1
E282EF80-79A6-4546-B1BF-AB908F61FDDF,18/11/2011,2011,197500,5.2955671,DN14 8TP,D,N,0,No,3,1
E2C4E0AD-EFAA-44E3-BDFD-031CF45E7405,13/04/2012,2012,188500,5.275311355,YO8 8EW,D,N,0,No,4,1
E2DBF451-5D21-401B-BA48-1DAF79EDF4C3,14/02/2014,2014,150500,5.1775365,DN14 7EU,D,N,0,No,3,2
E32EB505-F8EA-418C-8DF2-FF7BF67AE2DD,03/02/2014,2014,200000,5.301029996,DN14 8TN,D,N,0,No,3,2
E3644545-4105-4461-9680-B46D35662A48,01/08/2012,2012,227000,5.356025857,YO8 6ST,D,N,0,No,4,1
E4AA7610-4841-4ADF-9AE3-70E84FDD8C1B,01/05/2015,2015,245000,5.389166084,DN14 0AR,D,N,0,No,4,2
E4B3791F-AB06-428C-A45B-DC135475BCC0,04/03/2011,2011,245000,5.389166084,YO8 6RA,D,N,0,No,4,1
E512C1A2-2857-427C-A659-D5848FAD9B26,14/01/2011,2011,120000,5.079181246,YO8 6UD,D,N,0,No,4,1
E521D958-D16F-4847-B87D-4CDED863B958,11/07/2014,2014,173000,5.238046103,YO8 6QG,D,N,0,No,4,2
E5708D05-842D-463B-948E-C5FCD720548C,26/06/2015,2015,195000,5.290034611,DN14 9RA,D,N,0,No,3,2
E58C7558-83F4-4878-988E-D2FD83E97F5D,07/03/2014,2014,150000,5.176091259,DN8 5EA,D,N,0,No,3,2
E592BE80-A3F7-481F-A668-86EA92E34D11,06/06/2014,2014,172000,5.235528447,DN15 9JA,D,N,0,No,4,2
E594831D-EE13-40A7-AA31-8DF99E7B5BAD,26/11/2013,2013,180000,5.255272505,YO8 8JW,D,N,0,No,4,1
E59653A8-A2B6-4C73-9E61-8D0F78F02EBB,01/09/2015,2015,222500,5.347330015,DN14 8TN,D,N,0,No,3,2
E5CAC21B-1D82-49D8-9044-DEBE47407355,24/06/2014,2014,330000,5.51851394,DN9 1QG,D,Y,0,No,4,2
E6572DD9-69C3-451F-91CF-07B7CBE1D11C,03/11/2011,2011,122500,5.088136089,DN8 4SA,D,N,0,No,3,1
E6E22775-7D21-4258-ADFC-85A7699A951D,03/09/2012,2012,215000,5.33243846,YO8 6NH,D,N,0,No,4,1
E7F917CA-5779-4497-82F7-F493E5F236FD,06/06/2014,2014,180000,5.255272505,DN14 9JW,D,N,0,No,4,2
E824D253-3E04-40B1-B713-F52287AE814E,07/07/2015,2015,170000,5.230448921,DN17 4LL,D,N,0,No,3,2
E8A8FA4F-E73C-44BD-8B9D-13F9ECCD0966,03/08/2012,2012,285000,5.45484486,DN7 6QJ,D,N,0,No,4,1
E8C437A9-36E5-4FD7-BBE9-1780BB50D278,12/09/2014,2014,249950,5.397853141,DN14 8NZ,D,N,0,No,3,2
E93721C7-F615-4F27-9C1A-A4D861458BC8,07/09/2015,2015,292000,5.465382851,DN15 9ED,D,N,0,No,4,2
E9C23B26-A487-445B-92D1-60A51E74D3F2,29/11/2013,2013,433400,5.636888907,YO8 6DH,D,N,0,No,4,1
E9DB55F7-8722-4B00-8C1A-35E9FF1520E2,30/06/2011,2011,157500,5.197280558,DN14 0DR,D,N,0,No,4,1
EA240474-A599-4470-B1D4-1FDE27CA1E26,20/06/2012,2012,450000,5.653212514,DN7 5SL,D,N,0,No,4,1
EA2FD681-F7A0-41E2-8685-29ABA1A1FA3C,18/02/2011,2011,248000,5.394451681,DN15 9JT,D,N,0,No,4,1
EAA7E2E7-3741-4F2C-B4E5-BA5C1313EBB9,31/08/2012,2012,136000,5.133538908,DN7 6QJ,D,N,0,No,4,1
EB524349-A469-4367-A15F-1D3F83E3618B,01/08/2013,2013,220000,5.342422681,YO8 8NJ,D,N,0,No,3,1
EB98A72B-D30A-4B3B-99CB-C7EE755A14BC,08/12/2014,2014,228500,5.358886204,DN9 1QG,D,N,0,No,4,2
EB9E6481-CB58-49E8-B28C-348279BEAD6E,04/09/2014,2014,75000,4.875061263,DN14 8NW,D,N,0,No,2,2
F87E1778-0F30-457E-A634-88D4C801BCED,18/02/2011 00:00,2011,205000,5.311753861,DN9 1JN,D,N,,,4,1
EC5A5DB5-DCC8-4779-971E-EA43A974EF12,20/06/2014,2014,155000,5.190331698,DN14 9TB,D,N,0,No,4,2
EC7AD09A-1289-9200-E053-6C04A8C0E306,04/09/2019,2019,345000,5.537819095,DN14 0QZ,D,N,0,No,4,3
ECAE6ACE-EC07-4DA9-A2B4-DE597BD38F7B,29/02/2012,2012,135000,5.130333768,DN15 8TP,D,N,0,No,4,1
ED5095B9-F546-4C10-B76B-BD1DD6012525,18/08/2015,2015,324000,5.51054501,DN14 9EF,D,N,0,No,3,2
ED5A0BCC-B192-4E82-88E4-4696D9DF8AC0,10/04/2014,2014,140000,5.146128036,DN9 1QG,D,N,0,No,4,2
EDA91030-8FB9-4C15-AEEC-9286F49301A5,18/05/2015,2015,350000,5.544068044,DN7 6BS,D,N,0,No,4,2
EDE03622-65CE-4640-A0E7-3B4880B51C4A,18/07/2014,2014,195000,5.290034611,DN14 9TL,D,N,0,No,4,2
EDF6A5D9-03C3-4E64-89F4-563CA05A2D5D,06/12/2013,2013,249000,5.396199347,DN14 8LY,D,N,0,No,3,1
EF6C76E8-2594-4D81-816A-090D71BE17D2,24/03/2011,2011,249995,5.397931323,DN14 9NX,D,N,0,No,4,1
EFE4239D-D8EA-4568-9959-16B87F474F0E,25/08/2011,2011,140000,5.146128036,DN7 6AQ,D,N,0,No,4,1
EFF7458E-D49E-4FEC-B036-5493AE0CC5BF,09/08/2011,2011,149950,5.17594647,DN8 4BX,D,N,0,No,3,1
EFFD8645-F658-4470-8868-5870CE33D439,11/04/2014,2014,310000,5.491361694,DN8 4HY,D,N,0,No,3,2
F02C893D-1C27-420A-B71C-A53CF8E3C06A,12/09/2011,2011,192000,5.283301229,DN14 7GA,D,N,0,No,4,1
F0EAC8CF-B901-40A3-8F57-C94E109A39CF,20/06/2014,2014,150000,5.176091259,DN7 6AH,D,N,0,No,4,2
F12D43BA-9BC2-48A2-956B-463C4ECBEE59,05/09/2014,2014,185000,5.267171728,YO8 8HS,D,Y,0,No,4,2
F14A3251-E096-444B-ADFB-D77A2C69D150,16/06/2014,2014,240000,5.380211242,DN7 6RS,D,N,0,No,4,2
F1B1E870-9F5D-44E7-8932-5C4AE9B5AF59,23/08/2013,2013,380000,5.579783597,YO8 6DH,D,N,0,No,4,1
F1B59479-5673-4644-9ADC-DA6465664B2D,02/02/2011,2011,190000,5.278753601,DN14 8TP,D,N,0,No,3,1
F22B44C0-62FC-430A-AE88-BD10E78DBCAE,08/04/2015,2015,310000,5.491361694,DN15 9AD,D,N,0,No,4,2
F23843C8-955B-4AA9-B52F-A47674F74974,01/08/2014,2014,198500,5.297760511,DN14 7JN,D,N,0,No,4,2
F2E2CD70-9654-41D9-94DA-3CF77D45ADFA,26/06/2012,2012,218000,5.338456494,YO8 8EY,D,N,0,No,4,1
F393EA59-E891-42FA-8ED9-B0C8427E8CCD,12/02/2015,2015,202000,5.305351369,DN14 8TN,D,N,0,No,3,2
F42F2DCE-F574-4C09-A852-A2A0D196407A,23/09/2013,2013,186000,5.269512944,DN14 7SJ,D,N,0,No,4,1
F4C73726-1936-44F4-B883-71656DEBBC73,04/02/2011,2011,140000,5.146128036,HU15 2YF,D,N,0,No,4,1
F52856C7-12DF-49DA-A26B-D91D65C84E7E,15/03/2013,2013,225000,5.352182518,HU15 2XR,D,N,0,No,4,1
F5336AC7-D648-4370-96D5-5EE7BDC1E791,06/03/2015,2015,285000,5.45484486,DN14 7DJ,D,N,0,No,3,2
F57BC82A-EBEA-4C3A-98BF-D950271A3537,23/09/2013,2013,128000,5.10720997,DN7 5JP,D,N,0,No,4,1
F5BFD5E2-9480-428C-95D0-F0E552C6D98D,28/07/2014,2014,155000,5.190331698,DN14 9PA,D,N,0,No,4,2
F5E8B081-DBDA-3A13-E053-6C04A8C060B7,01/11/2019,2019,250000,5.397940009,DN8 5FA,D,Y,0,No,3,3
F644AFF1-CD11-4408-87A1-B7AAF4CA4CF0,28/07/2014,2014,205000,5.311753861,DN14 8TN,D,N,0,No,3,2
F6B2E8EE-299A-40EE-B569-C611DE48F9B6,27/01/2011,2011,187000,5.271841607,DN9 1QP,D,N,0,No,4,1
F6CDFE1A-DA6E-41C9-8A80-7230BE1A9EBA,20/05/2014,2014,100000,5,DN15 8SW,D,N,0,No,4,2
F71D0AFB-293F-48B2-96F2-5240C551DB3B,05/08/2015,2015,125000,5.096910013,DN14 0RU,D,N,0,No,4,2
FC6C9C4D-824B-4528-8A28-AFC8E0239A5C,31/01/2014 00:00,2014,248750,5.395763089,DN9 1GX,D,N,,,4,2
F71ECD26-E9F0-4725-B46B-867AE8458B03,18/03/2015,2015,203000,5.307496038,DN14 9EF,D,N,0,No,3,2
F75A510A-C1AB-4F88-A453-2F733283FBE3,29/08/2012,2012,218000,5.338456494,DN15 9JG,D,N,0,No,4,1
F765FA12-3E19-4A0F-94B4-C0177C1FCEC9,03/03/2015,2015,155000,5.190331698,DN14 9EF,D,N,0,No,3,2
F78DE06D-A3D4-40E4-887B-40DE89ABBC2A,06/03/2014,2014,136000,5.133538908,DN8 5NF,D,N,0,No,3,2
F7BB1FC4-BDEB-4644-B173-CE997BBA2AB7,13/05/2014,2014,250000,5.397940009,YO8 6DH,D,N,0,No,4,2
F7C01323-6632-4958-B406-F854E5EF4691,29/06/2015,2015,276250,5.441302287,DN7 6DP,D,N,0,No,4,2
F8067D89-42D0-4EC5-BDE8-32F088C8B7A3,26/01/2015,2015,245000,5.389166084,DN7 6QJ,D,N,0,No,4,2
F8513DE3-1655-42FD-BD66-919BCB36F8F5,10/09/2014,2014,110000,5.041392685,DN14 9ND,D,N,0,No,4,2
F8813730-9D54-4FF3-8CE7-31F9CC72EA7C,16/07/2014,2014,78750,4.896250562,DN7 6PA,D,Y,0,No,4,2
F8E61137-26AF-4A2B-B1D4-0ACE32A32C8C,10/02/2012,2012,249500,5.39707055,DN14 7QS,D,N,0,No,4,1
F931B289-C6B8-4347-B7C6-D5B02FE1493D,04/05/2012,2012,215000,5.33243846,DN14 9NP,D,N,0,No,4,1
FE3A5129-F54A-4151-A208-47E2E75A9A1F,08/12/2014 00:00,2014,275000,5.439332694,DN9 1LH,D,N,,,4,2
F93BC113-5F08-4212-9EC6-37AA89AA0378,05/04/2012,2012,96000,4.982271233,DN8 4LE,D,N,0,No,3,1
FA8BC005-47D7-4AE1-85FC-83512C5FFA15,07/06/2012,2012,157000,5.195899652,DN7 4BS,D,N,0,No,4,1
FAC7BB3D-11D7-4383-8AAD-4B3811AFAE56,05/06/2015,2015,232500,5.366422957,DN7 6QJ,D,Y,0,No,4,2
FB21B3D4-CDF7-415D-944A-86E71BB7F614,14/04/2015,2015,230000,5.361727836,DN14 5PJ,D,N,0,No,3,2
FB918839-FC59-4611-8702-ABB64EF7B382,01/10/2012,2012,124950,5.09673626,DN17 4NW,D,N,0,No,3,1
FBDFF6C2-C2B0-4C39-9938-058F4B744435,01/11/2013,2013,425000,5.62838893,DN14 7TP,D,N,0,No,3,1
FC0180FE-112A-49C3-AE01-2C07ED56D9CF,28/11/2014,2014,215000,5.33243846,DN14 9QS,D,N,0,No,4,2
FC65F18B-19E9-448A-9CA2-9133ADA6408D,12/10/2012,2012,76500,4.883661435,DN8 5RE,D,N,0,No,3,1
FCEAEE41-F742-4DC9-BC63-388858BEC340,14/11/2014,2014,176500,5.24674471,DN14 9PB,D,N,0,No,4,2
FD5FE208-0E89-4A93-B8FD-6F78A1E936B7,25/11/2011,2011,359950,5.556242178,DN14 7GW,D,N,0,No,3,1
FE551E8C-C537-46F5-9AAD-9A2F340E6B95,30/06/2014,2014,325000,5.511883361,YO8 8EJ,D,N,0,No,4,2
FEED3EFB-5BF1-4690-BEEC-7F4648CA49A1,26/11/2012,2012,90000,4.954242509,DN8 4SA,D,N,0,No,3,1
FF41610C-2C1A-48F3-B0BB-A0914607C745,28/11/2012,2012,125000,5.096910013,DN14 9ND,D,N,0,No,4,1
FFBE956D-A2DD-428C-92F7-CFFBC5B982D4,01/07/2014,2014,158950,5.201260532,DN14 8LJ,D,N,0,No,3,2
FFF8CFC8-3176-4377-AC4A-6A19D7E132FD,12/03/2015,2015,128000,5.10720997,DN9 1QG,D,N,0,No,4,2
